"Title","Variant Command","Variant SKU","ID","Handle","Command","Body HTML","Vendor","Type","Tags","Tags Command","Created At","Updated At","Status","Published","Published At","Published Scope","Template Suffix","Gift Card","URL","Total Inventory Qty","Row #","Top Row","Variant ID","Variant Cost"
"Moringa Oleifera Capsules Organic","MERGE","BJ-E223-8EKW","10778977304907","moringa-oleifera-capsules-organic","MERGE","Moringa, the so-called “miracle tree,” has been enjoyed for centuries in many parts of the world. Its leaves naturally contain vitamins, minerals, and plant compounds like glucosinolates. Our moringa leaf powder is standardised to 2% glucosinolates providing you with a daily dosage of 1800 mg moringa and 36 mg of glucosinolates.								","Vegavero","","Organic, quantity-discount","REPLACE","2025-07-30 11:07:06 +0200","2026-06-03 03:00:52 +0200","Active","true","2025-07-30 11:07:06 +0200","global","rich-product","false","https://www.vegavero.com/products/moringa-oleifera-capsules-organic","3068","1","true","53059461579083","7.96"
"D-Mannose Powder","MERGE","CW-KVIN-V39Y","10778977665355","d-mannose-powder","MERGE","This fine, free-flowing powder is 99 % pure D-Mannose – a naturally sweet sugar derived from plants. Stir the daily dosage of 2 g into water, juice, or your favorite shake and let it dissolve effortlessly – an easy and tasty step in your daily routine.","Vegavero","","Classic, quantity-discount","REPLACE","2025-07-30 11:07:21 +0200","2026-06-03 03:00:53 +0200","Active","true","2025-07-30 11:07:22 +0200","global","rich-product-light","false","https://www.vegavero.com/products/d-mannose-powder","166","2","true","53059463086411","8.66"
"Reishi Extract Capsules","MERGE","NX-CVPF-VCEZ","10778978124107","reishi-extract-capsules","MERGE","Reishi, the “mushroom of immortality,” has been valued for centuries for its rich natural compounds. 
Our capsules contain 1300 mg extract with polysaccharides and beta-glucans, captured in a fine powder that blends smoothly and is easy to enjoy.","Vegavero","","Classic, quantity-discount","REPLACE","2025-07-30 11:07:29 +0200","2026-06-03 13:06:17 +0200","Active","true","2025-07-30 11:07:29 +0200","global","rich-product","false","https://www.vegavero.com/products/reishi-extract-capsules","121","3","true","53059469148491","9.34"
"Wild Yams + Zinc Capsules","MERGE","CP-DQMG-RVN9","10778977501515","wild-yams-zinc-capsules","MERGE","Wild yam, a root traditionally used for its natural plant compounds, is combined with zinc in convenient vegan capsules. Each daily serving provides 1 000 mg wild yam extract (standardized to 20% diosgenin) and zinc citrate, captured in fine powder that blends easily into your daily routine.","Vegavero","","Classic, quantity-discount","REPLACE","2025-07-30 11:07:14 +0200","2026-06-03 03:00:52 +0200","Active","true","2025-07-30 11:07:14 +0200","global","standard-product-plus","false","https://www.vegavero.com/products/wild-yams-zinc-capsules","1166","4","true","53059462299979","6.57"
"Tribulus Terrestris Extract Capsules","MERGE","TU-QNYD-JRRX","10778978517323","tribulus-terrestris-extract-capsules","MERGE","Tribulus terrestris is a resilient herb long appreciated in traditional wellness. In our concentrated extract, it’s standardised to 90% saponins – delivering 1800 mg of its plant power in a potent, easy-to-take form.							","Vegavero","","Sport","REPLACE","2025-07-30 11:07:39 +0200","2026-06-03 15:00:41 +0200","Active","true","2025-07-30 11:07:40 +0200","global","rich-product","false","https://www.vegavero.com/products/tribulus-terrestris-extract-capsules","0","5","true","53059470721355","4.02"
"Rhodiola Rosea Extract Capsules","MERGE","VV-VITA-101","10778978812235","rhodiola-rosea-extract-capsules","MERGE","Rhodiola rosea, also known as golden root, has been used in traditional practices in cold mountain regions for centuries. Our extract is standardised to 3% rosavins and 1% salidroside, providing 200 mg rhodiola per daily serving.								","Vegavero","","Classic, quantity-discount","REPLACE","2025-07-30 11:07:54 +0200","2026-06-04 12:41:28 +0200","Active","true","2025-07-30 11:07:55 +0200","global","rich-product","false","https://www.vegavero.com/products/rhodiola-rosea-extract-capsules","388","6","true","53059473899851","7.55"
"L-Tryptophan Capsules","MERGE","VI-ZU99-SZ0B","10778978681163","l-tryptophan-capsules","MERGE","Each capsule provides 500 mg of pure L-Tryptophan – a key amino acid naturally found in protein-rich foods. Take one daily to easily integrate this essential nutrient into your routine.","Vegavero","","Classic","REPLACE","2025-07-30 11:07:47 +0200","2026-06-03 03:00:53 +0200","Active","true","2025-07-30 11:07:47 +0200","global","standard-product-plus","false","https://www.vegavero.com/products/l-tryptophan-capsules","397","7","true","53059473375563","4.16"
"Ginkgo Biloba Extract Capsules","MERGE","VV-VITA-102","10778979008843","ginkgo-biloba-extract-capsules","MERGE","Ginkgo Biloba, often called a “living fossil,” has been cherished for thousands of years for its unique leaves. Each capsule contains 120 mg of standardized extract, providing consistent flavonoids and terpene lactones in a convenient daily format.","Vegavero","","Classic","REPLACE","2025-07-30 11:08:02 +0200","2026-06-03 17:22:07 +0200","Active","true","2025-07-30 11:08:02 +0200","global","standard-product-plus","false","https://www.vegavero.com/products/ginkgo-biloba-extract-capsules","322","8","true","53059474555211","6.18"
"Ceylon Cinnamon Extract Capsules","MERGE","VV-VITA-107","10778979369291","ceylon-cinnamon-extract-capsules","MERGE","Ceylon Cinnamon, valued for centuries as a fragrant spice and botanical remedy, is concentrated into 250 mg per capsule. Each daily dose delivers natural cinnamon compounds in an easy, convenient format – a flavorful plant-based boost for your day.","Vegavero","","Classic","REPLACE","2025-07-30 11:08:16 +0200","2026-06-03 15:00:51 +0200","Active","true","2025-07-30 11:08:17 +0200","global","standard-product-plus","false","https://www.vegavero.com/products/ceylon-cinnamon-extract-capsules","683","9","true","53059475603787","3.52"
"Liver Active Complex Capsules","MERGE","VV-VITA-109","10778979565899","liver-active-complex-capsules","MERGE","Herbal wisdom meets modern convenience in our Liver Active Complex. Each daily dose combines carefully selected plant extracts in standardized capsules, offering an effortless way to include botanicals in your daily rhythm.","Vegavero","","Complex","REPLACE","2025-07-30 11:08:24 +0200","2026-06-04 10:35:49 +0200","Active","true","2025-07-30 11:08:24 +0200","global","standard-product-plus","false","https://www.vegavero.com/products/liver-active-complex-capsules","191","10","true","53059476422987","5.51"
"Pro Bio Junior Powder Organic","MERGE","VV-VITA-115","10778979893579","pro-bio-junior-powder-organic","MERGE","<h3><strong>SPECIALLY DEVELOPED FOR CHILDREN</strong></h3><p>Our product contains 1 x 10^10 CFU/g, comprising cultures from the five most common strains found in children's intestines. Each batch of cultures is freshly cultivated under strict controls in Germany and then freeze-dried to ensure an extended shelf life. Since many children find it challenging to swallow capsules, we have chosen a powder form that is easily dosed with the included measuring spoon. The cultures in our product are renowned for their high survival rate under the harsh conditions of the stomach, allowing them to reach the intestine even without the protection of a capsule.</p><p> </p><p> </p><h3>SPECIALLY DEVELOPED FOR</h3><ul><ul><li>Children between 3 and 12 years old.</li></ul></ul><p> </p><h3>GOOD TO KNOW</h3><ul><ul>
<li>In case of antibiotic treatment wait at least 2 hours before taking the supplement.</li>
<li>Some children may experience loose stools in the first few days of taking probiotics, however, this is temporary.</li>
<li>Our powder format includes a measuring spoon and allows for easy and individual customization of the dosage.</li>
</ul></ul>","Vegavero","","Junior","REPLACE","2025-07-30 11:08:32 +0200","2026-06-03 03:00:53 +0200","Active","true","2026-04-01 08:54:12 +0200","global","default","false","https://www.vegavero.com/products/pro-bio-junior-powder-organic","-10","11","true","56878213824843",""
"xxxx TEST","MERGE","xxxxx-variant-test","10778979238219","xxx-test","MERGE","<p>XXX TEST</p><p><br></p><p>Black Garlic has a rich history of use in traditional cuisines and herbal practices, naturally forming organosulfur compounds during fermentation. Each daily dose provides 500 mg of standardized extract – easy-to-swallow capsules that bring a touch of culinary heritage to your routine.</p>","Vegavero","","Classic, quantity-discount","REPLACE","2025-07-30 11:08:09 +0200","2026-06-03 03:00:53 +0200","Draft","false","","web","standard-product-plus","false","https://www.vegavero.com/products/xxx-test","0","12","true","57398467002699",""
"Magnesium + Potassium Capsules","MERGE","VV-VITA-119","10778980221259","magnesium-potassium-capsules","MERGE","Magnesium and potassium have been essential minerals throughout history for muscle function and daily vitality. Our capsules provide 300 mg of magnesium and 200 mg of potassium per daily dose.","Vegavero","","Classic","REPLACE","2025-07-30 11:08:47 +0200","2026-06-03 23:43:56 +0200","Active","true","2025-07-30 11:08:47 +0200","global","standard-product-plus-faq","false","https://www.vegavero.com/products/magnesium-potassium-capsules","57","13","true","53059479273803","4.90"
"Natural Iodine Organic Capsules","MERGE","VV-VITA-116","10778980057419","natural-iodine-capsules-organic","MERGE","Iodine, long recognized for its essential role in nutrition, is provided here in vegan, organic capsules. Each capsule contains 150 µg per daily dose – a convenient and precise way to include this vital trace element.","Vegavero","","Natural Vitamin & Mineral","REPLACE","2025-07-30 11:08:40 +0200","2026-06-03 20:01:46 +0200","Active","true","2025-07-30 11:08:40 +0200","global","standard-product-plus-faq","false","https://www.vegavero.com/products/natural-iodine-capsules-organic","327","14","true","53059478618443","5.32"
"Immu Pro Complex Capsules","MERGE","VV-VITA-122","10778980581707","immu-pro-complex-capsules","MERGE","Like a well-orchestrated team, echinacea, ginger, vitamin D3, selenium, and zinc come together in our Immu Pro Complex. 
Carefully combined into convenient capsules, this blend brings nature and science into perfect harmony.","Vegavero","","Complex, quantity-discount","REPLACE","2025-07-30 11:08:58 +0200","2026-06-04 12:41:18 +0200","Active","true","2025-08-27 11:15:03 +0200","global","rich-product","false","https://www.vegavero.com/products/immu-pro-complex-capsules","1262","15","true","53059480191307","5.15"
"Natural Vitamin C Organic Capsules","MERGE","VV-VITA-124","10778980843851","natural-vitamin-c-capsules-organic","MERGE","<p>Vitamin C has brightened plates and traditions for centuries. Each capsule delivers 180 of natural, organic Vitamin C – a gentle, convenient way to include this classic nutrient in your day.</p>","Vegavero","","Natural Vitamin & Mineral, quantity-discount","REPLACE","2025-07-30 11:09:05 +0200","2026-06-04 12:43:46 +0200","Active","true","2025-07-30 11:09:06 +0200","global","rich-product-light","false","https://www.vegavero.com/products/natural-vitamin-c-capsules-organic","359","16","true","53059481403723","8.68"
"Saffron Extract Capsules","MERGE","VV-VITA-127","10778981138763","saffron-extract-capsules","MERGE","Saffron’s golden threads have been valued for their unique aroma and vibrant color for centuries. Our extract is standardized to 3,5% of lepticrosalides – naturally occurring plant compounds found in the saffron flower. Our daily dosage provides 30 mg of saffron and 1,05 mg of lepticrosalides.								","Vegavero","","Classic, quantity-discount","REPLACE","2025-07-30 11:09:13 +0200","2026-06-03 03:00:54 +0200","Active","true","2025-07-30 11:09:14 +0200","global","rich-product","false","https://www.vegavero.com/products/saffron-extract-capsules","-10","17","true","53059483566411","7.66"
"Ginger Organic Capsules","MERGE","VV-VITA-129","10778981794123","organic-ginger-capsules","MERGE","Ginger, prized for thousands of years in culinary and herbal traditions, comes standardized in our organic capsules. Each daily dose provides 500 mg of extract – easy to take and ready to fit into modern life.","Vegavero","","Organic","REPLACE","2025-07-30 11:09:21 +0200","2026-06-04 12:06:06 +0200","Active","true","2025-07-30 11:09:22 +0200","global","standard-product-plus","false","https://www.vegavero.com/products/organic-ginger-capsules","1524","18","true","53059487629643","3.77"
"Griffonia Extract (5-HTP) Capsules","MERGE","VV-VITA-376","10778987364683","griffonia-extract-5-htp-capsules","MERGE","Standardized Griffonia seed extract delivers 200 mg of 5-HTP per daily dose. Capsules make it easy to include this plant compound in your daily rhythm.","Vegavero","","Classic","REPLACE","2025-07-30 11:16:47 +0200","2026-06-03 15:00:48 +0200","Active","true","2025-07-30 11:16:48 +0200","global","standard-product-plus","false","https://www.vegavero.com/products/griffonia-extract-5-htp-capsules","573","19","true","53059539599691","4.94"
"Griffonia Plus Capsules","MERGE","VV-VITA-326","10778987397451","griffonia-plus-capsules","MERGE","A blend of Griffonia extract with complementary plant compounds, offering 50 mg of 5-HTP per daily dose. Convenient capsules designed to fit effortlessly into your day.","Vegavero","","Classic, quantity-discount","REPLACE","2025-07-30 11:16:55 +0200","2026-06-04 09:38:56 +0200","Active","true","2025-07-30 11:16:56 +0200","global","standard-product-plus-faq","false","https://www.vegavero.com/products/griffonia-plus-capsules","725","20","true","53059540746571","6.81"
"Apple Cider Vinegar Complex Capsules","MERGE","VV-VITA-363","10778987495755","apple-cider-vinegar-complex-capsules","MERGE","Apple cider vinegar is traditionally produced through natural fermentation, forming the so-called “mother of vinegar” — a nutrient-rich matrix of proteins and enzymes that develops during the process.This formula provides 1,500 mg of apple cider vinegar alongside defined extracts of cayenne, ginger and cinnamon.","Vegavero","","Complex","REPLACE","2025-07-30 11:17:02 +0200","2026-06-04 11:17:32 +0200","Active","true","2025-07-30 11:17:03 +0200","global","standard-product-plus","false","https://www.vegavero.com/products/apple-cider-vinegar-complex-capsules","184","21","true","53059541762379","5.11"
"Apple Cider Vinegar Gummies","MERGE","VV-VITA-365","10778987561291","apple-cider-vinegar-gummies","MERGE","Chewable apple cider vinegar gummies provide 450 mg of extract per daily serving. A tasty and convenient way to include this classic ingredient in your day.","Vegavero","","Gummies","REPLACE","2025-07-30 11:17:10 +0200","2026-06-03 15:00:42 +0200","Active","true","2025-07-30 11:17:11 +0200","global","standard-product-plus","false","https://www.vegavero.com/products/apple-cider-vinegar-gummies","812","22","true","53059542745419","3.47"
"Astaxanthin Oil Capsules","MERGE","VV-VITA-247","10778987626827","astaxanthin-oil-capsules","MERGE","Astaxanthin is a potent carotenoid from microalgae. Each capsule delivers 8 mg of this natural pigment – simple and convenient for daily inclusion.","Vegavero","","quantity-discount, Vegan Oils","REPLACE","2025-07-30 11:17:17 +0200","2026-06-03 20:02:15 +0200","Active","true","2025-07-30 11:17:17 +0200","global","rich-product","false","https://www.vegavero.com/products/astaxanthin-oil-capsules","269","23","true","53059543630155","7.51"
"Astragalus Extract Capsules Organic","MERGE","VV-VITA-207","10778987692363","astragalus-extract-capsules-organic","MERGE","Astragalus membranaceus is a traditional plant rich in naturally occurring saponins and polysaccharides. Our capsules provide you with 750 mg of an organic high-quality extract per daily serving, that is standardized to 20% polysaccharides.","Vegavero","","Organic","REPLACE","2025-07-30 11:17:24 +0200","2026-06-03 23:00:39 +0200","Active","true","2025-11-14 00:00:01 +0100","global","rich-product-light","false","https://www.vegavero.com/products/astragalus-extract-capsules-organic","2597","24","true","53059544547659",""
"B-Active Complex Capsules","MERGE","VV-VITA-347","10778987856203","b-active-complex-capsules","MERGE","<h3>THE HERBAL ENERGY KICK</h3><p>Our B-Active Complex offers a unique combination of 4 plant extracts, minerals and B vitamins that contribute to a reduction in tiredness and fatigue, as well as to the normal functioning of the nervous system.</p><p>In contrast to caffeine tablets with artificial caffeine, we use natural caffeine from guarana extract in our Complex. Together with the amino acids L-theanine from green tea extract and L-taurine, which is involved in energy metabolism, this results in a sensible and synergistic combination. Our innovative complex of active ingredients also offers an ideal alternative to energy drinks that contain either sugar or artificial sweeteners.</p><p>For sensitive people, the daily caffeine dose can easily be adjusted according to their own needs (1-3 capsules per day). We recommend taking it in the morning with a meal.</p>","Vegavero","","Complex","REPLACE","2025-07-30 11:17:31 +0200","2026-06-03 03:00:54 +0200","Active","true","2025-07-30 11:17:32 +0200","global","","false","https://www.vegavero.com/products/b-active-complex-capsules","0","25","true","56681049784651",""
"Berberine Plus Capsules","MERGE","VV-VITA-230","10778987921739","berberine-plus-capsules","MERGE","Berberine from Berberis aristata root is paired with chromium picolinate in a refined, synergistic blend. Each daily dose delivers 2000 mg of pure berberine extract, carefully standardised for consistent quality. Clean, simple, and designed to fit seamlessly into your routine.","Vegavero","","Classic, quantity-discount","REPLACE","2025-07-30 11:17:39 +0200","2026-06-03 03:00:52 +0200","Active","true","2025-07-30 11:17:39 +0200","global","rich-product-light","false","https://www.vegavero.com/products/berberine-plus-capsules","0","26","true","53059546349899","8.67"
"Bergamot Extract Capsules","MERGE","VV-VITA-310","10778987954507","bergamot-extract-capsules","MERGE","Our bergamot extract is gently derived from the fragrant peel of the Mediterranean citrus fruit and concentrated for purity. Each daily serving provides 1250 mg of bergamot extract, standardised to 40% bioflavonoids – a clean, vegan formula offering the plant’s natural citrus compounds in a simple capsule.","Vegavero","","Classic, quantity-discount","REPLACE","2025-07-30 11:17:46 +0200","2026-06-04 10:44:20 +0200","Active","true","2025-07-30 11:17:46 +0200","global","rich-product-light","false","https://www.vegavero.com/products/bergamot-extract-capsules","105","27","true","53059547169099","5.02"
"Beta Alanine Powder","MERGE","VV-VITA-384","10778988052811","beta-alanine-powder","MERGE","This pure, free-flowing beta alanine powder blends instantly into water or a shake. Each daily serving provides 3 g of amino acid, smooth in texture and neutral in taste. Simple to use and easy to integrate into training routines.","Vegavero","","Sport","REPLACE","2025-07-30 11:17:53 +0200","2026-06-04 12:09:57 +0200","Active","true","2025-07-30 11:17:54 +0200","global","standard-product-plus","false","https://www.vegavero.com/products/beta-alanine-powder","986","28","true","53059547988299","3.65"
"Beta Carotene Capsules","MERGE","VV-VITA-90","10778988085579","beta-carotene-capsules","MERGE","Beta carotene — the bright orange plant pigment — is nature’s way of preparing vitamin A. Each capsule delivers a steady dose of 7 mg Beta Carotene, giving you a simple, sunshine-colored addition to your day.","Vegavero","","Classic, quantity-discount","REPLACE","2025-07-30 11:18:00 +0200","2026-06-04 12:41:23 +0200","Active","true","2025-07-30 11:18:01 +0200","global","rich-product-light","false","https://www.vegavero.com/products/beta-carotene-capsules","603","29","true","53059548709195","6.10"
"Beta Carotene Plus Oil Capsules","MERGE","VV-VITA-297","10778988118347","beta-carotin-plus-oil-capsules","MERGE","Floating in gentle plant oil, our Beta Carotene Plus delivers 7 mg beta carotene in a soft, bioavailable form. The oil helps your body absorb it smoothly — a small golden capsule packed with sunny vitality.","Vegavero","","quantity-discount, Vegan Oils","REPLACE","2025-07-30 11:18:07 +0200","2026-06-03 03:00:52 +0200","Active","true","2025-07-30 11:18:08 +0200","global","rich-product-light","false","https://www.vegavero.com/products/beta-carotin-plus-oil-capsules","0","30","true","53059549561163","7.22"
"Black Maca + Tribulus Capsules","MERGE","VV-VITA-298","10778988216651","black-maca-tribulus-capsules","MERGE","From the high Andes to your daily routine: 500 mg black maca extract (4:1), standardized to 0.6% macamides, paired with 200 mg Tribulus terrestris extract (90% saponins). Together, these ancient botanicals create a concentrated, energizing duo — ready to support your natural rhythm.","Vegavero","","quantity-discount, Sport","REPLACE","2025-07-30 11:18:18 +0200","2026-06-03 15:00:49 +0200","Active","true","2025-07-30 11:18:19 +0200","global","rich-product-light","false","https://www.vegavero.com/products/black-maca-tribulus-capsules","952","31","true","53059550544203","6.44"
"Black Maca Plus Capsules","MERGE","VV-VITA-356","10778988282187","black-maca-plus-capsules","MERGE","Black Maca, the darkest Andean root, in a potent extract. Each daily serving delivers 1,500 mg extract — equal to 15,000 mg dried root, standardized to 0.6% macamides, giving you 9 mg active macamides per day.","Vegavero","","quantity-discount, Sport","REPLACE","2025-07-30 11:18:25 +0200","2026-06-04 04:00:18 +0200","Active","true","2025-07-30 11:18:25 +0200","global","rich-product-light","false","https://www.vegavero.com/products/black-maca-plus-capsules","-11","32","true","53059551232331","5.39"
"Boswellia Extract Capsules","MERGE","VV-VITA-313","10778988314955","boswellia-extract-capsules","MERGE","Boswellia is a key plant traditionally used in the Indian Ayurvedic tradition. Our boswellia extract (15:1) is derived from the resin of Boswellia serrata. Each daily serving provides 500 mg of boswellia extract, standardised to 85% boswellic acids.","Vegavero","","Classic, quantity-discount","REPLACE","2025-07-30 11:18:31 +0200","2026-06-03 13:06:57 +0200","Active","true","2025-07-30 11:18:32 +0200","global","rich-product-light","false","https://www.vegavero.com/products/boswellia-extract-capsules","127","33","true","53059551822155","4.99"
"Brewer's Yeast Capsules","MERGE","VV-VITA-378","10778988380491","brewers-yeast-capsules","MERGE","Brewer’s yeast in its natural, nutrient-rich form. Each serving provides 2,500 mg of pure brewer’s yeast — a simple, traditional ingredient with a long history of use.","Vegavero","","Classic","REPLACE","2025-07-30 11:18:38 +0200","2026-06-03 03:00:52 +0200","Active","true","2025-07-30 11:18:38 +0200","global","standard-product-plus","false","https://www.vegavero.com/products/brewers-yeast-capsules","367","34","true","53059552608587","3.91"
"Bromelain Capsules","MERGE","VV-VITA-198","10778988544331","bromelain-capsules","MERGE","Bromelain is a naturally occurring enzyme complex extracted from pineapple stem. Each capsule delivers 650 mg bromelain with a hight enzyme activity of 2500 GDU/g and provided in a simple, gastro-resistant format.","Vegavero","","Classic","REPLACE","2025-07-30 11:18:45 +0200","2026-06-04 10:27:07 +0200","Active","true","2025-07-30 11:18:46 +0200","global","standard-product-plus","false","https://www.vegavero.com/products/bromelain-capsules","470","35","true","53059553657163","6.70"
"Caffeine Capsules","MERGE","VV-VITA-360","10778988839243","caffeine-capsules","MERGE","Our guarana extract is sourced from the seeds of Paullinia cupana and provided in a clean, concentrated form. Each serving delivers 455 mg guarana extract supplying 100 mg of naturally occurring caffeine for a plant-based boost.","Vegavero","","Classic","REPLACE","2025-07-30 11:18:52 +0200","2026-06-04 04:00:18 +0200","Active","true","2025-07-30 11:18:52 +0200","global","standard-product-plus","false","https://www.vegavero.com/products/caffeine-capsules","379","36","true","53059554640203","4.43"
"Choline Bitartrate Capsules","MERGE","VV-VITA-377","10778989265227","choline-bitartrate-capsules","MERGE","Our choline bitartrate is provided in a clean, high-strength form. Each capsule delivers 700 mg choline bitartrate supplying 280 mg of pure choline — a simple, concentrated formula designed for daily use.","Vegavero","","Classic, quantity-discount","REPLACE","2025-07-30 11:19:02 +0200","2026-06-04 04:00:15 +0200","Active","true","2025-07-30 11:19:03 +0200","global","rich-product-light","false","https://www.vegavero.com/products/choline-bitartrate-capsules","460","37","true","53059556081995","4.15"
"Choline Trio Capsules","MERGE","VV-VITA-237","10778989658443","choline-trio-capsules","MERGE","A three-source choline complex combining choline bitartrate, citicoline and phosphatidylcholine in one capsule. Each daily serving provides a concentrated supply of bioavailable choline from these complementary forms, delivering 506 mg of choline.","Vegavero","","Classic, quantity-discount","REPLACE","2025-07-30 11:19:10 +0200","2026-06-03 16:45:06 +0200","Active","true","2025-07-30 11:19:10 +0200","global","rich-product-light","false","https://www.vegavero.com/products/choline-trio-capsules","266","38","true","53059557294411","4.26"
"Chromium Plus Capsules","MERGE","VV-VITA-346","10778990117195","chromium-plus-capsules","MERGE","Artichoke extract forms the botanical base of this formula, delivering 180 mg per capsule with 4.5 mg cynarin. It is combined with magnesium, vitamin B12 and chromium picolinate — with chromium contributing to normal macronutrient metabolism and to the maintenance of normal blood glucose levels.","Vegavero","","Classic","REPLACE","2025-07-30 11:19:17 +0200","2026-06-03 03:00:53 +0200","Active","true","2025-07-30 11:19:18 +0200","global","standard-product-plus","false","https://www.vegavero.com/products/chromium-plus-capsules","173","39","true","53059558768971","3.38"
"Citrulline Plus Capsules","MERGE","VV-VITA-317","10778990510411","citrulline-plus-capsules","MERGE","A powerful trio: the combination of L-citrulline, L-arginine and beetroot extract. Each daily serving delivers 2,000 mg citrulline from citrulline malate, combined with 1,600 mg L-arginine and 600 mg beetroot extract. Designed to slot easily into any pre-workout routine.","Vegavero","","Sport","REPLACE","2025-07-30 11:19:24 +0200","2026-06-03 16:56:46 +0200","Active","true","2025-07-30 11:19:24 +0200","global","standard-product-plus","false","https://www.vegavero.com/products/citrulline-plus-capsules","362","40","true","53059560014155","6.60"
"Colla-Veg Complex Capsules","MERGE","VV-VITA-50","10778991329611","colla-veg-complex-capsules","MERGE","L-proline and L-lysine form the amino-acid base of this formula, supported by acerola extract supplying natural vitamin C, which contributes to normal collagen formation. The blend is complemented by pomegranate, goji and rosehip extracts for a well-rounded botanical profile. A fully vegan alternative to traditional collagen capsules.","Vegavero","","Complex","REPLACE","2025-07-30 11:19:38 +0200","2026-06-03 03:00:53 +0200","Active","true","2025-07-30 11:19:38 +0200","global","standard-product-plus","false","https://www.vegavero.com/products/colla-veg-complex-capsules","-10","41","true","53059562176843","6.65"
"Clorophyll Drops","MERGE","VV-VITA-343","10778990969163","clorophyll-drops","MERGE","<h3>CHLOROPHYLL FROM ALFALFA - THE GREEN POWER IN DROP FORM</h3><p>Alfalfa, also known as lucerne, is one of nature's most nutrient-rich plants. It is particularly rich in chlorophyll, the green plant pigment that plays a central role in photosynthesis, among other functions. Many positive properties and functions are attributed to chlorophyll. Our product provides 300 mg of liquid chlorophyll obtained from alfalfa in the form of chlorophyllin. Thanks to the practical scale on the pipette, dosing our liquid chlorophyll is exceptionally easy. </p><h3>DOSAGE</h3><ul><li>2ml per day.</li></ul><h3>GOOD TO KNOW</h3><ul><li>There is no need to count drops, as is often the case with many other chlorophyll products. Moreover, unlike other suppliers, we do not use strong flavors such as mint, making our chlorophyll drops extremely versatile in their use. They can be mixed with water, added to smoothies, or used as an ingredient in various recipes.</li></ul>","Vegavero","","To Go","REPLACE","2025-07-30 11:19:31 +0200","2026-06-03 03:00:53 +0200","Archived","false","","web","","false","https://www.vegavero.com/products/clorophyll-drops","0","42","true","53059561226571","8.73"
"Colon Care Complex Capsules","MERGE","VV-VITA-111","10778991755595","colon-care-complex-capsules","MERGE","Psyllium husk forms the base of this blend, providing 600 mg of natural fiber-rich powder per daily serving. It is paired with extracts of fennel, capsicum, ginger and galangal — each standardised to their characteristic plant compounds — along with 2×10⁹ CFU of Lactobacillus acidophilus.","Vegavero","","Complex","REPLACE","2025-07-30 11:19:45 +0200","2026-06-04 11:45:26 +0200","Active","true","2025-07-30 11:19:46 +0200","global","standard-product-plus","false","https://www.vegavero.com/products/colon-care-complex-capsules","539","43","true","53059563422027","6.07"
"Cordyceps Sinensis Extract Capsules","MERGE","VV-VITA-63","10778991919435","cordyceps-sinensis-capsules","MERGE","Cordyceps is a high-mountain fungus long valued in traditional use. 
Our capsules contain 650 mg fermented extract (~10:1) equivalent to 6,500 mg dried cordyceps powder and are entirely vegana and standardised to polysaccharides. It comes as a fine powder that blends easily into water or juice – simple and convenient to enjoy.","Vegavero","","Classic, quantity-discount","REPLACE","2025-07-30 11:19:52 +0200","2026-06-04 09:38:57 +0200","Active","true","2025-07-30 11:19:53 +0200","global","rich-product","false","https://www.vegavero.com/products/cordyceps-sinensis-capsules","446","44","true","53059564273995","7.02"
"Creatine Monohydrate Powder","MERGE","VV-VITA-367","10778992083275","creatine-monohydrate-powder","MERGE","Our creatine monohydrate is provided in a clean, finely milled form for easy mixing. Each daily serving delivers 3.4 g creatine monohydrate, supplying 3 g of pure creatine — a simple, high-purity formula designed to integrate smoothly into any training routine.","Vegavero","","quantity-discount, Sport","REPLACE","2025-07-30 11:19:59 +0200","2026-06-04 08:23:58 +0200","Active","true","2025-07-30 11:20:00 +0200","global","rich-product-light","false","https://www.vegavero.com/products/creatine-monohydrate-powder","691","45","true","53059565388107","5.35"
"D-Mannose Complex Capsules","MERGE","VV-VITA-39","10778992279883","d-mannose-complex-capsules","MERGE","D-mannose in a concentrated dose of 2,000 mg per day. The formula is rounded out with 200 mg cranberry extract delivering 50 mg proanthocyanidins, and 470 mg acerola providing 80 mg of natural vitamin C. A simple, focused combination designed for easy daily use.","Vegavero","","Complex, quantity-discount","REPLACE","2025-07-30 11:20:06 +0200","2026-06-04 10:27:07 +0200","Active","true","2025-07-30 11:20:06 +0200","global","rich-product","false","https://www.vegavero.com/products/d-mannose-complex-capsules","2948","46","true","53059566338379","5.67"
"Devil's Claw Plus Capsules","MERGE","VV-VITA-204","10778992542027","devils-claw-plus-capsules","MERGE","Devil’s claw, the southern African root, in a concentrated extract. Each daily serving delivers 550 mg of extract, standardised to 2% to harpagosides, supported by white willow bark providing natural salicin and ginger extract standardised to gingerols.","Vegavero","","Classic","REPLACE","2025-07-30 11:20:16 +0200","2026-06-03 20:02:04 +0200","Active","true","2025-07-30 11:20:16 +0200","global","standard-product-plus","false","https://www.vegavero.com/products/devils-claw-plus-capsules","87","47","true","53059567616331","5.11"
"Digestive Enzymes Complex Capsules","MERGE","VV-VITA-308","10778992705867","digestive-enzymes-complex-capsules","MERGE","<p>A plant-based enzyme blend combining papain and bromelain with lipase, cellulase and amylase for a broad digestive spectrum. </p>","Vegavero","","Complex, quantity-discount","REPLACE","2025-07-30 11:20:23 +0200","2026-06-04 12:42:06 +0200","Active","true","2025-07-30 11:20:24 +0200","global","standard-product-plus","false","https://www.vegavero.com/products/digestive-enzymes-complex-capsules","743","48","true","53059568402763","7.50"
"Drenaflux Complex Capsules","MERGE","VV-VITA-303","10778992836939","drenaflux-complex-capsules","MERGE","This formula combines extracts of birch, nettle, dandelion, java tea and hawkweed, each standardised to their natural flavone or β-sitosterol content. A clear, plant-based blend for lighter days.","Vegavero","","Complex","REPLACE","2025-07-30 11:20:30 +0200","2026-06-04 04:00:15 +0200","Active","true","2025-07-30 11:20:30 +0200","global","standard-product-plus","false","https://www.vegavero.com/products/drenaflux-complex-capsules","336","49","true","53059569254731","5.71"
"EAA Tablets","MERGE","VV-VITA-159","10778993000779","eaa-tablets","MERGE","A complete set of essential amino acids in a concentrated format. Each serving delivers a profile with all nine essentials in balanced proportions. Designed to fit smoothly into any training routine.","Vegavero","","Classic, quantity-discount","REPLACE","2025-07-30 11:20:37 +0200","2026-06-04 11:30:14 +0200","Active","true","2025-07-30 11:20:37 +0200","global","rich-product-light","false","https://www.vegavero.com/products/eaa-tablets","718","50","true","53059569975627","7.93"
"Echinacea Plus Capsules","MERGE","VV-VITA-362","10778993197387","echinacea-plus-capsules","MERGE","Echinacea, the purple coneflower, has long been appreciated for its rich profile of natural plant compounds. Our blend delivers 500 mg of echinacea extract per daily serving, combined with reishi and turmeric, and complemented by vitamin C and zinc, which contribute to the normal function of the immune system.","Vegavero","","Classic","REPLACE","2025-07-30 11:20:44 +0200","2026-06-03 03:00:51 +0200","Active","true","2025-11-13 23:27:03 +0100","global","rich-product-light","false","https://www.vegavero.com/products/echinacea-plus-capsules","559","51","true","53059570532683",""
"Electrolyte Plus Capsules","MERGE","VV-VITA-333","10778993557835","electrolyte-plus-capsules","MERGE","A high-dose electrolyte mix built for hydration. Each serving delivers 800 mg chloride, 500 mg potassium, 225 mg sodium and 187.5 mg magnesium, supported by 160 mg calcium. ConcenTrace® adds ion-rich trace minerals from concentrated seawater, while Aquamin™ contributes plant-based calcium and magnesium from red algae. Finished with full-value B6, B2 and B1 and ready for any routine.","Vegavero","","Sport","REPLACE","2025-07-30 11:20:51 +0200","2026-06-04 12:43:47 +0200","Active","true","2025-07-30 11:20:51 +0200","global","standard-product-plus","false","https://www.vegavero.com/products/electrolyte-plus-capsules","439","52","true","53059571286347","5.18"
"Evening Primrose Oil Capsules","MERGE","VV-VITA-385","10778993983819","evening-primrose-oil-capsules","MERGE","Evening primrose oil in its pure, natural form. Gently cold-pressed from the seeds of the evening primrose — a plant long valued for its rich, golden oil — each daily serving delivers 2,100 mg, including 231 mg of naturally occurring GLA.","Vegavero","","Vegan Oils","REPLACE","2025-07-30 11:20:58 +0200","2026-06-03 03:00:52 +0200","Active","true","2025-07-30 11:20:59 +0200","global","standard-product-plus","false","https://www.vegavero.com/products/evening-primrose-oil-capsules","875","53","true","53059572236619","6.37"
"Female Balance Complex Capsules","MERGE","VV-VITA-151","10778994147659","female-balance-complex-capsules","MERGE","Specially developed for women's needs, each serving provides 400 mg lady’s mantle extract, 250 mg Actrisave®, magnesium and red maca extract. Chaste tree adds a traditional botanical note, while zinc, selenium and B-vitamins complete the formula.","Vegavero","","Complex, quantity-discount","REPLACE","2025-07-30 11:21:06 +0200","2026-06-04 04:00:15 +0200","Active","true","2025-07-30 11:21:06 +0200","global","rich-product","false","https://www.vegavero.com/products/female-balance-complex-capsules","986","54","true","53059572990283","8.35"
"Female Harmony Complex Capsules","MERGE","VV-VITA-121","10778994278731","female-harmony-complex-capsules","MERGE","A botanical blend designed for a new phase of life. Each serving combines sage and yam root extracts with evening primrose and flaxseed lignans, supported by chamomile and hops. Vitamin B6, B1 and biotin contribute to normal psychological function and energy-yielding metabolism.","Vegavero","","Complex, quantity-discount","REPLACE","2025-07-30 11:21:14 +0200","2026-06-04 04:00:16 +0200","Active","true","2025-07-30 11:21:14 +0200","global","standard-product-plus","false","https://www.vegavero.com/products/female-harmony-complex-capsules","461","55","true","53059573514571","7.33"
"Femme Biotics Capsules","MERGE","VV-VITA-386","10778994442571","femme-biotics-capsules","MERGE","A carefully composed complex delivering 35 billion CFU of lactic acid bacteria from six well-selected strains. The blend is complemented by cranberry extract standardized to 25% proanthocyanidins, alongside vitamin C, niacin, folic acid and biotin. Niacin and biotin contribute to the maintenance of normal mucous membranes, while vitamin C supports the immune system.","Vegavero","","Flo Care","REPLACE","2025-07-30 11:21:21 +0200","2026-06-03 19:32:02 +0200","Active","true","2025-07-30 11:21:22 +0200","global","standard-product-plus","false","https://www.vegavero.com/products/femme-biotics-capsules","1301","56","true","53059574071627","9.42"
"Folate Capsules","MERGE","VV-VITA-304","10778995327307","folate-capsules","MERGE","Quatrefolic® provides folate in its active, bioavailable form. Each capsule delivers 400 µg of 5-MTHF, ready for immediate use by the body. A vegan formula designed for simple, consistent daily intake without unnecessary additives.","Vegavero","","Classic","REPLACE","2025-07-30 11:21:34 +0200","2026-06-03 22:31:07 +0200","Active","true","2025-07-30 11:21:35 +0200","global","rich-product-light","false","https://www.vegavero.com/products/folate-capsules","4913","57","true","53059575644491","4.04"
"FenoLact Complex Capsules","MERGE","VV-VITA-350","10778994868555","fenolact-complex-capsules","MERGE","<h3>NATURAL SUPPORT FOR BREASTFEEDING MOTHERS</h3><p>Our FenoLact is the natural support during breastfeeding. We use the recommended amount of fenugreek in the form of an organic extract (4:1). We combine this with three other organic medicinal plants: Green aniseed, fennel and moringa. All our plant extracts come from France.</p><p>In addition, our FenoLact® contains four potentially critical  nutrients in high quality as a small support for the increased  nutritional requirements during breastfeeding: folate (quatrefolic), vitamin D3 from lichen, iron and vitamin B12.</p><p>We test our capsules not only for microbial contamination like other suppliers, but also for pesticides, heavy metal residues and active ingredients. It goes without saying that our product is GMO-free, free from any additives and vegan.</p><p> </p><h3>SPECIALLY DEVELOPED FOR</h3><p>Our product is designed for women who desire to breastfeed.</p><p> </p>","Vegavero","","Complex","REPLACE","2025-07-30 11:21:28 +0200","2026-06-03 03:00:52 +0200","Archived","false","","web","","false","https://www.vegavero.com/products/fenolact-complex-capsules","-3","58","true","53059574858059","4.52"
"Glucosamine Plus Capsules","MERGE","VV-VITA-379","10778995949899","glucosamine-plus-capsules","MERGE","A glucosamine complex built around concentrated, plant-focused actives. Each daily serving provides 1,000 mg vegan glucosamine from fermentation, paired with 800 mg MSM and 300 mg Phytodroitin™. The formula is completed with 200 mg boswellia extract, standardised to 85% boswellic acids — a clean, precise combination designed for straightforward daily use.","Vegavero","","quantity-discount, Sport","REPLACE","2025-07-30 11:21:51 +0200","2026-06-04 12:43:46 +0200","Active","true","2025-07-30 11:21:52 +0200","global","rich-product","false","https://www.vegavero.com/products/glucosamine-plus-capsules","13","59","true","53059577512267","4.97"
"GABA Plus Capsules","MERGE","VV-VITA-203","10778995753291","gaba-plus-capsules","MERGE","<p><meta charset=""utf-8"">GABA Plus combines gamma-aminobutyric acid with L-theanine and vitamin B6 – a synergistic formula that supports the normal function of the nervous system. Each daily dose provides 1000 mg of GABA, 90 mg of L-theanine, and 3.5 mg of vitamin B6 – targeted nutrients that contribute to normal psychological function.</p>","Vegavero","","Classic, quantity-discount","REPLACE","2025-07-30 11:21:42 +0200","2026-06-04 04:00:08 +0200","Active","true","2025-08-27 11:15:08 +0200","global","rich-product","false","https://www.vegavero.com/products/gaba-plus-capsules","0","60","true","53059576889675","5.79"
"Glucosamine Complex Capsules","MERGE","VV-VITA-158","10778996080971","glucosamine-complex-capsules","MERGE","In every capsule: vegan glucosamine from fermentation, paired with MSM, phytodroitin and devil’s claw. Vitamin C supports normal collagen formation for the normal function of cartilage, while zinc contributes to the maintenance of normal bones","Vegavero","","Complex, quantity-discount","REPLACE","2025-07-30 11:21:58 +0200","2026-06-04 12:41:37 +0200","Active","true","2025-07-30 11:21:59 +0200","global","rich-product","false","https://www.vegavero.com/products/glucosamine-complex-capsules","1302","61","true","53059578036555","8.76"
"Guggul Extract Capsules","MERGE","VV-VITA-197","10778996244811","guggul-extract-capsules","MERGE","Golden resin from the ancient guggul tree — transformed into a concentrated extract. Each daily serving delivers 500 mg guggul extract (10:1), standardized to 5% guggulsterone.","Vegavero","","Classic, quantity-discount","REPLACE","2025-07-30 11:22:05 +0200","2026-06-03 13:06:36 +0200","Active","true","2025-07-30 11:22:06 +0200","global","standard-product-plus","false","https://www.vegavero.com/products/guggul-extract-capsules","0","62","true","53059578822987","8.46"
"Garlic Plus Capsules","MERGE","VV-VITA-318","10778996408651","garlic-capsules","MERGE","Garlic Plus combines garlic extract (providing 4 mg allicin) with hawthorn and olive leaf extracts in a well-balanced botanical formula. The blend brings together three traditionally valued plants known for their natural harmony and versatility.","Vegavero","","Classic","REPLACE","2025-07-30 11:22:13 +0200","2026-06-03 20:02:26 +0200","Active","true","2025-07-30 11:22:13 +0200","global","standard-product-plus","false","https://www.vegavero.com/products/garlic-capsules","286","63","true","53059579347275","4.55"
"Hyaluronic Acid Capsules","MERGE","VV-VITA-57-V2","10778996572491","hyaluronic-acid-capsules","MERGE","This product provides 600 mg of pure hyaluronic acid obtained through glucose fermentation with Streptococcus zooepidemicus. It offers a high-purity form of hyaluronic acid known as a natural component of connective tissue and skin.","Vegavero","","Classic","REPLACE","2025-07-30 11:22:20 +0200","2026-06-04 04:00:23 +0200","Active","true","2025-07-30 11:22:20 +0200","global","standard-product-plus-faq","false","https://www.vegavero.com/products/hyaluronic-acid-capsules","673","64","true","53059579871563","8.82"
"Hyaluronic Acid Capsules","MERGE","VV-VITA-57-V","10778996572491","hyaluronic-acid-capsules","MERGE","","Vegavero","","Classic","REPLACE","2025-07-30 11:22:20 +0200","2026-06-04 04:00:23 +0200","Active","true","2025-07-30 11:22:20 +0200","global","standard-product-plus-faq","false","https://www.vegavero.com/products/hyaluronic-acid-capsules","673","65","","53059579838795","16.88"
"Iron Bisglycinate Capsules","MERGE","VV-VITA-49","10778996900171","iron-bisglycinate-capsules","MERGE","Each serving provides 30 mg of iron in the gentle and well-absorbed bisglycinate form, combined with vitamin C from acerola extract to support iron uptake. The formula is complemented by B-vitamins, folate (5-MTHF), and vitamin B12, contributing to normal energy-yielding metabolism and red blood cell formation.","Vegavero","","Classic, quantity-discount","REPLACE","2025-07-30 11:22:31 +0200","2026-06-04 12:41:27 +0200","Active","true","2025-07-30 11:22:31 +0200","global","rich-product-light","false","https://www.vegavero.com/products/iron-bisglycinate-capsules","440","66","true","53059580756299","6.48"
"Iron Gummies","MERGE","VV-VITA-366","10778997129547","iron-gummies","MERGE","These fruit-based gummies provide iron in the form of iron(II) lactate, offering a convenient alternative to tablets or capsules. Made with 97% fruit concentrates and purees and no added sugar or artificial sweeteners, they deliver a naturally pleasant taste.","Vegavero","","Gummies","REPLACE","2025-07-30 11:22:37 +0200","2026-06-03 03:00:53 +0200","Active","true","2025-07-30 11:22:38 +0200","global","standard-product-plus","false","https://www.vegavero.com/products/iron-gummies","-10","67","true","53059582624075","3.51"
"St. John's Wort + Passion Flower Capsules Organic","MERGE","VV-VITA-199","10778997293387","st-johns-wort-passion-flower-capsules-organic","MERGE","<p><meta charset=""utf-8"">Unlike products that use simple powdered herbs, our formula combines organic extracts of <em data-start=""329"" data-end=""346"">St. John’s Wort</em> (<em data-start=""348"" data-end=""370"">Hypericum perforatum</em>) and <em data-start=""376"" data-end=""392"">Passion Flower</em> (<em data-start=""394"" data-end=""416"">Passiflora incarnata</em>). Each capsule provides 500 mg of organic St. John’s Wort extract (0.075% hypericin) and 200 mg of organic Passion Flower extract, both derived from carefully selected flowering tops.</p>","Vegavero","","Organic","REPLACE","2025-07-30 11:22:45 +0200","2026-06-03 13:06:37 +0200","Active","true","2025-11-14 00:27:26 +0100","global","rich-product-light","false","https://www.vegavero.com/products/st-johns-wort-passion-flower-capsules-organic","338","68","true","53059583082827",""
"Keto Power Complex Capsules","MERGE","VV-VITA-373","10778997522763","keto-power-complex-capsules","MERGE","<h3>ULTIMATE KETO COMPANION</h3><p>Our Keto Power is a synergistic complex designed to provide optimal support for a ketogenic diet. It combines valuable plant extracts from konjac root, green tea, and cayenne pepper, enhanced with L-carnitine (using the branded Carnipure®) as well as essential vitamins and minerals.</p><p>Key nutrients like choline and zinc play an essential role in this formula, as they contribute to normal fatty acid metabolism. Vitamin B6 aids in normal energy and protein metabolism, while chromium is important for maintaining normal blood sugar levels.</p><p>Unlike many other keto products, we place significant emphasis on gut health with our Keto Power. Glucomannan, a natural dietary fiber from konjac root, helps regulate appetite and reduce hunger. Additionally, inulin, a water-soluble dietary fiber, supports a healthy intestinal flora.</p>","Vegavero","","Complex","REPLACE","2025-07-30 11:22:52 +0200","2026-06-03 03:00:53 +0200","Active","true","2025-07-30 11:22:52 +0200","global","","false","https://www.vegavero.com/products/keto-power-complex-capsules","170","69","true","53059583770955","4.10"
"Kudzu Plus Capsules","MERGE","VV-VITA-216","10778997719371","kudzu-plus-capsules","MERGE","Kudzu Plus combines kudzu root extract (standardised to 8% isoflavones) with oat extract (2% flavones) and acerola extract providing natural vitamin C. This balanced blend brings together three botanicals traditionally valued for their natural composition and plant-based nutrients.","Vegavero","","Classic, quantity-discount","REPLACE","2025-07-30 11:23:01 +0200","2026-06-03 20:02:10 +0200","Active","true","2025-07-30 11:23:02 +0200","global","standard-product-plus-faq","false","https://www.vegavero.com/products/kudzu-plus-capsules","313","70","true","53059584459083","5.66"
"L-Glutamine Powder","MERGE","VV-VITA-368","10778998210891","l-glutamine-powder","MERGE","Pure and simple — just 100% L-glutamine, one of the body’s most abundant amino acids. Dissolving easily in water, it’s a clean and versatile choice for anyone who wants to naturally complement their daily nutrition.","Vegavero","","Sport","REPLACE","2025-07-30 11:23:23 +0200","2026-06-03 23:06:47 +0200","Active","true","2025-07-30 11:23:24 +0200","global","standard-product-plus","false","https://www.vegavero.com/products/l-glutamine-powder","284","71","true","53059586326859","5.35"
"L-Carnitine Plus Capsules","MERGE","VV-VITA-327","10778998079819","l-carnitine-plus-capsules","MERGE","<h3>UNIQUE PRE-WORKOUT SUPPLEMENT</h3><p>Our L-Carnitine Plus is a synergistic complex specially developed for figure-conscious people to support the fat &amp; energy metabolism. We use L-carnitine in the form of tartrate and not acetylcarnitine, as we have developed this product mainly for athletes and figure-conscious people. The high-quality Carnipure® raw material from the company Lonza has already been tested in numerous studies.</p><p>In addition to Carnipure, our L-Carnitine Plus capsules contain chromium in the form of chromium picolinate, which can be absorbed particularly well by the body. Our 10:1 green coffee extract contains at least 50% chlorogenic acid, a substance on which the positive properties of green coffee are based. The combination is rounded off with selected B vitamins (B2, B3, B6, B9) and choline from choline bitrate.</p>","Vegavero","","Sport","REPLACE","2025-07-30 11:23:16 +0200","2026-06-03 03:00:53 +0200","Archived","false","","web","","false","https://www.vegavero.com/products/l-carnitine-plus-capsules","0","72","true","53059585835339","7.18"
"L-Arginine Plus Capsules","MERGE","VV-VITA-160","10778997883211","l-arginine-plus-capsules","MERGE","L-Arginine Plus combines L-arginine with maca root, cordyceps, and tribulus extracts, along with vitamin C and zinc. The synergistic formula provides natural plant extracts and nutrients that contribute to normal immune function and cell protection from oxidative stress.","Vegavero","","Sport","REPLACE","2025-07-30 11:23:09 +0200","2026-06-03 03:00:53 +0200","Archived","false","","web","standard-product-plus","false","https://www.vegavero.com/products/l-arginine-plus-capsules","0","73","true","56681301279051",""
"L-Glutathione Complex Capsules","MERGE","VV-VITA-355","10778998407499","l-glutathione-complex-capsules","MERGE","This advanced blend combines liposomal glutathione (PureWay™ G) with NAC, glycine, L-glutamine, MSM, milk thistle extract, turmeric extract and sunflower-derived phospholipids, plus magnesium vitamin C, folate, selenium and vitamin B6. Together, they help protect cells from oxidative stress and maintain natural metabolic balance.","Vegavero","","Complex, quantity-discount","REPLACE","2025-07-30 11:23:31 +0200","2026-06-04 04:00:20 +0200","Active","true","2025-07-30 11:23:32 +0200","global","rich-product","false","https://www.vegavero.com/products/l-glutathione-complex-capsules","0","74","true","53059586916683","8.64"
"L-Tyrosine Plus Capsules","MERGE","VV-VITA-339","10778998669643","l-tyrosine-plus-capsules","MERGE","L-Tyrosine Plus combines L-tyrosine with essential nutrients such as iodine, selenium, and B-vitamins that contribute to normal cognitive and thyroid function as well as energy-yielding metabolism. This thoughtful blend supports your daily rhythm with nutrients that help keep body and mind in balance.","Vegavero","","Classic","REPLACE","2025-07-30 11:23:42 +0200","2026-06-03 03:00:53 +0200","Active","true","2025-07-30 11:23:42 +0200","global","standard-product-plus","false","https://www.vegavero.com/products/l-tyrosine-plus-capsules","-10","75","true","53059587932491","6.62"
"Light Legs Complex Capsules","MERGE","VV-VITA-136","10778998866251","light-legs-complex-capsules","MERGE","Light Legs Complex blends grape leaf, butcher’s broom, blueberry, gotu kola, and horsetail extracts in a harmonious plant-based formula. Rich in naturally occurring flavonoids and anthocyanidins, it’s designed to complement an active lifestyle and support everyday well-being.","Vegavero","","Complex","REPLACE","2025-07-30 11:23:48 +0200","2026-06-04 12:41:26 +0200","Active","true","2025-07-30 11:23:49 +0200","global","rich-product-light","false","https://www.vegavero.com/products/light-legs-complex-capsules","4268","76","true","53059588882763","7.26"
"Liposomal Vitamin C Capsules","MERGE","VV-VITA-329","10778998997323","liposomal-vitamin-c-capsules","MERGE","<p>Vitamin C is like a bright splash of sunlight found in many fruits and vegetables. In our liposomal formula, 400 mg of Vitamin C are wrapped in tiny lipid spheres – a gentle vessel that keeps it protected until it reaches its destination.</p>","Vegavero","","Classic","REPLACE","2025-07-30 11:23:55 +0200","2026-06-04 04:00:13 +0200","Active","true","2025-07-30 11:23:56 +0200","global","rich-product","false","https://www.vegavero.com/products/liposomal-vitamin-c-capsules","1940","77","true","53059589407051","5.47"
"Magnesium Bisglycinate Capsules","MERGE","VV-VITA-370","10778999488843","magnesium-bisglycinate-capsules","MERGE","Magnesium plays a role in muscle function, nerve transmission, and energy metabolism. Our highly bioavailable bisglycinate form is easy on the stomach and provides a high dosage of 300-400 mg Magnesium for optimal daily support.								","Vegavero","","Classic, quantity-discount","REPLACE","2025-07-30 11:24:16 +0200","2026-06-04 10:44:13 +0200","Active","true","2025-07-30 11:24:17 +0200","global","rich-product","false","https://www.vegavero.com/products/magnesium-bisglycinate-capsules","192","78","true","53059591274827","5.01"
"MSM Capsules","MERGE","VV-VITA-86","10779000111435","msm-capsules","MERGE","This product delivers 99.9% pure methylsulfonylmethane (MSM), a natural source of organic sulphur found in the body’s connective tissues. Its clean and simple composition makes it an easy choice for anyone seeking high-purity nutritional support.","Vegavero","","Classic, Sport","REPLACE","2025-07-30 11:24:37 +0200","2026-06-03 03:00:54 +0200","Active","true","2025-07-30 11:24:38 +0200","global","rich-product","false","https://www.vegavero.com/products/msm-capsules","-10","79","true","53059593634123","8.05"
"Milk Thistle Plus Capsules","MERGE","VV-VITA-340","10778999947595","milk-thistle-plus-capsules","MERGE","Milk Thistle Plus combines milk thistle extract (standardised to 80% silymarin) with artichoke and dandelion extracts - artichoke and dendelion sourced from controlled organic farming. This botanical trio has been traditionally appreciated for its rich plant compounds and natural harmony.","Vegavero","","Classic","REPLACE","2025-07-30 11:24:30 +0200","2026-06-03 15:00:48 +0200","Active","true","2025-07-30 11:24:31 +0200","global","standard-product-plus","false","https://www.vegavero.com/products/milk-thistle-plus-capsules","1124","80","true","53059592945995","5.94"
"Men Multivitamin Complex Capsules","MERGE","VV-VITA-332","10778999718219","men-multivitamin-complex-capsules","MERGE","","Vegavero","","Complex","REPLACE","2025-07-30 11:24:23 +0200","2026-06-03 03:00:53 +0200","Archived","false","","web","","false","https://www.vegavero.com/products/men-multivitamin-complex-capsules","0","81","true","56680993849675",""
"Mugwort Extract Capsules","MERGE","VV-VITA-264","10779000242507","mugwort-extract-capsules","MERGE","Each serving provides 600 mg of mugwort extract in a 10:1 concentration, standardised to 2% flavonoids. This high-strength extract delivers the full essence of the plant in a concentrated form to complement your daily nutrition.","Vegavero","","Classic, quantity-discount","REPLACE","2025-07-30 11:24:44 +0200","2026-06-03 12:44:09 +0200","Active","true","2025-07-30 11:24:45 +0200","global","standard-product-plus","false","https://www.vegavero.com/products/mugwort-extract-capsules","809","82","true","53059594191179","5.40"
"Multivitamin Junior Spray","MERGE","VV-VITA-202","10779000570187","multivitamin-junior-spray","MERGE","Multi Spray Kids delivers a blend of essential vitamins B1, B2, B6, B12, C, D, E, and K, along with biotin, folate, and pantothenic acid, in a convenient orange-flavoured spray. Designed especially for children, it provides key nutrients that contribute to normal growth, development, and immune function — in a fun and easy-to-take form.","Vegavero","","Junior","REPLACE","2025-07-30 11:24:59 +0200","2026-06-04 07:58:40 +0200","Active","true","2025-07-30 11:24:59 +0200","global","standard-product-plus","false","https://www.vegavero.com/products/multivitamin-junior-spray","138","83","true","53059595239755","2.73"
"Multivitamin Plus Capsules","MERGE","VV-VITA-46","10779000734027","multivitamin-plus-capsules","MERGE","Multivitamin Complex combines vitamins, minerals, and plant extracts including vitamins C, D, B6, B12, folate, zinc, and selenium, which contribute to normal immune function and energy-yielding metabolism. Enhanced with chromium for normal macronutrient metabolism and vitamin B5 to support normal mental performance, this formula provides comprehensive daily nutritional support.","Vegavero","","Classic, quantity-discount","REPLACE","2025-07-30 11:25:06 +0200","2026-06-04 04:00:19 +0200","Active","true","2025-07-30 11:25:07 +0200","global","standard-product-plus","false","https://www.vegavero.com/products/multivitamin-plus-capsules","0","84","true","53059595960651","6.94"
"Multi Magnesium Complex Capsules","MERGE","VV-VITA-243","10779000439115","multi-magnesium-complex-capsules","MERGE","Four magnesium forms come together - providing 375 mg of Magnesium – each absorbed in its own way – along with vitamins B2 and B6, which support normal energy-yielding metabolism. A simple addition to your day that fits effortlessly into any routine.								","Vegavero","","Complex, quantity-discount","REPLACE","2025-07-30 11:24:52 +0200","2026-06-04 13:12:10 +0200","Active","true","2025-07-30 11:24:52 +0200","global","rich-product","false","https://www.vegavero.com/products/multi-magnesium-complex-capsules","4174","85","true","53059594781003","6.14"
"Mushroom Mix Complex Capsules","MERGE","VV-VITA-259","10779000897867","mushroom-mix-complex-capsules","MERGE","<p>Six premium mushroom extracts – from Reishi to Cordyceps to Agaricus – united in one complex. Rich in β-glucans, polysaccharides and hericenone, lab-tested and completely free from additives. Pure mushroom power!</p>","Vegavero","","Complex, quantity-discount","REPLACE","2025-07-30 11:25:13 +0200","2026-06-03 03:00:54 +0200","Active","true","2025-07-30 11:25:13 +0200","global","rich-product-light","false","https://www.vegavero.com/products/mushroom-mix-complex-capsules","410","86","true","53059596648779","8.57"
"Myo-Inositol Complex Capsules","MERGE","VV-VITA-231","10779001061707","myo-inositol-complex-capsules","MERGE","This balanced blend combines myo-inositol and D-chiro-inositol with essential micronutrients. Each daily serving provides 1800 mg myo-inositol and 200 mg D-chiro-inositol. The ingredients are provided in bioavailable forms, including Quatrefolic® folate and chromium picolinate								","Vegavero","","Complex, quantity-discount","REPLACE","2025-07-30 11:25:20 +0200","2026-06-04 12:41:47 +0200","Active","true","2025-07-30 11:25:20 +0200","global","rich-product","false","https://www.vegavero.com/products/myo-inositol-complex-capsules","1092","87","true","53059597205835","7.05"
"Myo-Inositol Powder","MERGE","VV-VITA-381","10779001291083","myo-inositol-powder","MERGE","This Myo-inositol powder delivers a pure and highly soluble form of inositol designed to be taken with 2-4 scoops (approx. 4 g) daily, making it a versatile addition to your routine. The single-ingredient, vegan formulation mixes easily into water or smoothies for balanced nutritional support.","Vegavero","","Classic","REPLACE","2025-07-30 11:25:27 +0200","2026-06-04 04:00:16 +0200","Active","true","2025-07-30 11:25:27 +0200","global","rich-product","false","https://www.vegavero.com/products/myo-inositol-powder","-1","88","true","53059598877003","3.42"
"NAC Capsules","MERGE","VV-VITA-311","10779001487691","nac-capsules","MERGE","Each serving provides 600 mg of N-acetyl-L-cysteine (NAC) obtained through fermentation. NAC is a stable form of the amino acid cysteine and a key precursor to glutathione, one of the body’s most important endogenous antioxidants.","Vegavero","","Classic, quantity-discount","REPLACE","2025-07-30 11:25:34 +0200","2026-06-04 07:58:36 +0200","Active","true","2025-07-30 11:25:35 +0200","global","rich-product","false","https://www.vegavero.com/products/nac-capsules","126","89","true","53059599499595","5.58"
"Nattokinase Capsules","MERGE","VV-VITA-371","10779001684299","nattokinase-capsules","MERGE","These nattokinase capsules feature a concentrated enzyme extract derived from fermented soy, formulated without unnecessary additives. Designed for daily use, the product focuses on providing a natural enzyme profile in a convenient vegan format.","Vegavero","","Classic","REPLACE","2025-07-30 11:25:41 +0200","2026-06-04 12:42:30 +0200","Active","true","2025-07-30 11:25:42 +0200","global","standard-product-plus","false","https://www.vegavero.com/products/nattokinase-capsules","997","90","true","53059600253259","4.86"
"Vitamin B3 (Nicotinamide) Capsules","MERGE","VV-VITA-170","10779002044747","vitamin-b3-nicotinamide-capsules","MERGE","Each vegan capsule supplies nicotinamide (vitamin B3) in a gentle, flush-free form with a recommended dosage of 1 capsule per day. This clean formulation supports energy metabolism with a targeted essential nutrient in an easy-to-use format.","Vegavero","","Classic","REPLACE","2025-07-30 11:25:55 +0200","2026-06-04 12:41:37 +0200","Active","true","2025-07-30 11:25:56 +0200","global","standard-product-plus-faq","false","https://www.vegavero.com/products/vitamin-b3-nicotinamide-capsules","1439","91","true","53059601334603","4.63"
"Olive Leaf Extract Capsules","MERGE","VV-VITA-174","10779002470731","olive-leaf-extract-capsules","MERGE","These olive leaf extract capsules deliver a rich source of oleuropein and other natural polyphenols in a vegan formula free from synthetic fillers. Standardised botanical extract offers 500 mg Olive leave extract in each daily serving.","Vegavero","","Classic","REPLACE","2025-07-30 11:26:09 +0200","2026-06-04 11:22:09 +0200","Active","true","2025-07-30 11:26:10 +0200","global","standard-product-plus","false","https://www.vegavero.com/products/olive-leaf-extract-capsules","318","92","true","53059604316491","6.68"
"Nootropic Pro Complex Capsules","MERGE","VV-VITA-331","10779002306891","nootropic-pro-complex-capsules","MERGE","<h3>NOOTROPIC PRO</h3>
<p>Nootropics are substances that have a positive influence on mental performance. In addition to the well-known nootropics brahmi, ginkgo and ginseng, our Nootropic Pro contains B vitamins that contribute to normal mental performance and reduce fatigue.</p>
<p>To get as much as possible out of the selected plants, we have opted for highly concentrated extracts. This also allows us to ensure standardisation of the most relevant bioactive ingredients for our product. For example, our Brahmi extract (50:1) contains at least 50% bacosides, the Ginkgo extract (50:1) 24% flavone glycosides and our Panax Ginseng extract (8:1) 20% ginsenosides.</p>
<p>Our complex is rounded off with omega 3, which is important for brain health. We use the high-quality branded raw material AvailOm. This is obtained from microalgae and is rich in the physiologically most important omega-3 form DHA (docosahexaenoic acid)</p>","Vegavero","","Complex","REPLACE","2025-07-30 11:26:02 +0200","2026-06-03 03:00:54 +0200","Archived","false","","web","","false","https://www.vegavero.com/products/nootropic-pro-complex-capsules","0","93","true","53059603824971","5.56"
"Omega 3 + ADEK Oil Capsules","MERGE","VV-VITA-352","10779002634571","omega-3-adek-oil-capsules","MERGE","This oil formulation unites essential omega-3 fatty acids with fat-soluble vitamins A, D, E and K. The vegan blend emphasises high-quality plant-derived lipids alongside key micronutrients for daily nutritional balance.","Vegavero","","quantity-discount, Vegan Oils","REPLACE","2025-07-30 11:26:16 +0200","2026-06-03 03:00:55 +0200","Active","true","2025-07-30 11:26:17 +0200","global","rich-product","false","https://www.vegavero.com/products/omega-3-adek-oil-capsules","-10","94","true","53059604840779","8.57"
"Omega 3 Oil Capsules","MERGE","VV-VITA-223","10779002765643","omega-3-oil-capsules","MERGE","Each daily serving provides 1,500 mg of DHA- and EPA-rich oil from the microalga Schizochytrium sp., delivering over 750 mg of omega-3 fatty acids. DHA contributes to the maintenance of normal brain function and vision, while DHA and EPA together support normal heart function.","Vegavero","","quantity-discount, Vegan Oils","REPLACE","2025-07-30 11:26:23 +0200","2026-06-04 12:53:37 +0200","Active","true","2025-07-30 11:26:24 +0200","global","rich-product","false","https://www.vegavero.com/products/omega-3-oil-capsules","4746","95","true","53059605299531","8.63"
"OPC Trio Capsules","MERGE","VV-VITA-358","10779002929483","opc-trio-capsules","MERGE","<h3>POWERFUL TRIO</h3><p>In our OPC Trio, we rely on natural plant power and combine 500 mg grape seed extract, 410 mg beetroot extract and 330 mg pomegranate extract. We use a particularly high-quality grape seed extract from Italy with &gt;85% OPC (oligomeric proanthocyanidins), which is sensibly supplemented with extracts from beetroot and pomegranate. Our product is therefore a valuable source of natural antioxidants and secondary plant substances.</p><p>We have selected high-quality extracts that are standardised for active ingredients such as OPC, betaine and ellagic acid. For our grape seed extract, Prosecco grapes from the Veneto region are harvested and extracted using an innovative water extraction process via membranes.</p>","Vegavero","","Classic","REPLACE","2025-07-30 11:26:30 +0200","2026-06-03 13:07:12 +0200","Active","true","2025-07-30 11:26:31 +0200","global","","false","https://www.vegavero.com/products/opc-trio-capsules","51","96","true","53059605791051","8.02"
"Artichoke Extract Capsules Organic","MERGE","VV-VITA-206","10779002995019","artichoke-extract-capsules-organic","MERGE","Organic artichoke extract capsules provide a concentrated 20:1 leaf extract with about 2,000 mg artichoke extract and 2.5 % cynarin per daily dose. The standard dose of 3 capsules daily ensures a high-strength botanical in a clean vegan formula.","Vegavero","","Organic","REPLACE","2025-07-30 11:26:37 +0200","2026-06-03 15:00:43 +0200","Active","true","2025-07-30 11:26:38 +0200","global","standard-product-plus","false","https://www.vegavero.com/products/artichoke-extract-capsules-organic","311","97","true","53059606151499","5.16"
"Ashwagandha Capsules Organic","MERGE","VV-VITA-153","10779003224395","ashwagandha-capsules-organic","MERGE","Made from certified organic ashwagandha, this botanical capsule offers a traditional Ayurvedic herb in a vegan format, typically taken in multiple capsules daily. With a naturally occurring withanolide profile, it provides plant-derived adaptogens without synthetic fillers.","Vegavero","","Organic, quantity-discount","REPLACE","2025-07-30 11:26:52 +0200","2026-06-04 04:00:09 +0200","Active","true","2025-07-30 11:26:52 +0200","global","rich-product","false","https://www.vegavero.com/products/ashwagandha-capsules-organic","700","98","true","53059607265611","5.46"
"Artichoke and Black Radish Extracts Capsules Organic","MERGE","VV-VITA-294","10779003060555","artichoke-and-black-radish-extracts-capsules-organic","MERGE","<h3>ORGANIC EXTRACTS FROM FRANCE</h3><p>We do not use simple plant powders or conventional plant extracts for our product. Instead, we rely on high-quality organic extracts! Both our organic artichoke extract and our organic black radish extract come from France. The plants are grown there under controlled organic conditions and gently processed into extracts. We use 500 mg organic artichoke extract in a ratio of 20:1, which corresponds to 10,000 mg organic artichoke leaf powder per capsule. At 250 mg per capsule, our 3:1 organic black radish extract is equivalent to 750 mg of dried radish.</p><p>Artichokes are rich in antioxidants. The leaves in particular are an excellent source of the bitter substance cynarin. Our organic artichoke extract contains at least 2.5% cynarin. Black radish is in no way inferior. Among other things, it is rich in sulphur compounds, which are also contained in our organic black radish extract.</p><p> </p><h3>SPECIALLY DEVELOPED FOR</h3><ul>
<li>Artichoke is a powerful thistle which ranks amongst the most antioxidant rich vegetables. The leaves are a great source of different phytocompounds like caffeic acids (chlorogenic acid, rosmarinic acid and cynarin) and luteolin.</li>
<li>In traditional medicine, artichokes and black radishes have been primarily used for supporting liver function.</li>
<li>The ancient Greeks and Romans regarded the artichoke as a valuable digestive aid.</li>
</ul><p> </p><h3>GOOD TO KNOW</h3><ul>
<li>In the early 1900s, French scientists began to investigate the traditional medicinal uses of the artichoke. Later, Italian scientists isolated cynarin from artichoke leaves.</li>
<li>Until the 16th century, women were prohibited from eating them in many countries because they were considered to have aphrodisiac properties.</li>
<li>Black radishes were considered sacred in Ancient Egypt. Drawings of radishes found in Egyptian tombs can be traced back to 2000 BCE, and written texts from the Greek historian Herodotus also mention that Egyptians thought that radishes contained high energy due to their spicy, warming flavor. Black radishes were frequently fed to workers building the pyramids to sustain and increase energy levels. Egyptian workers typically ate two meals a day, and while breakfast consisted mostly of bread and beer, their evening meal incorporated radishes</li>
</ul><p> </p>","Vegavero","","Organic","REPLACE","2025-07-30 11:26:45 +0200","2026-06-03 03:00:55 +0200","Archived","false","","web","","false","https://www.vegavero.com/products/artichoke-and-black-radish-extracts-capsules-organic","0","99","true","56680971993419",""
"Ashwagandha KSM-66 Extract Capsules Organic","MERGE","VV-VITA-344","10779003289931","ashwagandha-ksm-66-capsules-organic","MERGE","Featuring organic KSM-66® ashwagandha root extract with a daily dosage of 600 mg, this concentrated formula delivers a standardised level of 30 mg bioactive withanolides. Designed for daily use, it brings a premium, additive-free adaptogen to a plant-based supplement selection.","Vegavero","","Organic, quantity-discount","REPLACE","2025-07-30 11:26:59 +0200","2026-06-04 12:42:16 +0200","Active","true","2025-07-30 11:27:00 +0200","global","rich-product","false","https://www.vegavero.com/products/ashwagandha-ksm-66-capsules-organic","229","100","true","53059607691595","8.92"
"Astaxanthin Oil Capsules Organic","MERGE","VV-VITA-364","10779003388235","astaxanthin-oil-capsules-organic","MERGE","<p>Organic Astaxanthin, the vibrant marine carotenoid, is produced by microalgae and gives salmon their red hue and flamingos their pink glow. We gently CO₂-extract it and blend it into premium organic oil. Providing 8 mg of Astaxanthin daily – keeping it pure and close to nature.</p>","Vegavero","","quantity-discount, Vegan Oils","REPLACE","2025-07-30 11:27:07 +0200","2026-06-04 08:23:57 +0200","Active","true","2025-07-30 11:27:07 +0200","global","rich-product","false","https://www.vegavero.com/products/astaxanthin-oil-capsules-organic","9078","101","true","53059608281419","7.71"
"Brahmi Tablets Organic","MERGE","VV-VITA-250","10779003552075","brahmi-tablets-organic","MERGE","These organic Brahmi tablets supply bacoside-rich plant extract in a simple daily tablet. The clean formulation brings 1500 mg of organic Brahmi with 30 mg of bacosides in a daily serving.","Vegavero","","Organic","REPLACE","2025-07-30 11:27:14 +0200","2026-06-04 13:15:59 +0200","Active","true","2025-07-30 11:27:14 +0200","global","standard-product-plus","false","https://www.vegavero.com/products/brahmi-tablets-organic","1222","102","true","53059608871243","5.09"
"Black Cumin Seed Oil Capsules Organic","MERGE","VV-VITA-222","10779003650379","black-cumin-seed-oil-capsules-organic","MERGE","Black seed oil, has been valued for centuries in traditional wellness practices. 
Our organic capsules deliver 1000 mg of pure, cold-pressed Nigella sativa oil per daily dose, rich in natural thymoquinone and essential fatty acids.							","Vegavero","","quantity-discount, Vegan Oils","REPLACE","2025-07-30 11:27:29 +0200","2026-06-04 12:41:47 +0200","Active","true","2025-07-30 11:27:30 +0200","global","rich-product","false","https://www.vegavero.com/products/black-cumin-seed-oil-capsules-organic","2533","103","true","53059609723211","6.68"
"Bilberry & Pine Bark Extracts Capsules Organic","MERGE","VV-VITA-262","10779003584843","bilberry-pine-bark-capsules-organic","MERGE","These capsules combine 600 mg organic bilberry extract, rich in anthocyanins, with 200 mg pine bark extract supplying proanthocyanidins. Together they offer a diverse spectrum of natural plant antioxidants in a vegan-friendly blend.","Vegavero","","Organic","REPLACE","2025-07-30 11:27:21 +0200","2026-06-03 03:00:55 +0200","Active","true","2025-07-30 11:27:22 +0200","global","standard-product-plus","false","https://www.vegavero.com/products/bilberry-pine-bark-capsules-organic","330","104","true","53059609297227","6.43"
"Brahmi + Hericium Capsules Organic","MERGE","VV-VITA-335","10779004240203","brahmi-hericium-capsules-organic","MERGE","<h3>AYURVEDA AND TCM IN COMBINATION</h3><p>Ayurveda and traditional Chinese medicine (TCM) come together in our unique <strong>organic Brahmi</strong> + <strong>Hericium</strong> capsules. As powerful <strong>nootropics</strong>, the two ingredients form an unbeatable team.</p><p>But it is not only the combination itself that is unique. Unlike other suppliers, we use <strong>organic extracts</strong> and not simple organic powders or conventional extracts. They are also standardised to the most significant ingredients for Brahmi and Hericium - <strong>Bacosides</strong> (2%), <strong>Hericenones</strong> (2%) and <strong>Polysaccharides</strong> (20%).</p><p>We also use highly concentrated extracts for our product - a <strong>450 mg of organic Brahmi powder</strong> and a <strong>20:1 organic Hericium extract</strong>. This is the equivalent of <strong>18 mg of Bacosides from Brahmi</strong> powder and <strong>10,000 mg of Hericium</strong> powder in just two capsules.</p>","Vegavero","","Organic","REPLACE","2025-07-30 11:27:36 +0200","2026-06-03 03:00:55 +0200","Archived","false","","web","","false","https://www.vegavero.com/products/brahmi-hericium-capsules-organic","0","105","true","56681049948491",""
"Chaga Extract Capsules Organic","MERGE","VV-VITA-284","10779004469579","chaga-extract-capsules-organic","MERGE","Organic Chaga extract provides beta-glucanes and polysaccharides characteristic of this wild-grown mushroom. The concentrated extract offers 600 mg from Chaga’s naturally rich nutrient profile.","Vegavero","","Organic, quantity-discount","REPLACE","2025-07-30 11:27:44 +0200","2026-06-03 03:00:55 +0200","Active","true","2025-07-30 11:27:44 +0200","global","standard-product-plus","false","https://www.vegavero.com/products/chaga-extract-capsules-organic","1679","106","true","53059611984203","6.77"
"Chia Seed Oil Capsules Organic","MERGE","VV-VITA-319","10779004961099","chia-seed-oil-capsules-organic","MERGE","Organic chia seed oil delivers a plant-based source of omega-3 fatty acids (ALA) along with naturally occurring antioxidants in a daily dosage of 1400 mg. Cold pressing preserves the oil’s native composition, making each capsule a clean source of essential fatty acids.","Vegavero","","Vegan Oils","REPLACE","2025-07-30 11:27:51 +0200","2026-06-03 20:02:27 +0200","Active","true","2025-07-30 11:27:51 +0200","global","","false","https://www.vegavero.com/products/chia-seed-oil-capsules-organic","302","107","true","53059613196619","6.07"
"Chlorella Capsules Organic","MERGE","VV-VITA-186","10779005485387","chlorella-tablets-organic","MERGE","Organic chlorella powder with 3 g daily serving in 3 tabletts provide chlorophyll, carotenoids, and minerals from nutrient-dense freshwater algae. Its natural cell-wall composition makes it a compact way to include green superfood nutrition each day.","Vegavero","","Organic, quantity-discount","REPLACE","2025-07-30 11:27:58 +0200","2026-06-03 03:00:55 +0200","Active","true","2025-07-30 11:27:58 +0200","global","","false","https://www.vegavero.com/products/chlorella-tablets-organic","-4","108","true","53059614081355","7.09"
"Chlorella & Spirulina Capsules Organic","MERGE","VV-VITA-88","10779005780299","chlorella-spirulina-capsules-organic","MERGE","This blend combines 1000 mg organic chlorella with 1000 mg organic spirulina to deliver a diverse microalgae spectrum. Rich in chlorophyll and natural micronutrients, it offers a balanced green-food complex in capsules.","Vegavero","","Organic, quantity-discount","REPLACE","2025-07-30 11:28:05 +0200","2026-06-03 20:01:46 +0200","Active","true","2025-07-30 11:28:05 +0200","global","standard-product-plus","false","https://www.vegavero.com/products/chlorella-spirulina-capsules-organic","1083","109","true","53059614703947","8.13"
"Ceylon Cinnamon Extract Capsules Organic","MERGE","VV-VITA-316","10779006042443","ceylon-cinnamon-extract-capsules-organic","MERGE","Made exclusively from organic Ceylon cinnamon, this extract provides the characteristic polyphenols of Cinnamomum verum. Its refined formulation avoids cassia varieties and focuses on the delicate natural compounds of true cinnamon.","Vegavero","","Organic","REPLACE","2025-07-30 11:28:12 +0200","2026-06-04 10:37:16 +0200","Active","true","2025-07-30 11:28:12 +0200","global","standard-product-plus","false","https://www.vegavero.com/products/ceylon-cinnamon-extract-capsules-organic","315","110","true","53059615523147","6.02"
"Cordyceps Sinensis Extract Capsules Organic","MERGE","VV-VITA-351","10779006206283","cordyceps-sinensis-capsules-organic","MERGE","These organic capsules contain 650 mg Cordyceps extract with naturally occurring adenosine and polysaccharides. The carefully processed mushroom extract provides a clean and concentrated way to benefit from this traditional fungus.","Vegavero","","Organic, quantity-discount","REPLACE","2025-07-30 11:28:19 +0200","2026-06-03 03:00:56 +0200","Active","true","2025-07-30 11:28:20 +0200","global","standard-product-plus","false","https://www.vegavero.com/products/cordyceps-sinensis-capsules-organic","139","111","true","53059616309579","5.70"
"Devil's Claw Extract Capsules Organic","MERGE","VV-VITA-336","10779006337355","devils-claw-capsules-organic","MERGE","Organic Devil’s Claw extract with 1665 mg daily delivers 45 mg harpagosides and other bitter compounds characteristic of this South African root. The vegan formulation provides a straightforward way to include this long-used botanical in your daily intake.","Vegavero","","Organic","REPLACE","2025-07-30 11:28:26 +0200","2026-06-03 03:00:56 +0200","Active","true","2025-07-30 11:28:27 +0200","global","standard-product-plus","false","https://www.vegavero.com/products/devils-claw-capsules-organic","-10","112","true","53059616768331","5.07"
"Evening Primrose Oil & Borage Seed Capsules Organic","MERGE","VV-VITA-227","10779006370123","evening-primrose-oil-borage-seed-oil-capsules-organic","MERGE","This product combines organic evening primrose oil with organic borage seed oil to deliver naturally occurring GLA (gamma-linolenic acid). The pairing provides a complementary fatty acid spectrum obtained solely from cold-pressed seeds.","Vegavero","","quantity-discount, Vegan Oils","REPLACE","2025-07-30 11:28:33 +0200","2026-06-04 04:00:16 +0200","Active","true","2025-07-30 11:28:34 +0200","global","standard-product-plus","false","https://www.vegavero.com/products/evening-primrose-oil-borage-seed-oil-capsules-organic","356","113","true","53059617194315","6.75"
"Fenugreek Capsules Organic","MERGE","VV-VITA-349","10779006501195","fenugreek-capsules-organic","MERGE","Organic fenugreek seed powder provides saponins, fiber, and aromatic plant compounds typical of Trigonella foenum-graecum. The gentle whole-seed preparation makes it easy to incorporate this traditional herb into daily nutrition.","Vegavero","","Organic","REPLACE","2025-07-30 11:28:40 +0200","2026-06-04 11:52:52 +0200","Active","true","2025-07-30 11:28:41 +0200","global","standard-product-plus","false","https://www.vegavero.com/products/fenugreek-capsules-organic","858","114","true","53059617816907","4.37"
"Flaxseed Oil Capsules Organic","MERGE","VV-VITA-258","10779006566731","flaxseed-oil-capsules-organic","MERGE","Cold-pressed organic flaxseed oil offers a plant-based source of alpha-linolenic acid (ALA) along with natural lignans. The capsule format offers 1000 mg of flaxseed oil and delivers a clean, vegan-friendly fatty acid profile.","Vegavero","","Vegan Oils","REPLACE","2025-07-30 11:28:48 +0200","2026-06-03 03:00:57 +0200","Active","true","2025-07-30 11:28:48 +0200","global","standard-product-plus","false","https://www.vegavero.com/products/flaxseed-oil-capsules-organic","320","115","true","53059618210123","5.03"
"Glucomannan Capsules Organic","MERGE","VV-VITA-369","10779006730571","glucomannan-capsules-organic","MERGE","These capsules provide 4 gramm of organic glucomannan, a natural soluble fiber extracted from konjac root. Its exceptional swelling capacity allows it to form a gel-like texture in the stomach, offering a gentle and plant-derived fiber source.","Vegavero","","Organic","REPLACE","2025-07-30 11:28:57 +0200","2026-06-04 00:14:15 +0200","Active","true","2025-07-30 11:28:58 +0200","global","standard-product-plus","false","https://www.vegavero.com/products/glucomannan-capsules-organic","560","116","true","53059620274507","5.47"
"Horse Chestnut Capsules Organic","MERGE","VV-VITA-208","10779006828875","horse-chestnut-capsules-organic","MERGE","From tree and vine to capsule – horse chestnut seeds and red vine leaves have been trusted in European herbal tradition for generations. Each daily serving of two capsules provides 800 mg horse chestnut extract, 460 mg red vine leaf extract and 70 mg acerola.								","Vegavero","","Organic, quantity-discount","REPLACE","2025-07-30 11:29:05 +0200","2026-06-03 23:00:37 +0200","Active","true","2025-07-30 11:29:05 +0200","global","rich-product","false","https://www.vegavero.com/products/horse-chestnut-capsules-organic","940","117","true","53059620864331","7.35"
"Horsetail Extract Capsules Organic","MERGE","VV-VITA-215","10779006927179","horsetail-extract-capsules-organic","MERGE","Organic horsetail extract contains silica, flavonoids, and other naturally occurring compounds found in Equisetum arvense. The extract form concentrates its characteristic constituents into a convenient daily dose of 1000 mg.","Vegavero","","Organic","REPLACE","2025-07-30 11:29:12 +0200","2026-06-03 03:00:57 +0200","Active","true","2025-07-30 11:29:12 +0200","global","standard-product-plus","false","https://www.vegavero.com/products/horsetail-extract-capsules-organic","271","118","true","53059621454155","5.78"
"Lecithin Oil Capsules Organic","MERGE","VV-VITA-257","10779007025483","lecithin-oil-capsules-organic","MERGE","Organic lecithin oil provides phospholipids such as phosphatidylcholine and phosphatidylinositol, which are integral components of cell membranes. The oil-based capsule preserves the natural fatty acid composition of sunflower lecithin. We reommend a daily dose of 1800 mg. ","Vegavero","","quantity-discount, Vegan Oils","REPLACE","2025-07-30 11:29:19 +0200","2026-06-04 12:41:57 +0200","Active","true","2025-07-30 11:29:20 +0200","global","standard-product-plus-faq","false","https://www.vegavero.com/products/lecithin-oil-capsules-organic","3041","119","true","53059622404427","8.75"
"Lion's Mane Capsules Organic","MERGE","VV-VITA-173","10779007123787","lions-mane-capsules-organic","MERGE","Using organic Lion’s Mane mushroom powder, these capsules deliver naturally occurring polysaccharides with a standardisation of 50% found in Hericium erinaceus. The gentle processing preserves the mushroom’s full nutrient spectrum.","Vegavero","","Organic","REPLACE","2025-07-30 11:29:26 +0200","2026-06-04 12:41:37 +0200","Active","true","2025-07-30 11:29:27 +0200","global","rich-product-light","false","https://www.vegavero.com/products/lions-mane-capsules-organic","3132","120","true","53059622928715","5.45"
"Maitake Capsules Organic","MERGE","VV-VITA-172","10779007189323","maitake-capsules-organic","MERGE","Organic Maitake mushroom provides beta-glucans and other polysaccharides characteristic of Grifola frondosa. Its traditional mushroom profile is maintained through careful drying and milling of the fruiting body. Here we recommend a dosage of 500 mg.","Vegavero","","Organic","REPLACE","2025-07-30 11:29:34 +0200","2026-06-03 15:00:46 +0200","Active","true","2025-07-30 11:29:34 +0200","global","standard-product-plus","false","https://www.vegavero.com/products/maitake-capsules-organic","416","121","true","53059623354699","6.15"
"Mushroom Complex Capsules Organic","MERGE","VV-VITA-354","10779007222091","mushroom-complex-capsules-organic","MERGE","This complex combines six organic mushroom species, including Reishi, Shiitake, and Lion’s Mane, to offer a broad array of polysaccharides and phytonutrients. The blend unites various fungal traditions into one balanced formula in organic quality.","Vegavero","","Complex, quantity-discount","REPLACE","2025-07-30 11:29:41 +0200","2026-06-04 04:00:20 +0200","Active","true","2025-07-30 11:29:42 +0200","global","rich-product-light","false","https://www.vegavero.com/products/mushroom-complex-capsules-organic","588","122","true","53059623682379","7.91"
"Oregano Oil Capsules Organic","MERGE","VV-VITA-248","10779007320395","oregano-oil-capsules-organic","MERGE","Each capsule contains organic oregano oil with naturally occurring carvacrol and thymol – aromatic compounds from this sun-loving herb. Traditionally used in cooking and herbal practice, oregano brings the essence of the Mediterranean into a tidy, measured form.								","Vegavero","","quantity-discount, Vegan Oils","REPLACE","2025-07-30 11:29:49 +0200","2026-06-03 19:22:07 +0200","Active","true","2025-07-30 11:29:49 +0200","global","rich-product","false","https://www.vegavero.com/products/oregano-oil-capsules-organic","5180","123","true","53059624206667","5.93"
"Papaya Extract Capsules Organic","MERGE","VV-VITA-190","10779007385931","papaya-extract-capsules-organic","MERGE","Organic papaya extract provides a natural spectrum of fruit-derived phytonutrients and enzymes that originate from the ripe papaya. Its gentle processing concentrates the botanical components into a clean, vegan-friendly capsule, offering a simple way to complement your daily nutrition.","Vegavero","","Organic","REPLACE","2025-07-30 11:29:55 +0200","2026-06-03 03:00:58 +0200","Active","true","2025-07-30 11:29:56 +0200","global","standard-product-plus","false","https://www.vegavero.com/products/papaya-extract-capsules-organic","163","124","true","53059624665419","6.50"
"Pro Bio Capsules Organic","MERGE","VV-VITA-94","10779007451467","pro-bio-capsules-organic","MERGE","This formula combines 20 selected probiotic strains with organic prebiotic fibres to create a complementary blend of live cultures and plant-based substrates. The prebiotic component consists of naturally sourced fibres that are paired with the bacterial strains in clean, vegan capsules.","Vegavero","","Flo Care, quantity-discount","REPLACE","2025-07-30 11:30:02 +0200","2026-06-04 04:00:14 +0200","Active","true","2025-07-30 11:30:03 +0200","global","standard-product-plus","false","https://www.vegavero.com/products/pro-bio-capsules-organic","145","125","true","53059625025867","10.13"
"Psyllium Husks Organic","MERGE","VV-VITA-374","10779007549771","psyllium-husks-organic","MERGE","Organic psyllium husks deliver soluble fiber that forms a natural gel when mixed with liquid. Each scoop provides 5 gramm of a convenient way to support gentle, plant-based fiber intake without flavoring or additives.","Vegavero","","Flo Care","REPLACE","2025-07-30 11:30:09 +0200","2026-06-04 04:00:14 +0200","Active","true","2025-07-30 11:30:10 +0200","global","standard-product-plus","false","https://www.vegavero.com/products/psyllium-husks-organic","642","126","true","53059625845067","5.36"
"Pumpkin Seed Oil Capsules Organic","MERGE","VV-VITA-256","10779007648075","pumpkin-seed-oil-capsules-organic","MERGE","Providing 1,000 mg of organic pumpkin seed oil per daily dose, this formula is a natural source of linoleic acid and other valuable plant compounds. A simple, wholesome way to enrich your everyday nutrition.","Vegavero","","quantity-discount, Vegan Oils","REPLACE","2025-07-30 11:30:16 +0200","2026-06-03 07:41:41 +0200","Active","true","2025-07-30 11:30:17 +0200","global","standard-product-plus","false","https://www.vegavero.com/products/pumpkin-seed-oil-capsules-organic","5449","127","true","53059626369355","8.02"
"Reishi Extract Capsules Organic","MERGE","VV-VITA-155","10779007779147","reishi-extract-capsules-organic","MERGE","Each capsule provides 600 mg of organic reishi extract containing 40% polysaccharides, 30% beta-glucans, and 1% triterpenes from certified organic cultivation. Reishi, also known as the “mushroom of immortality,” is appreciated for its naturally occurring compounds that complement a balanced lifestyle.","Vegavero","","Organic, quantity-discount","REPLACE","2025-07-30 11:30:24 +0200","2026-06-03 03:00:54 +0200","Active","true","2025-07-30 11:30:25 +0200","global","rich-product-light","false","https://www.vegavero.com/products/reishi-extract-capsules-organic","0","128","true","53059626926411","5.60"
"Natural Silicium Capsules Organic","MERGE","VV-VITA-287","10779007975755","silicium-capsules-organic","MERGE","Each daily serving provides 917 mg of organic bamboo extract containing 300 mg of natural silica (silicium) from Bambusa arundinacea. As a plant-based source of this essential trace mineral, it offers natural support for maintaining connective tissues such as skin, hair, nails, and cartilage.","Vegavero","","Natural Vitamin & Mineral","REPLACE","2025-07-30 11:30:38 +0200","2026-06-03 15:00:49 +0200","Active","true","2025-07-30 11:30:38 +0200","global","standard-product-plus","false","https://www.vegavero.com/products/silicium-capsules-organic","498","129","true","53059627909451","6.63"
"Spirulina Tablets Organic","MERGE","VV-VITA-146","10779008074059","spirulina-tablets-organic","MERGE","Each daily serving provides 4,000 mg of organic spirulina powder (Spirulina platensis) from controlled organic cultivation. Naturally rich in plant-based protein, chlorophyll, and micronutrients, it offers a pure and sustainable way to support everyday nutrition.","Vegavero","","Organic, quantity-discount","REPLACE","2025-07-30 11:30:45 +0200","2026-06-03 03:00:54 +0200","Active","true","2025-07-30 11:30:46 +0200","global","rich-product-light","false","https://www.vegavero.com/products/spirulina-tablets-organic","-10","130","true","53059628433739","6.66"
"Rosehip Capsules Organic","MERGE","VV-VITA-189","10779007910219","rosehip-capsules-organic","MERGE","Each daily serving provides 1,400 mg of organic rosehip powder (Rosa canina) sourced from Bulgaria, made from gently dried fruit. Traditionally valued as a natural source of vitamin C and antioxidant plant compounds, it offers a pure and wholesome way to complement a balanced diet.","Vegavero","","Organic, quantity-discount","REPLACE","2025-07-30 11:30:31 +0200","2026-06-03 03:00:54 +0200","Active","true","2025-07-30 11:30:32 +0200","global","standard-product-plus","false","https://www.vegavero.com/products/rosehip-capsules-organic","552","131","true","53059627483467","5.61"
"Stinging Nettle Capsules Organic","MERGE","VV-VITA-188","10779008139595","stinging-nettle-capsules-organic","MERGE","Each daily serving provides 1,000 mg of organic stinging nettle extract (Urtica dioica) from controlled organic cultivation. Naturally rich in phytonutrients and minerals, it has been traditionally valued as a cleansing botanical to support overall well-being.","Vegavero","","Organic","REPLACE","2025-07-30 11:30:52 +0200","2026-06-03 15:00:47 +0200","Active","true","2025-07-30 11:30:52 +0200","global","standard-product-plus","false","https://www.vegavero.com/products/stinging-nettle-capsules-organic","370","132","true","53059628826955","5.76"
"Turmeric Capsules Organic","MERGE","VV-VITA-338","10779008237899","turmeric-capsules-organic","MERGE","Each capsule combines 500 mg of organic turmeric powder and 170 mg of organic turmeric extract, providing a total of 162 mg of curcuminoids, including 144 mg of curcumin. It also contains organic black pepper extract with 95% piperine, which enhances the absorption of curcumin.","Vegavero","","Organic, quantity-discount","REPLACE","2025-07-30 11:31:05 +0200","2026-06-03 20:02:36 +0200","Active","true","2025-07-30 11:31:06 +0200","global","standard-product-plus","false","https://www.vegavero.com/products/turmeric-capsules-organic","939","133","true","53059629646155","6.25"
"Triphala Capsules Organic","MERGE","VV-VITA-166","10779008205131","triphala-capsules-organic","MERGE","Each daily serving provides 1,300 mg of organic Triphala powder, a traditional blend of amla (Phyllanthus emblica), bibhitaki (Terminalia bellirica), and haritaki (Terminalia chebula) from certified organic cultivation. Known from Ayurvedic tradition, Triphala is valued for its natural composition of plant-based nutrients","Vegavero","","Organic, quantity-discount","REPLACE","2025-07-30 11:30:58 +0200","2026-06-03 03:00:54 +0200","Active","true","2025-07-30 11:30:59 +0200","global","standard-product-plus","false","https://www.vegavero.com/products/triphala-capsules-organic","544","134","true","53059629318475","5.79"
"Papaya Enzyme Capsules","MERGE","VV-VITA-31","10779008336203","papaya-enzyme-capsules","MERGE","<p>Formulated with 2,100 mg of papain derived from papaya fruit (Carica papaya), providing an enzymatic activity of 6.000 U/mg. Papain is a natural digestive enzyme traditionally valued for its ability to support protein digestion</p>","Vegavero","","Classic, quantity-discount","REPLACE","2025-07-30 11:31:12 +0200","2026-06-03 03:00:54 +0200","Active","true","2025-07-30 11:31:13 +0200","global","standard-product-plus-faq","false","https://www.vegavero.com/products/papaya-enzyme-capsules","234","135","true","53059630137675","4.97"
"Party Hero Complex Tablets","MERGE","VV-VITA-380","10779008598347","party-hero-complex-tablets","MERGE","This carefully balanced formula combines choline, which contributes to the maintenance of normal liver function, with magnesium, zinc, and B vitamins that support energy metabolism and help reduce tiredness and fatigue. Enhanced with artichoke, ginger, acerola, ashwagandha, and kudzu extracts, plus bioactive Quatrefolic® folate (5-MTHF), it offers gentle daily support for vitality and inner balance.","Vegavero","","Complex","REPLACE","2025-07-30 11:31:20 +0200","2026-06-03 03:00:54 +0200","Active","true","2025-07-30 11:31:20 +0200","global","standard-product-plus-faq","false","https://www.vegavero.com/products/party-hero-complex-tablets","556","136","true","53059630760267","3.14"
"Rapunzel Complex Capsules","MERGE","VV-VITA-361","10779009286475","rapunzel-complex-capsules","MERGE","A synergistic blend of MSM, amino acids, bamboo, and turmeric extracts, enriched with zinc, selenium, and B vitamins. Zinc supports normal skin, hair, and nails, while selenium helps protect cells from oxidative stress and B vitamins reduce tiredness and fatigue.","Vegavero","","Complex, quantity-discount","REPLACE","2025-07-30 11:31:33 +0200","2026-06-04 04:00:23 +0200","Active","true","2025-07-30 11:31:34 +0200","global","rich-product","false","https://www.vegavero.com/products/rapunzel-complex-capsules","485","137","true","53059632136523","5.70"
"Red Yeast Rice Plus Capsules","MERGE","VV-VITA-359","10779009450315","red-yeast-rice-plus-capsules","MERGE","A sophisticated blend of bergamot, artichoke, and red yeast rice extracts, complemented by coenzyme Q10. This formula provides naturally occurring plant compounds, including bioflavonoids, cynarin, and monacolin K, along with coenzyme Q10 — offering a natural way to complement a balanced diet and healthy lifestyle.","Vegavero","","Classic","REPLACE","2025-07-30 11:31:41 +0200","2026-06-03 03:00:55 +0200","Active","true","2025-07-30 11:31:41 +0200","global","standard-product-plus","false","https://www.vegavero.com/products/red-yeast-rice-plus-capsules","407","138","true","53059632759115","6.03"
"Reflu-X Complex Capsules","MERGE","VV-VITA-183","10779009548619","reflu-x-complex-capsules","MERGE","A combination of Mucosave®, olive leaf and prickly pear extracts, sodium alginate, chamomile, and mallow. A thoughtfully crafted blend of nature’s ingredients to support your daily wellness and bring balance to your routine.","Vegavero","","Complex, quantity-discount","REPLACE","2025-07-30 11:31:48 +0200","2026-06-04 12:42:07 +0200","Active","true","2025-07-30 11:31:48 +0200","global","standard-product-plus-faq","false","https://www.vegavero.com/products/reflu-x-complex-capsules","273","139","true","53059633250635","8.74"
"Prostaid Complex Capsules","MERGE","VV-VITA-142","10779008991563","prostaid-complex-capsules","MERGE","Bringing together the strength of pumpkin seed, saw palmetto, stinging nettle, and pygeum, this formula offers natural support for men’s well-being. Enriched with zinc, which contributes to the maintenance of normal testosterone levels, and selenium, which supports normal sperm formation and protects cells from oxidative stress","Vegavero","","Complex, quantity-discount","REPLACE","2025-07-30 11:31:26 +0200","2026-06-03 20:01:56 +0200","Active","true","2025-07-30 11:31:27 +0200","global","rich-product-light","false","https://www.vegavero.com/products/prostaid-complex-capsules","286","140","true","53059631481163","8.82"
"Resveratrol Plus Capsules","MERGE","VV-VITA-165","10779009646923","resveratrol-plus-capsules","MERGE","<p>Resveratrol, the “longevity molecule” found in Japanese knotweed, is combined with nicotinamide and piperine to support skin and cellular vitality. Our vegan capsules deliver 1000 mg trans-resveratrol per daily dose, plus 50 mg nicotinamide and 10 mg piperine.</p>","Vegavero","","Classic, quantity-discount","REPLACE","2025-07-30 11:31:58 +0200","2026-06-03 03:00:55 +0200","Active","true","2025-07-30 11:31:59 +0200","global","standard-product-plus","false","https://www.vegavero.com/products/resveratrol-plus-capsules","1017","141","true","53059633774923","11.00"
"Saccharomyces Boulardii Capsules","MERGE","VV-VITA-249","10779009777995","saccharomyces-boulardii-capsules","MERGE","Saccharomyces boulardii is a beneficial yeast that naturally supports the balance of the intestinal flora. Each capsule provides 7 billion CFU of pure, active cultures – gentle, stable, and vegan.","Vegavero","","Flo Care, quantity-discount","REPLACE","2025-07-30 11:32:15 +0200","2026-06-04 10:27:08 +0200","Active","true","2025-07-30 11:32:16 +0200","global","standard-product-plus","false","https://www.vegavero.com/products/saccharomyces-boulardii-capsules","854","142","true","53059634823499","6.45"
"Sage Extract Capsules Organic","MERGE","VV-VITA-181","10779009941835","sage-extract-capsules-organic","MERGE","Sage, long appreciated in European herbal tradition, is known for its naturally aromatic leaves. Our organic sage extract is standardized to 1% rosmarinic acid, delivering a concentrated daily dose of 500 mg sage per capsule.","Vegavero","","Organic","REPLACE","2025-07-30 11:32:26 +0200","2026-06-03 22:09:57 +0200","Active","true","2025-07-30 11:32:27 +0200","global","standard-product-plus","false","https://www.vegavero.com/products/sage-extract-capsules-organic","36","143","true","53059638460747","4.97"
"Rocket Complex Capsules","MERGE","VV-VITA-337","10779009712459","rocket-complex-capsules","MERGE","Designed for active men seeking natural support. This complex blends Testofen® fenugreek extract, black maca, ginseng, ashwagandha, and L-arginine with zinc and selenium to support performance and hormonal balance.","Vegavero","","Complex","REPLACE","2025-07-30 11:32:09 +0200","2026-06-03 03:00:55 +0200","Archived","false","","web","standard-product-plus","false","https://www.vegavero.com/products/rocket-complex-capsules","0","144","true","53059634364747","8.06"
"Saw palmetto + Pygeum africanum Extracts Capsules","MERGE","VV-VITA-286","10779010105675","saw-palmetto-pygeum-africanum-extracts-capsules","MERGE","This synergistic blend combines saw palmetto berries and pygeum bark extracts, two botanicals traditionally used for men’s well-being. Each daily dose provides 500 mg saw palmetto and 200 mg pygeum extract, standardized for consistent quality.","Vegavero","","Classic, quantity-discount","REPLACE","2025-07-30 11:32:33 +0200","2026-06-03 03:00:55 +0200","Active","true","2025-11-13 22:27:53 +0100","global","standard-product-plus","false","https://www.vegavero.com/products/saw-palmetto-pygeum-africanum-extracts-capsules","-10","145","true","53059639542091",""
"Serenity Complex Capsules","MERGE","VV-VITA-345","10779010171211","serenity-complex-capsules","MERGE","Our Serenity Complex brings together ashwagandha, lemon balm, and lavender extracts with magnesium and B vitamins. Thoughtfully combined, this blend supports relaxation and the normal function of the nervous system","Vegavero","","Complex, quantity-discount","REPLACE","2025-07-30 11:32:41 +0200","2026-06-04 04:00:23 +0200","Active","true","2025-07-30 11:32:42 +0200","global","standard-product-plus-faq","false","https://www.vegavero.com/products/serenity-complex-capsules","715","146","true","53059639968075","8.63"
"Shiitake Extract Capsules","MERGE","VV-VITA-252","10779010269515","shiitake-extract-capsules","MERGE","Shiitake, known as the “fragrant mushroom,” has been valued in East Asia for centuries. Our extract provides 1500 mg per daily serving, standardized to polysaccharides and beta-glucans – key natural compounds found in the mushroom.","Vegavero","","Classic, quantity-discount","REPLACE","2025-07-30 11:32:48 +0200","2026-06-04 12:41:56 +0200","Active","true","2025-07-30 11:32:48 +0200","global","standard-product-plus","false","https://www.vegavero.com/products/shiitake-extract-capsules","351","147","true","53059641147723","8.28"
"Shilajit Extract Capsules","MERGE","VV-VITA-225","10779010367819","shilajit-extract-capsules","MERGE","Shilajit, a natural resin formed high in the Himalayan rocks, has been treasured in traditional Ayurvedic use. Our purified extract provides 1300 mg per daily serving, standardized to 60% fulvic acids and 12% humic acid for optimal quality.","Vegavero","","Classic, quantity-discount","REPLACE","2025-07-30 11:32:55 +0200","2026-06-04 12:41:48 +0200","Active","true","2025-07-30 11:32:55 +0200","global","rich-product-light","false","https://www.vegavero.com/products/shilajit-extract-capsules","368","148","true","53059641639243","8.91"
"Strong Bones Complex Tablets","MERGE","VV-VITA-375","10779010433355","strong-bones-complex-tablets","MERGE","<p><meta charset=""utf-8"">Our Strong Bones Complex combines calcium and magnesium – nutrients that work together for normal bone maintenance. Each daily dose provides balanced amounts in bioavailable forms to support bone structure and strength.</p>","Vegavero","","Complex","REPLACE","2025-07-30 11:33:03 +0200","2026-06-04 04:00:16 +0200","Active","true","2025-07-30 11:33:03 +0200","global","standard-product-plus","false","https://www.vegavero.com/products/strong-bones-complex-tablets","962","149","true","53059642163531","5.06"
"Sugar Balance Complex Capsules","MERGE","VV-VITA-295","10779010498891","sugar-balance-complex-capsules","MERGE","This thoughtful blend unites chromium, zinc, and botanicals like cinnamon, bitter melon, and gymnema sylvestre. Each capsule provides nutrients that contribute to the maintenance of normal blood glucose levels.","Vegavero","","Complex, quantity-discount","REPLACE","2025-07-30 11:33:10 +0200","2026-06-04 12:41:56 +0200","Active","true","2025-07-30 11:33:10 +0200","global","standard-product-plus","false","https://www.vegavero.com/products/sugar-balance-complex-capsules","348","150","true","53059642556747","5.93"
"Sun Care Complex Capsules","MERGE","VV-VITA-168","10779010728267","sun-care-complex-capsules","MERGE","Our Sun Care Complex combines beta-carotene, lycopene, vitamin E, and selenium – nutrients known for their antioxidant protection. Designed for inner care, it supports skin well-being during times of sun exposure.","Vegavero","","Complex, quantity-discount","REPLACE","2025-07-30 11:33:17 +0200","2026-06-04 00:02:32 +0200","Active","true","2025-07-30 11:33:18 +0200","global","standard-product-plus","false","https://www.vegavero.com/products/sun-care-complex-capsules","140","151","true","53059643933003","7.69"
"Taurine Plus Capsules","MERGE","VV-VITA-357","10779010761035","taurine-plus-capsules","MERGE","Taurine is a naturally occurring amino acid found in many tissues of the body. Our formula provides 1000 mg taurine per capsule, complemented by vitamin B6 to support normal energy metabolism.","Vegavero","","Classic","REPLACE","2025-07-30 11:33:25 +0200","2026-06-03 03:00:54 +0200","Active","true","2025-07-30 11:33:25 +0200","global","standard-product-plus","false","https://www.vegavero.com/products/taurine-plus-capsules","-10","152","true","53059644490059","4.01"
"Taurine Powder","MERGE","VV-VITA-382","10779010892107","taurine-powder","MERGE","Our fine, pure taurine powder dissolves easily in water or juice without affecting taste. Each daily serving provides 3 g of taurine – simple, flexible, and ideal for individual dosing.","Vegavero","","quantity-discount, Sport","REPLACE","2025-07-30 11:33:32 +0200","2026-06-04 04:00:22 +0200","Active","true","2025-07-30 11:33:32 +0200","global","standard-product-plus","false","https://www.vegavero.com/products/taurine-powder","381","153","true","53059644916043","5.08"
"Vegan Essentials Complex Capsules","MERGE","VV-VITA-224","10779010924875","vegan-essentials-complex-capsules","MERGE","Vegan Essentials provides a comprehensive blend of carefully selected vitamins and minerals designed to support the nutritional needs of a plant-based diet. It helps maintain normal energy levels, immune function, and overall vitality for everyday wellbeing.","Vegavero","","Complex, quantity-discount","REPLACE","2025-07-30 11:33:42 +0200","2026-06-04 12:54:05 +0200","Active","true","2025-07-30 11:33:42 +0200","global","standard-product-plus-faq","false","https://www.vegavero.com/products/vegan-essentials-complex-capsules","26","154","true","53059645473099","6.36"
"Venaflux Complex Capsules","MERGE","VV-VITA-276","10779011088715","venaflux-complex-capsules","MERGE","Venaflux combines plant extracts from horse chestnut, red vine leaf, and butcher’s broom with vitamin C. Together, these ingredients support normal collagen formation for the normal function of blood vessels.","Vegavero","","Complex, quantity-discount","REPLACE","2025-07-30 11:33:56 +0200","2026-06-04 11:52:50 +0200","Active","true","2025-07-30 11:33:56 +0200","global","rich-product-light","false","https://www.vegavero.com/products/venaflux-complex-capsules","1043","155","true","53059646587211","7.95"
"Vegan Pregnancy Complex Capsules","MERGE","VV-VITA-348","10779010990411","vegan-pregnancy-complex-capsules","MERGE","Specially formulated for expectant mothers, our Vegan Pregnancy Complex provides folate (Quatrefolic®), iron, iodine, and vitamin B12 in bioavailable forms. Each capsule offers carefully balanced nutrients to support maternal health.","Vegavero","","Complex","REPLACE","2025-07-30 11:33:49 +0200","2026-06-03 03:00:54 +0200","Archived","false","","web","standard-product-plus","false","https://www.vegavero.com/products/vegan-pregnancy-complex-capsules","0","156","true","56681049719115",""
"Vision Care Complex Capsules","MERGE","VV-VITA-171","10779011154251","vision-care-complex-capsules","MERGE","Our Vision Care Complex combines lutein, zeaxanthin, blueberry extract, and zinc – nutrients that contribute to the maintenance of normal vision. Each capsule provides 40 mg lutein and 8 mg zeaxanthin from marigold extract.","Vegavero","","Complex, quantity-discount","REPLACE","2025-07-30 11:34:03 +0200","2026-06-03 03:00:54 +0200","Active","true","2025-07-30 11:34:04 +0200","global","standard-product-plus","false","https://www.vegavero.com/products/vision-care-complex-capsules","2666","157","true","53059647078731","12.88"
"Vitamin B Plus Tablets","MERGE","VV-VITA-38","10779011252555","vitamin-b-plus-tablets","MERGE","This balanced complex contains all eight B vitamins in bioavailable forms. Together, they contribute to energy metabolism and help reduce tiredness and fatigue – all in one convenient daily tablet.","Vegavero","","Classic, quantity-discount","REPLACE","2025-07-30 11:34:11 +0200","2026-06-04 12:41:37 +0200","Active","true","2025-07-30 11:34:11 +0200","global","rich-product","false","https://www.vegavero.com/products/vitamin-b-plus-tablets","833","158","true","53059647766859","3.37"
"Vitamin B12 Drops","MERGE","VV-VITA-341","10779011350859","vitamin-b12-drops","MERGE","Our B12 Drops provide the active methylcobalamin form for direct absorption under the tongue. Each serving delivers 500 µg of vitamin B12 – easy to use and ideal for daily supplementation.","Vegavero","","To Go","REPLACE","2025-07-30 11:34:18 +0200","2026-06-04 04:00:12 +0200","Active","true","2025-07-30 11:34:18 +0200","global","rich-product","false","https://www.vegavero.com/products/vitamin-b12-drops","0","159","true","53059648192843","4.63"
"Vitamin B12 Spray","MERGE","VV-VITA-93","10779011383627","vitamin-b12-spray","MERGE","A convenient way to take B12 – one spray provides 500 µg of methylcobalamin, quickly absorbed through the mouth’s mucous membrane. Perfect for those who prefer a simple and effective alternative to capsules.","Vegavero","","To Go","REPLACE","2025-07-30 11:34:25 +0200","2026-06-04 12:26:57 +0200","Active","true","2025-07-30 11:34:26 +0200","global","standard-product-plus-faq","false","https://www.vegavero.com/products/vitamin-b12-spray","252","160","true","53059648586059","3.85"
"Vitamin B12 Junior Spray","MERGE","VV-VITA-277","10779011547467","vitamin-b12-spray-junior","MERGE","Specially designed for children, our mild B12 spray provides 5 µg of methylcobalamin per serving. The gentle, natural flavor makes daily intake simple and pleasant.","Vegavero","","Junior","REPLACE","2025-07-30 11:34:32 +0200","2026-06-03 21:35:07 +0200","Active","true","2025-07-30 11:34:33 +0200","global","standard-product-plus-faq","false","https://www.vegavero.com/products/vitamin-b12-spray-junior","593","161","true","53059649339723","3.48"
"Vitamin D3 + K2 Depot Tablets","MERGE","VV-VITA-372","10779011613003","vitamin-d3-k2-depot-tablets","MERGE","<p>Our high-strength depot tablets combine vitamin D3 with vitamin K2 (MK-7) in optimal ratio. One tablet provides long-lasting support for bone and immune health.</p>","Vegavero","","Classic, quantity-discount","REPLACE","2025-07-30 11:34:39 +0200","2026-06-03 03:00:55 +0200","Active","true","2025-07-30 11:34:40 +0200","global","rich-product-light","false","https://www.vegavero.com/products/vitamin-d3-k2-depot-tablets","3639","162","true","53059649896779","5.54"
"Vitamin D3 + K2 Drops","MERGE","VV-VITA-342","10779011645771","vitamin-d3-k2-drops","MERGE","These drops combine plant-based vitamin D3 with vitamin K2 in the active MK-7 form. Easily adjustable for individual needs, just a few drops provide daily support for bones and the immune system.","Vegavero","","quantity-discount, To Go","REPLACE","2025-07-30 11:34:44 +0200","2026-06-04 04:00:12 +0200","Active","true","2025-07-30 11:34:44 +0200","global","rich-product-light","false","https://www.vegavero.com/products/vitamin-d3-k2-drops","223","163","true","53059650191691","8.68"
"Vitamin D3 + K2 Oil Capsules","MERGE","VV-VITA-228","10779011744075","vitamin-d3-k2-oil-capsules","MERGE","Vitamin D3 + K2 Oil combines the plant-based forms D3V® and K2Vital®, offering a synergistic duo for daily nutritional support. Vitamins D and K contribute to the maintenance of normal bones, while vitamin D also supports normal immune function.","Vegavero","","quantity-discount, Vegan Oils","REPLACE","2025-07-30 11:34:50 +0200","2026-06-04 11:57:57 +0200","Active","true","2025-07-30 11:34:51 +0200","global","rich-product","false","https://www.vegavero.com/products/vitamin-d3-k2-oil-capsules","1281","164","true","53059650847051","7.63"
"Vitamin K2 Tablets","MERGE","VV-VITA-383","10779011907915","vitamin-k2-tablets","MERGE","Vitamin K2 in the highly bioactive MK-7 form supports normal blood clotting and bone maintenance. Each tablet provides 200 µg of pure vitamin K2 from natural fermentation.","Vegavero","","Classic","REPLACE","2025-07-30 11:35:05 +0200","2026-06-04 11:55:36 +0200","Active","true","2025-07-30 11:35:05 +0200","global","standard-product-plus","false","https://www.vegavero.com/products/vitamin-k2-tablets","372","165","true","53059652059467","5.22"
"Vollagen + Hyaluronic Acid Complex Capsules","MERGE","VV-VITA-320","10779011940683","vollagen-hyaluronic-acid-complex-capsules","MERGE","<p><meta charset=""utf-8"">Our blend of amino acids and hyaluronic acid supports the health of skin, hair, and joints from within. Each daily dose of 600 mg combines amino acids with hyaluronic acid and offers a vegan alternative to animal-derived collagen.</p>","Vegavero","","Complex, quantity-discount","REPLACE","2025-07-30 11:35:12 +0200","2026-06-04 12:53:59 +0200","Active","true","2025-07-30 11:35:13 +0200","global","rich-product","false","https://www.vegavero.com/products/vollagen-hyaluronic-acid-complex-capsules","8872","166","true","53059652616523","6.37"
"Youth Biotics Capsules","MERGE","VV-VITA-387","10779012006219","youth-biotics-capsules","MERGE","Youth Biotics combines 400 mg Vollagen® amino acids, 112 mg hyaluronic acid, three probiotic strains, 95 mg trans‑resveratrol, 100 mg coenzyme Q10, acerola fruit powder, and 6 mg vitamin E in 2 vegan, gastro‑resistant capsules. Produced in Germany, the formula offers a targeted blend for inner balance and vitality.","Vegavero","","Flo Care, quantity-discount","REPLACE","2025-07-30 11:35:19 +0200","2026-06-04 09:07:07 +0200","Active","true","2025-07-30 11:35:20 +0200","global","standard-product-plus","false","https://www.vegavero.com/products/youth-biotics-capsules","1165","167","true","53059653042507","11.23"
"ZMA Capsules: Zinc + Magnesium + Vitamin B6","MERGE","VV-VITA-301","10779012137291","zma-capsules","MERGE","ZMA combines zinc, magnesium, and vitamin B6 – nutrients that contribute to muscle function, energy metabolism, and hormonal balance. Each capsule provides highly bioavailable forms for optimal absorption and effectiveness.","Vegavero","","quantity-discount, Sport","REPLACE","2025-07-30 11:35:26 +0200","2026-06-04 12:43:46 +0200","Active","true","2025-07-30 11:35:27 +0200","global","rich-product","false","https://www.vegavero.com/products/zma-capsules","337","168","true","53059654025547","4.15"
"MSM Powder","MERGE","2R-49NC-R697","10812462268747","msm-powder","MERGE","<p>This fine white powder is 99,9% pure methylsulfonylmethane – a natural source of sulfur, a structural element found in skin, hair, nails, and connective tissue. Stir the daily dosage of 2 g into water or juice and let it disappear without changing the taste – an easy step in your daily rhythm.</p>","Vegavero","","Sport","REPLACE","2025-08-19 10:43:32 +0200","2026-06-04 04:00:22 +0200","Active","true","2025-08-19 10:43:34 +0200","global","rich-product","false","https://www.vegavero.com/products/msm-powder","4382","169","true","53204562739531","6.83"
"MSM Powder","MERGE","VV-ALO-06","10812462268747","msm-powder","MERGE","","Vegavero","","Sport","REPLACE","2025-08-19 10:43:32 +0200","2026-06-04 04:00:22 +0200","Active","true","2025-08-19 10:43:34 +0200","global","rich-product","false","https://www.vegavero.com/products/msm-powder","4382","170","","53204597014859","7.50"
"Glycine Powder","MERGE","VV-VITA-388","10812476981579","glycine-powder","MERGE","<p>A pure amino acid with a naturally mild, slightly sweet taste. Glycine is a building block of proteins in the body and is also found in collagen. Our free-flowing powder, providing 3 g of pure glycine daily, dissolves easily, making it simple to mix into your favorite drink or shake.</p>","Vegavero","","","REPLACE","2025-08-19 10:52:51 +0200","2026-06-04 12:58:01 +0200","Active","true","2025-08-19 10:52:52 +0200","global","rich-product","false","https://www.vegavero.com/products/glycine-powder","789","171","true","53204701708619","1.67"
"Glycine Powder","MERGE","VV-VITA-314","10812476981579","glycine-powder","MERGE","","Vegavero","","","REPLACE","2025-08-19 10:52:51 +0200","2026-06-04 12:58:01 +0200","Active","true","2025-08-19 10:52:52 +0200","global","rich-product","false","https://www.vegavero.com/products/glycine-powder","789","172","","53204690927947","3.25"
"Maca Extrakt","MERGE","VV-VITA-236","10822196724043","maca-extrakt","MERGE","","Vegavero","","","REPLACE","2025-08-25 11:34:01 +0200","2026-06-03 03:00:56 +0200","Archived","false","","web","","false","https://www.vegavero.com/products/maca-extrakt","0","173","true","56680972058955",""
"Moringa Oleifera Tablets Organic","MERGE","VV-VITA-266","10822223167819","moringa-oleifera-tablets-organic","MERGE","Moringa, the so-called “miracle tree,” has been enjoyed for centuries in many parts of the world. Its leaves naturally contain vitamins, minerals, and plant compounds like glucosinolates. Our moringa leaf powder is standardised to 2% glucosinolates providing you with a daily dosage of 1800 mg moringa and 36 mg of glucosinolates.								","Vegavero","","Organic, quantity-discount","REPLACE","2025-08-25 11:38:11 +0200","2026-06-04 00:14:15 +0200","Active","true","2025-08-28 13:43:20 +0200","global","rich-product","false","https://www.vegavero.com/products/moringa-oleifera-tablets-organic","29911","174","true","53247167660363","5.94"
"Vitamin B12 Plus Capsules","MERGE","VV-VITA-143","14805794685259","vitamin-b12-plus-capsules","MERGE","Our Vitamin B12 Plus formula provides methylcobalamin, adenosylcobalamin, and hydroxocobalamin – three active forms of B12 for optimal coverage. Enriched with folate (Quatrefolic®), it supports normal energy metabolism and red blood cell formation.","Vegavero","","Classic, quantity-discount","REPLACE","2025-09-23 11:57:58 +0200","2026-06-03 03:00:56 +0200","Active","true","2025-10-13 21:05:20 +0200","global","rich-product-light","false","https://www.vegavero.com/products/vitamin-b12-plus-capsules","-10","175","true","53454678851915","9.55"
"Vitamin D3 + K2 Spray","MERGE","VV-VITA-99","10822219759947","vitamin-d3-k2-spray","MERGE","","Vegavero","","","REPLACE","2025-08-25 11:36:34 +0200","2026-06-03 03:00:56 +0200","Archived","false","","web","","false","https://www.vegavero.com/products/vitamin-d3-k2-spray","0","176","true","56681301377355",""
"Vitamin B3 Capsules","MERGE","VV-VITA-307","14810755334475","vitamin-b3-capsules","MERGE","<p>Niacin (Vitamin B3) contributes to normal energy-yielding metabolism, psychological function, and the reduction of tiredness and fatigue. Each capsule provides 54 mg of pure Niacin for daily support.</p>","Vegavero","","Classic","REPLACE","2025-09-25 09:22:40 +0200","2026-06-03 03:00:56 +0200","Active","true","2025-10-14 10:43:01 +0200","global","rich-product-light","false","https://www.vegavero.com/products/vitamin-b3-capsules","1226","177","true","53470267539787","3.76"
"Zinc Bisglycinate Capsules","MERGE","VV-VITA-395","14810755432779","zinc-capsules","MERGE","<p data-end=""547"" data-start=""248""><meta charset=""utf-8"">Zinc is an essential trace element that supports the immune system, protects cells from oxidative stress, and contributes to healthy skin, hair, nails, bones, fertility, and cell division. Our formula uses zinc bisglycinate, a highly bioavailable form, providing 12.5 mg of pure zinc per capsule.</p>
<ul data-end=""1058"" data-start=""857""></ul>","Vegavero","","Classic","REPLACE","2025-09-25 09:22:42 +0200","2026-06-03 03:00:56 +0200","Active","true","2025-10-14 15:05:00 +0200","global","rich-product-light","false","https://www.vegavero.com/products/zinc-capsules","398","178","true","53470267670859","6.22"
"Milk Thistle Extract Capsules","MERGE","VV-VITA-02","14811493400907","milk-thistle-extract-capsules","MERGE","<p>Milk Thistle is a traditional botanical known for its natural composition rich in silymarin. Our extract is standardised to 80% Silymarin and 30% Silibinin and Isosilbin and offers high purity and quality. Ideal for those seeking natural botanical support as part of their daily routine.</p>","Vegavero","","Classic","REPLACE","2025-09-25 14:42:03 +0200","2026-06-03 17:22:07 +0200","Active","true","2025-10-14 15:26:18 +0200","global","rich-product-light","false","https://www.vegavero.com/products/milk-thistle-extract-capsules","337","179","true","53473505673547","5.01"
"Echinacea Purpurea Extract Capsules","MERGE","VV-VITA-104","14811535606091","echinacea-purpurea-extract-capsules","MERGE","<p data-end=""347"" data-start=""157"">Unlike products that only contain echinacea powder, we use a concentrated echinacea extract. Each capsule provides 725 mg of extract (4:1), equivalent to around 2,900 mg of echinacea herb.</p>","Vegavero","","Classic","REPLACE","2025-09-25 14:57:01 +0200","2026-06-03 03:00:54 +0200","Active","true","2025-10-14 16:39:28 +0200","global","rich-product-light","false","https://www.vegavero.com/products/echinacea-purpurea-extract-capsules","640","180","true","53473584972107","5.12"
"Dream Catcher Set","MERGE","Dreamcatcher_Set_3","14887217824075","dream-catcher-set","MERGE","<p><span>This set combines GABA Plus Capsules with a targeted blend of amino acids and supportive nutrients, Organic Ashwagandha Capsules featuring the traditional adaptogenic root, and Glycine Powder as a pure, versatile amino acid source.</span></p>","Vegavero","","","REPLACE","2025-10-21 15:36:32 +0200","2026-06-04 12:59:49 +0200","Active","true","2025-12-01 23:44:29 +0100","web","set-template","false","https://www.vegavero.com/products/dream-catcher-set","0","181","true","53689179996491",""
"Panax Ginseng Extract Capsules","MERGE","VV-VITA-105","14895951970635","panax-ginseng-extract-capsules","MERGE","Panax Ginseng is a traditional plant valued for its naturally occurring ginsenosides and long history in East Asian herbal practices. Our balanced 1:1 blend of Red Ginseng root and Korean Ginseng leaf extract (8:1) is standardized to 20% ginsenosides and provides 600 mg per capsule.","Vegavero","","Classic","REPLACE","2025-10-24 13:39:13 +0200","2026-06-03 03:00:55 +0200","Active","true","2025-11-13 20:07:41 +0100","web","rich-product-light","false","https://www.vegavero.com/products/panax-ginseng-extract-capsules","447","182","true","53719225237835","5.21"
"Hawthorn Extract Capsules Organic","MERGE","VV-VITA-157","14895952036171","hawthorn-extract-capsules-organic","MERGE","<p><meta charset=""utf-8"">Hawthorn is a traditional botanical valued for its natural composition of flavonoids.<br data-start=""251"" data-end=""254"">Our extract is made from the flowering tops of <em data-start=""301"" data-end=""322"">Crataegus laevigata</em> and <em data-start=""327"" data-end=""347"">Crataegus monogyna</em> and standardized to 1.5% flavonoids. Carefully processed to maintain purity and consistency, it’s ideal for those who appreciate natural plant extracts as part of their daily routine.</p>","Vegavero","","Organic","REPLACE","2025-10-24 13:39:15 +0200","2026-06-03 15:00:43 +0200","Active","true","2025-11-13 14:25:31 +0100","web","rich-product-light","false","https://www.vegavero.com/products/hawthorn-extract-capsules-organic","421","183","true","53719225270603","4.58"
"Prosta-X Complex Capsules","MERGE","VV-VITA-389","14895952134475","prosta-x-complex-capsules","MERGE","<p><meta charset=""UTF-8""><span>Saw palmetto, pumpkin seed, nettle root and epilobium are brought together in this high‑strength vegan capsule. Each daily dose provides 900 mg saw palmetto extract (standardised to 45% fatty acids) plus pumpkin seed extract, nettle root extract and epilobium – free from additives and made in Germany.</span></p>","Vegavero","","Complex, quantity-discount","REPLACE","2025-10-24 13:39:18 +0200","2026-06-04 11:20:05 +0200","Active","true","2025-11-13 10:57:45 +0100","web","rich-product-light","false","https://www.vegavero.com/products/prosta-x-complex-capsules","288","184","true","53719225958731","9.91"
"L-Citrulline Malate Powder","MERGE","VV-VITA-390","14895952331083","l-citrulline-malate-powder","MERGE","Our L-Citrulline Malate combines the amino acid L-Citrulline with malic acid in an optimal 2:1 ratio – a well-established form used in sports nutrition. Our pure, vegan powder provides up to 10 g per serving and mixes easily, making it the perfect addition to your pre-workout routine.","Vegavero","","quantity-discount, Sport","REPLACE","2025-10-24 13:39:20 +0200","2026-06-03 15:00:48 +0200","Active","true","2025-11-13 09:19:40 +0100","web","rich-product-light","false","https://www.vegavero.com/products/l-citrulline-malate-powder","252","185","true","53719226155339","10.32"
"Quercetin Complex Capsules","MERGE","VV-VITA-391","14895952363851","quercetin-complex-capsules","MERGE","Quercetin is a natural flavonoid found in many fruits and vegetables, while Bromelain is an enzyme derived from pineapple. Together, they form a synergistic plant-based complex that provides 1000 mg of Quercetin (15:1 extract) and 200 mg of Bromelain (2500 GDU/g) per daily serving, enriched with Vitamin C, which contributes to the normal function of the immune system.","Vegavero","","Complex","REPLACE","2025-10-24 13:39:21 +0200","2026-06-04 10:44:13 +0200","Active","true","2025-11-12 22:49:23 +0100","web","rich-product-light","false","https://www.vegavero.com/products/quercetin-complex-capsules","606","186","true","53719226188107","7.64"
"BCAA Powder Mango","MERGE","VV-VITA-393","14895952396619","bcaa-powder-mango","MERGE","<p><meta charset=""utf-8""><meta charset=""utf-8"">Branched-Chain Amino Acids (BCAAs) are essential for muscle maintenance, protein synthesis, and overall well-being. Our BCAA Drink provides a balanced ratio of Leucine, Isoleucine, and Valine, supporting endurance and recovery during and after physical activity. In addition, Vitamin B6 contributes to normal energy-yielding metabolism. Each serving contains 5 g - 10 g of BCAAs, with added Vitamin B6.<br></p>","Vegavero","","quantity-discount, Sport","REPLACE","2025-10-24 13:39:23 +0200","2026-06-03 03:00:55 +0200","Active","true","2025-11-12 14:13:54 +0100","web","rich-product-light","false","https://www.vegavero.com/products/bcaa-powder-mango","732","187","true","53719226220875","7.28"
"EAA Powder Peach","MERGE","VV-VITA-394","14895952593227","eaa-powder-peach","MERGE","<p><meta charset=""utf-8"">Essential Amino Acids (EAAs) are key to protein synthesis and overall health. Our EAA Powder provides more than 12,600 mg of the 9 essential amino acids, including Leucine, Valine, Isoleucine, Lysine, Threonine, Phenylalanine, Histidine, Tryptophan, and Methionine, with a 2:1:1 ratio of BCAAs. Amino acids support the maintenance of muscle mass and general well-being. Each 400 g bag provides a 50-day supply and is suitable in a vegan diet.</p>","Vegavero","","quantity-discount, Sport","REPLACE","2025-10-24 13:39:25 +0200","2026-06-03 22:06:37 +0200","Active","true","2025-11-11 09:37:06 +0100","web","rich-product-light","false","https://www.vegavero.com/products/eaa-powder-peach","894","188","true","53719227072843","7.07"
"Shield Set","MERGE","Immune_System_Set_3","15364678451531","shield-set","MERGE","<p><meta charset=""UTF-8"">This set combines Immu Pro Complex Capsules with echinacea, acerola, and ginger, Liposomal Vitamin C Capsules  and Omega-3 Oil Capsules containing plant-based DHA and EPA.</p>","Vegavero","","","REPLACE","2025-11-14 22:03:52 +0100","2026-06-04 12:54:04 +0200","Active","true","2025-12-11 23:06:18 +0100","web","set-template","false","https://www.vegavero.com/products/shield-set","1262","189","true","55908491886923",""
"Everyday Vegan Set","MERGE","Vegan_Basics_Set_3","15364679500107","everyday-vegan-set","MERGE","<p><meta charset=""UTF-8"">This set combines Vegan Essentials Complex Capsules with a variety of vitamins and minerals, Vollagen with plant-based amino acids, and Omega-3 Oil Capsules with plant-derived fatty acids. Together, they offer a balanced combination of nutrients, amino-acid building blocks, and healthy oils for a vegan lifestyle.</p>","Vegavero","","","REPLACE","2025-11-14 22:07:22 +0100","2026-06-04 12:55:59 +0200","Active","true","2025-12-11 23:04:16 +0100","web","set-template","false","https://www.vegavero.com/products/everyday-vegan-set","26","190","true","55908497752395",""
"All-Rounder Set","MERGE","General_Health_Set_3","15364676976971","all-rounder-set","MERGE","<p><meta charset=""UTF-8"">This set combines our to-go Vitamin B12 Drops, Vitamin D3 + K2 Drops, and Omega-3 Oil Capsules with plant-based DHA and EPA. Together, they offer a simple combination of key vitamins and essential fatty acids for everyday needs.</p>","Vegavero","","","REPLACE","2025-11-14 21:59:49 +0100","2026-06-04 12:54:09 +0200","Active","true","2025-12-11 23:07:12 +0100","web","set-template","false","https://www.vegavero.com/products/all-rounder-set","0","191","true","55908484514123",""
"Happy Gutfeeling Set","MERGE","Digestion_Health_Set_3","15364681236811","happy-gutfeeling-set","MERGE","<p><meta charset=""UTF-8"">This set combines Digestive Enzymes Complex Capsules with a mix of plant-based enzymes and Pro Bio Capsules and Organic Psyllium husks. Together, they offer a complementary blend of digestive support and gentle fiber.</p>","Vegavero","","","REPLACE","2025-11-14 22:12:57 +0100","2026-06-04 12:42:18 +0200","Draft","false","","web","set-template","false","https://www.vegavero.com/products/happy-gutfeeling-set","145","192","true","55908504699211",""
"Inner Center Set","MERGE","Hormonal_Blanace_Set_3","15364692377931","inner-center-set","MERGE","<p><meta charset=""UTF-8"">This set combines Female Balance Complex Capsules with targeted botanical extracts, Myo-Inositol Powder, and Strong Bones Complex with minerals and plant-based ingredients. Together, they offer a balanced mix of female-focused botanicals and essential nutrients.</p>","Vegavero","","","REPLACE","2025-11-14 22:24:53 +0100","2026-06-03 07:06:06 +0200","Active","true","2025-12-01 23:46:42 +0100","web","set-template","false","https://www.vegavero.com/products/inner-center-set","-1","193","true","55908662313291",""
"Deep Clean Set","MERGE","Detox_Set_3","15364690248011","deep-clean-set","MERGE","<p><meta charset=""UTF-8"">This set combines Liver Active Complex Capsules with plant-based liver-supporting extracts, Choline Bitartrate Capsules as a source of choline, and Drenaflux Complex Capsules featuring botanical ingredients. Together, they provide a carefully selected blend of nutrients and plant compounds to support your daily wellness routine.</p>","Vegavero","","","REPLACE","2025-11-14 22:21:56 +0100","2026-06-04 10:35:57 +0200","Active","true","2025-12-01 23:45:46 +0100","web","set-template","false","https://www.vegavero.com/products/deep-clean-set","191","194","true","55908608508235",""
"Menopause Set","MERGE","Menopause_Set","15364692607307","menopause-set","MERGE","<p><meta charset=""UTF-8"">This set combines Strong Bones Complex Tablets with a blend of Calcium and Magnesium, Female Harmony Complex Capsules featuring targeted botanical extracts, and Organic Evening Primrose &amp; Borage Seed Capsules rich in plant oils. Together, they provide a complementary mix of structural nutrients, female-focused botanicals, and essential fatty acids for daily support.</p>","Vegavero","","","REPLACE","2025-11-14 22:26:12 +0100","2026-06-03 03:00:56 +0200","Active","true","2025-12-01 23:45:37 +0100","web","set-template","false","https://www.vegavero.com/products/menopause-set","356","195","true","55908681515339",""
"Reboot Set","MERGE","Regeneration_Set_3","15364699423051","reboot-set","MERGE","<p><meta charset=""UTF-8"">This set combines ZMA Capsules with zinc, magnesium, and vitamin B6, Electrolyte Plus Capsules providing essential minerals for hydration, and Glucosamine Plus Capsules with Phytodroitin and supporting nutrients. Together, they offer a balanced mix of minerals, electrolytes, and joint-supporting compounds for daily use.</p>","Vegavero","","","REPLACE","2025-11-14 22:51:44 +0100","2026-06-04 12:43:57 +0200","Active","true","2025-12-01 23:44:48 +0100","web","set-template","false","https://www.vegavero.com/products/reboot-set","13","196","true","55908762091851",""
"Ready? Go! Set","MERGE","Performance_Push_Set_3","15364698767691","ready-go-set","MERGE","<p><meta charset=""UTF-8"">This set combines Black Maca Plus Capsules, featuring concentrated maca root extract, Caffeine Capsules for a natural energy boost, and Creatine Monohydrate Powder as a pure source of creatine.</p>","Vegavero","","","REPLACE","2025-11-14 22:49:19 +0100","2026-06-04 08:24:06 +0200","Active","true","2025-12-01 23:45:20 +0100","web","set-template","false","https://www.vegavero.com/products/ready-go-set","-11","197","true","55908754424139","15.17"
"All Day Athlete Set","MERGE","Active_Lifestyle_Set_3","15364698571083","all-day-athlete-set","MERGE","<p><meta charset=""UTF-8"">This set combines Creatine Monohydrate Powder for pure creatine, Glucosamine Complex Capsules with Phytodroitin and supporting nutrients, and Multi Magnesium Complex Capsules providing magnesium in multiple forms. Together, they offer a targeted mix of performance, joint, and mineral support for daily use.</p>","Vegavero","","","REPLACE","2025-11-14 22:47:51 +0100","2026-06-04 13:12:26 +0200","Active","true","2025-12-01 23:45:29 +0100","web","set-template","false","https://www.vegavero.com/products/all-day-athlete-set","691","198","true","55908751081803",""
"Full Battery Set","MERGE","Energy_Set_3","15364699717963","full-battery-set","MERGE","<p><meta charset=""UTF-8"">This set brings together Caffeine Capsules, offering a straightforward dose of natural caffeine from Guarana, Multivitamin Plus Capsules with a broad spectrum of essential vitamins and minerals, and Organic Mushroom Complex Capsules featuring a blend of organically sourced functional mushrooms.</p>","Vegavero","","","REPLACE","2025-11-14 22:53:02 +0100","2026-06-03 20:05:05 +0200","Active","true","2025-12-01 23:46:14 +0100","web","set-template","false","https://www.vegavero.com/products/full-battery-set","0","199","true","55908767105355",""
"Loosen Up Set","MERGE","Agility_Set_3","15364713021771","loosen-up-set","MERGE","<p><meta charset=""UTF-8"">This set brings together Strong Bones Complex, featuring a curated blend of Calcium and Magnesium, MSM Powder as a source of sulfur, and Glucosamine Complex Capsules with glucosamine and complementary compounds.</p>","Vegavero","","","REPLACE","2025-11-14 22:58:08 +0100","2026-06-04 12:41:47 +0200","Active","true","2025-12-01 23:44:04 +0100","web","set-template","false","https://www.vegavero.com/products/loosen-up-set","962","200","true","55908796203339",""
"Clever Mind Set","MERGE","Mental_Focus_Set_3","15364717805899","clever-mind-set","MERGE","<p><meta charset=""UTF-8"">This set combines Taurine Powder, a pure source of the sulfur-containing amino acid, Omega-3 Oil Capsules with plant-derived essential fatty acids, and Organic Lion’s Mane Capsules made from carefully processed mushroom extract.</p>","Vegavero","","","REPLACE","2025-11-14 23:02:29 +0100","2026-06-04 12:55:28 +0200","Active","true","2026-01-19 14:12:32 +0100","web","set-template","false","https://www.vegavero.com/products/clever-mind-set","381","201","true","55908862034251",""
"Fountain of Youth Set","MERGE","Vitality_Set_3","15364710302027","fountain-of-youth-set","MERGE","<p><meta charset=""UTF-8"">This set combines Vollagen + Hyaluronic Acid Complex, featuring vegan amino-acid building blocks with added hyaluronic acid, L-Glutathione Complex with a blend of liposomal glutathione and supportive compounds, and Organic Astaxanthin Oil Capsules made from naturally sourced microalgae extract.</p>","Vegavero","","","REPLACE","2025-11-14 22:56:41 +0100","2026-06-04 12:55:32 +0200","Active","true","2025-12-01 23:44:38 +0100","web","set-template","false","https://www.vegavero.com/products/fountain-of-youth-set","0","202","true","55908787421515",""
"Peace of Mind Set","MERGE","Emotional_Balance_Set_3","15364720886091","peace-of-mind-set","MERGE","This set brings together GABA Plus, Serenity, and Magnesium Bisglycinate. The combination offers a streamlined blend of L-Theanin, plant-extracts, and gentle magnesium bisglycinate to complement your daily routine.","Vegavero","","","REPLACE","2025-11-14 23:04:06 +0100","2026-06-04 10:46:05 +0200","Active","true","2025-12-01 23:43:50 +0100","global","set-template","false","https://www.vegavero.com/products/peace-of-mind-set","0","203","true","55908910891339",""
"Beauty Elixir Set","MERGE","Beauty_Set_3-0","15372682690891","beauty-elixir-set","MERGE","This set combines Rapunzel with key botanical extracts of bamboo, millet, and turmeric, Youth Biotics featuring a selected blend of probiotic cultures, and Hyaluronic Acid in a highly purified form.","Vegavero","","","REPLACE","2025-11-19 15:04:21 +0100","2026-06-04 11:38:39 +0200","Active","true","2025-12-01 23:43:25 +0100","global","set-template","false","https://www.vegavero.com/products/beauty-elixir-set","384","204","true","55940622483787",""
"Sage Extract Capsules","MERGE","VV-VITA-404","15407998828875","sage-extract-capsules","MERGE","Our high-quality Sage Extract provides 625 mg per serving, standardized to 2.5% rosmarinic acid, in an easy-to-take vegan capsule for your daily routine.","Vegavero","","Classic","REPLACE","2025-12-05 20:05:26 +0100","2026-06-03 03:00:54 +0200","Active","true","2026-01-06 09:04:19 +0100","global","rich-product-light","false","https://www.vegavero.com/products/sage-extract-capsules","0","205","true","56054386229579",""
"Magnesium Citrate Powder","MERGE","VV-VITA-403","15373980500299","magnesium-citrate-powder","MERGE","<p><span>This fine, free-flowing powder provides pure magnesium citrate – a highly soluble form that dissolves smoothly without altering the taste of your drink. Simply stir one 5 g scoop into 200 ml of water, juice, or your favourite liquid, or blend it into food for an easy daily serving. With its mild flavour and quick-mixing texture, it offers a simple way to incorporate this essential mineral into your everyday rhythm.</span></p>","Vegavero","","Classic, quantity-discount","REPLACE","2025-11-20 10:58:51 +0100","2026-06-03 23:18:26 +0200","Active","true","2025-11-28 11:27:08 +0100","web","rich-product","false","https://www.vegavero.com/products/magnesium-citrate-powder","654","206","true","55945386230091",""
"Gut Routine Powder","MERGE","VV-VITA-408","15408003547467","gut-routine-powder","MERGE","<p>This Gut Routine Product combines a variety of fibre sources as prebiotics with the amino acid L-glutamine, 12 billion CFU lactic acid bacteria, chromium and B-Vitamins. The strawberry flavoured, vegan and gluten-free powder is easy to include in your daily routine. </p>","Vegavero","","quantity-discount","REPLACE","2025-12-05 20:10:36 +0100","2026-06-03 13:07:36 +0200","Active","true","2026-03-17 14:26:14 +0100","global","rich-product-light","false","https://www.vegavero.com/products/gut-routine-powder","324","207","true","56054394028363",""
"Multivitamin Junior Gummies","MERGE","VV-VITA-398","15439255142731","multivitamin-gummies-junior","MERGE","<p>Our Multivitamin Gummies for kids are specially developed for children from 4 years and provide a broad spectrum of essential vitamins and minerals in a tasty, vegan and sugar-free gummy form. One daily portion delivers 17 carefully selected nutrients, including vitamins A, C, D3, all B vitamins, zinc, iodine and selenium, tailored to the needs of growing children.</p>","Vegavero","","Junior, quantity-discount","REPLACE","2025-12-22 18:36:32 +0100","2026-06-03 20:02:47 +0200","Active","true","2026-01-09 14:48:18 +0100","global","rich-product-light","false","https://www.vegavero.com/products/multivitamin-gummies-junior","845","208","true","56163621339467",""
"Un-Bloat Capsules","MERGE","VV-VITA-402","15439303508299","un-bloat-capsules","MERGE","<p>Our Un-Bloat product includes a carefully selected combination of plant extracts as well as digestive enzymes. The enzymes target different food components <meta charset=""utf-8"">based on their specific enzymatic activities.</p>","Vegavero","","quantity-discount","REPLACE","2025-12-22 18:56:36 +0100","2026-06-04 10:27:07 +0200","Active","true","2026-01-06 11:48:29 +0100","global","rich-product-light","false","https://www.vegavero.com/products/un-bloat-capsules","751","209","true","56164518461771",""
"Keto Power Complex Capsules","MERGE","VV-VITA-400","15465189900619","keto-power-complex","MERGE","<p data-pm-slice=""1 1 []"">Keto Power is a comprehensive blend of minerals, plant extracts, and metabolic nutrients designed to support energy metabolism and fat utilization during a ketogenic lifestyle. Its highly bioavailable forms and plant-based capsule offer 250 mg L-Carnitine, 300 mg Glucomannan combined with zinc and B6 - ideal for daily keto support.</p>","Vegavero","","Complex, quantity-discount","REPLACE","2026-01-09 16:18:11 +0100","2026-06-01 10:23:45 +0200","Active","true","2026-03-17 16:04:26 +0100","global","rich-product-light","false","https://www.vegavero.com/products/keto-power-complex","725","210","true","56264852668747",""
"Digestive Enzymes Pro Capsules","MERGE","VV-VITA-411","15465193013579","digestive-enzymes-pro-capsules","MERGE","An all-in-one enzyme complex combining eight carefully selected digestive enzymes in a single formula, including prolyl oligopeptidase. Designed to support the breakdown of carbohydrates, proteins, fats, lactose, and fiber as part of normal digestion.","Vegavero","","Flo Care, quantity-discount","REPLACE","2026-01-09 16:22:04 +0100","2026-06-04 09:58:33 +0200","Active","true","2026-03-23 10:45:06 +0100","global","rich-product-light","false","https://www.vegavero.com/products/digestive-enzymes-pro-capsules","313","211","true","56264912863563",""
"Magnesium Citrate Capsules","MERGE","VV-VITA-409","15465197306187","magnesium-citrate-capsules","MERGE","<p data-end=""439"" data-start=""167"">These easy-to-swallow capsules provide magnesium citrate, a highly bioavailable form of magnesium that is well absorbed by the body. Magnesium contributes to normal muscle function, normal functioning of the nervous system, and a healthy energy metabolism. Designed for convenient daily use, they offer a precise way to support your magnesium intake — no mixing or measuring required.<br></p>","Vegavero","","Classic","REPLACE","2026-01-09 16:27:13 +0100","2026-06-03 03:00:54 +0200","Active","true","2026-03-17 16:46:14 +0100","global","rich-product-light","false","https://www.vegavero.com/products/magnesium-citrate-capsules","1170","212","true","56264943894859",""
"Glucomannan Complex Capsules","MERGE","VV-VITA-399","15465199141195","glucomannan-complex-capsules","MERGE","<p>Glucomannan is a soluble fiber derived from konjac root and is supplemented with vitamin B3 and chromium to support normal energy and macronutrient metabolism. Each serving provides 4 g of glucomannan as well as vitamin B3 and chromium in a balanced complex form for daily nutrition.</p>","Vegavero","","Complex","REPLACE","2026-01-09 16:30:37 +0100","2026-06-03 03:00:55 +0200","Active","true","2026-05-13 09:30:12 +0200","global","rich-product-light","false","https://www.vegavero.com/products/glucomannan-complex-capsules","305","213","true","56264958869835",""
"Green Supreme Complex Powder","MERGE","VV-VITA-407","15485297492299","green-supreme-complex-powder","MERGE","Green Supreme is a unique blend of superfoods, plant extracts, fruit powders, and mushrooms. High in fiber and providing 5 billion CFU of lactic acid bacteria per serving, it’s a powerful addition to your daily routine.","Vegavero","","Complex, quantity-discount","REPLACE","2026-01-21 11:29:18 +0100","2026-06-04 12:42:46 +0200","Active","true","2026-01-28 13:19:22 +0100","global","rich-product-light","false","https://www.vegavero.com/products/green-supreme-complex-powder","347","214","true","56350692835659",""
"Un-Bloat Capsules (plytix TEST)","MERGE","VV-VITA-402-plytix","15474511872331","un-bloat-capsules-plytix-test","MERGE","<p>Our Un-Bloat product includes a carefully selected combination of plant extracts as well as digestive enzymes. The enzymes target different food components <meta charset=""utf-8"">based on their specific enzymatic activities.</p>","Vegavero","","","REPLACE","2026-01-14 10:37:51 +0100","2026-06-03 03:00:55 +0200","Draft","false","","web","default","false","https://www.vegavero.com/products/un-bloat-capsules-plytix-test","0","215","true","56318282301771",""
"plytix test","MERGE","15497927983435","15497927983435","plytix-test","MERGE","<p>plytix test bundle</p>","Vegavero","","","REPLACE","2026-01-28 11:19:15 +0100","2026-04-28 15:35:36 +0200","Draft","false","","web","default","false","https://www.vegavero.com/products/plytix-test","0","216","true","56407511892299",""
"Vitamin B12 Tablets","MERGE","VV-VITA-405","15506388746571","vitamin-b12-tablets","MERGE","<p><meta charset=""UTF-8""><span>Vitamin B12 plays a key role in energy metabolism, nervous system function, and the reduction of fatigue. Our high-potency formula provides 500 µg of Vitamin B12 per daily serving, combining the bioactive forms Methylcobalamin and Cobamamide (S-Adenosylcobalamin) for optimal bioavailability.</span></p>","Vegavero","","Classic","REPLACE","2026-02-02 12:45:23 +0100","2026-06-02 21:25:17 +0200","Active","true","2026-02-11 17:42:47 +0100","global","rich-product-light","false","https://www.vegavero.com/products/vitamin-b12-tablets","315","217","true","56445161603403",""
"Vitamin B12 Tablets non DE","MERGE","VV-VITA-406","15501381763403","vitamin-b12-tablets-non-de","MERGE","<p><span>Vitamin B12 plays a key role in energy metabolism, nervous system function, and the reduction of fatigue. Our high-potency formula provides 1000 µg of Vitamin B12 per daily serving, combining the bioactive forms Methylcobalamin and Cobamamide (S-Adenosylcobalamin) for optimal bioavailability.</span></p>","Vegavero","","Classic","REPLACE","2026-01-30 15:22:52 +0100","2026-05-09 23:07:46 +0200","Draft","false","","web","","false","https://www.vegavero.com/products/vitamin-b12-tablets-non-de","6","218","true","56426266820939",""
"Potassium Capsules","MERGE","VV-VITA-322","15517800530251","potassium-capsules","MERGE","","Vegavero","","","REPLACE","2026-02-06 16:56:10 +0100","2026-04-28 15:35:49 +0200","Draft","false","","web","","false","https://www.vegavero.com/products/potassium-capsules","0","219","true","56680971895115",""
"Femtastic Set","MERGE","femtastic_set","15575869555019","femtastic-set","MERGE","<p><span>This set brings together Female Balance, Femme Biotics, and Iron. The combination offers a targeted blend of plant extracts, selected probiotic strains, and gentle iron bisglycinate to complement your daily routine.</span></p>","Vegavero","","","REPLACE","2026-03-09 11:35:53 +0100","2026-06-04 12:41:39 +0200","Unlisted","true","2026-04-08 13:48:36 +0200","web","set-template","false","https://www.vegavero.com/products/femtastic-set","440","220","true","56753034559819",""
"MSM Powder (plytix test)","MERGE","VV-ALO-06-plytix [NEW]","15524675125579","msm-powder-plytix-test","MERGE","","Vegavero","","","REPLACE","2026-02-12 09:17:42 +0100","2026-04-28 15:01:28 +0200","Unlisted","false","","web","default","false","https://www.vegavero.com/products/msm-powder-plytix-test","0","221","true","56502346514763",""
"MSM Powder (plytix test)","MERGE","VV-ALO-06-plytix","15524675125579","msm-powder-plytix-test","MERGE","","Vegavero","","","REPLACE","2026-02-12 09:17:42 +0100","2026-04-28 15:01:28 +0200","Unlisted","false","","web","default","false","https://www.vegavero.com/products/msm-powder-plytix-test","0","222","","56502346547531",""
"MSM Powder (plytix test)","MERGE","2R-49NC-R697-plytix","15524675125579","msm-powder-plytix-test","MERGE","","Vegavero","","","REPLACE","2026-02-12 09:17:42 +0100","2026-04-28 15:01:28 +0200","Unlisted","false","","web","default","false","https://www.vegavero.com/products/msm-powder-plytix-test","0","223","","56502350905675",""
"Gut Flora Set","MERGE","Gut_Flora_Set","15575876763979","gut-flora-set","MERGE","<p><meta charset=""UTF-8"">This set combines Digestive Enzymes Complex Capsules with a mix of plant-based enzymes and Pro Bio Capsules and Organic Psyllium husks. Together, they offer a complementary blend of digestive support and gentle fiber.</p>","Vegavero","","","REPLACE","2026-03-09 11:51:36 +0100","2026-06-04 12:42:17 +0200","Draft","false","","web","set-template","false","https://www.vegavero.com/products/gut-flora-set","145","224","true","56753088823627",""
"Daily Vegan Set","MERGE","Daily_Vegan_Set","15575899570507","daily-vegan-set","MERGE","<p>This set combines a multivitamin complex, multi-form magnesium, and plant-based omega-3 in one convenient bundle—designed to complement your daily routine with essential nutrients.</p>","Vegavero","","","REPLACE","2026-03-09 12:36:03 +0100","2026-06-04 13:12:17 +0200","Draft","false","","web","set-template","false","https://www.vegavero.com/products/daily-vegan-set","26","225","true","56753299980619",""
"Omega 3 Gummies","MERGE","VV-VITA-417","15610376716619","omega-3-gummies","MERGE","<div class=""product__bullet-point flex items-center gap-2d5"">
<p class=""rte body text-base leading-normal""><meta charset=""utf-8"">Each daily serving provides 1,500 mg of DHA- and EPA-rich oil from the microalga Schizochytrium sp., delivering over 750 mg of omega-3 fatty acids. DHA contributes to the maintenance of normal brain function and vision, while DHA and EPA together support normal heart function.</p>
<p class=""rte body text-base leading-normal""><meta charset=""utf-8""><br></p>
</div>","Vegavero","","Gummies","REPLACE","2026-03-24 14:30:10 +0100","2026-06-04 12:26:57 +0200","Active","true","2026-04-28 09:51:10 +0200","global","rich-product-light","false","https://www.vegavero.com/products/omega-3-gummies","990","226","true","56874683171147",""
"Everyday Essentials Set","MERGE","Everyday_Essentials_Set","15575945806155","everyday-essentials-set","MERGE","<p>This set combines Multivitamin Plus capsules, providing a wide range of vitamins and minerals, Multi Magnesium with four different magnesium compounds, and Omega-3 oil capsules based on valuable algae oil.</p>","Vegavero","","","REPLACE","2026-03-09 12:51:02 +0100","2026-06-04 13:12:21 +0200","Draft","false","","web","set-template","false","https://www.vegavero.com/products/everyday-essentials-set","0","227","true","56753450025291",""
"OPC Capsules","MERGE","VV-VITA-410","15610398736715","opc-capsules","MERGE","<p>With 500 mg grape seed extract from French grapes and 350 mg OPC per capsule – an 8-month supply that provides you with natural polyphenols daily.</p>","Vegavero","","Classic","REPLACE","2026-03-24 14:40:22 +0100","2026-06-03 03:00:55 +0200","Active","true","2026-04-16 09:16:49 +0200","global","rich-product-light","false","https://www.vegavero.com/products/opc-capsules","604","228","true","56874730783051",""
"Chiara Test merconic","MERGE","chiaratest-0-V001","15611914453323","chiara-test-merconic","MERGE","","Vegavero","","","REPLACE","2026-03-25 12:30:32 +0100","2026-04-28 15:36:27 +0200","Draft","false","","web","","false","https://www.vegavero.com/products/chiara-test-merconic","0","229","true","56878655471947",""
"Lactase Tablets","MERGE","VV-VITA-412","15625726198091","lactase-tablets","MERGE","<p>Lactase supports lactose digestion, while calcium contributes to the normal function of digestive enzymes. Each tablet provides 10,000 FCC lactase and 162 mg calcium – with 180 tablets, ideal as a practical long-term supply.</p>","Vegavero","","Flo Care","REPLACE","2026-03-30 13:51:56 +0200","2026-06-03 20:03:03 +0200","Active","true","2026-06-02 10:28:26 +0200","global","rich-product-light","false","https://www.vegavero.com/products/lactase-tablets","1406","230","true","56916600619339",""
"Sunkissed Set","MERGE","Sunkissed-Set","15631248916811","sunkissed-set","MERGE","<p>This set combines Natural Vitamin C from Acerola, Astaxanthin oil capsules from microalgae, and our Sun Care Complex – a blend of beta-carotene, vitamin E and selenium. Together, they offer a well-rounded mix of naturally sourced nutrients – designed to complement your routine through sunnier seasons and beyond.</p>","Vegavero","","","REPLACE","2026-04-01 14:45:41 +0200","2026-06-04 12:43:57 +0200","Active","true","2026-06-01 09:58:08 +0200","web","set-template","false","https://www.vegavero.com/products/sunkissed-set","140","231","true","56930844279115",""
"test title","MERGE","test mw -0-V001","15612243050827","test-title","MERGE","<p>das ist die test beschreibung</p><p><br></p>","Vegavero","","","REPLACE","2026-03-25 14:44:34 +0100","2026-04-28 15:36:31 +0200","Draft","false","","web","","false","https://www.vegavero.com/products/test-title","0","232","true","56878939504971",""
"Q10 Capsules","MERGE","VV-VITA-413","15643790049611","q10-capsules","MERGE","<p><meta charset=""UTF-8""><span>Coenzyme Q10 is a key component in cellular energy production and is naturally found in the mitochondria. In our liposomal formula, 200 mg of CoQ10 is encapsulated in tiny lipid spheres — a protective system that enhances stability and supports efficient absorption.</span></p>","Vegavero","","Classic","REPLACE","2026-04-07 11:27:46 +0200","2026-06-04 03:00:48 +0200","Active","true","2026-06-03 12:40:49 +0200","global","rich-product-light","false","https://www.vegavero.com/products/q10-capsules","1632","233","true","56971578999115",""
"Hericium Capsules","MERGE","VV-VITA-414","15645711597899","hericium-capsules","MERGE","<p><meta charset=""UTF-8""><meta charset=""UTF-8""><span>Hericium erinaceus, also known as Lion’s Mane, is a unique mushroom traditionally used in various cultures. Our extract is derived exclusively from the fruiting body, standardized to defined polysaccharides and β-glucans, and delivers 2000 mg per daily serving for consistent quality in every capsule.</span><br></p>","Vegavero","","Classic","REPLACE","2026-04-08 11:11:05 +0200","2026-06-03 03:00:50 +0200","Draft","false","","web","rich-product-light","false","https://www.vegavero.com/products/hericium-capsules","0","234","true","56978078204235",""
"PMS Capsules","MERGE","VV-VITA-415","15645713432907","pms-capsules","MERGE","<p><span>Specially developed for the needs during the cycle, each serving provides 300 mg lemon balm extract and 200 mg fennel extract, along with L-tryptophan and chaste tree as a traditional botanical component. Magnesium, iron, zinc, and vitamin B6 are complemented by saffron extract, chromium, and folate to round off this well-designed formula.</span></p>","Vegavero","","Complex","REPLACE","2026-04-08 11:13:17 +0200","2026-05-15 16:58:28 +0200","Draft","false","","web","","false","https://www.vegavero.com/products/pms-capsules","0","235","true","56978081579339",""
"Shopify Test Capsules","MERGE","shopifytestvariantb","15682234909003","shopify-test-capsules-2","MERGE","<p>A shopify test capsule product to try out the product creation</p>","Vegavero","","Classic","REPLACE","2026-04-22 15:46:14 +0200","2026-06-03 03:00:50 +0200","Draft","false","","web","","false","https://www.vegavero.com/products/shopify-test-capsules-2","0","236","true","57092684513611",""
"Shopify Test Capsules","MERGE","shopifytestvarianta","15682234909003","shopify-test-capsules-2","MERGE","","Vegavero","","Classic","REPLACE","2026-04-22 15:46:14 +0200","2026-06-03 03:00:50 +0200","Draft","false","","web","","false","https://www.vegavero.com/products/shopify-test-capsules-2","0","237","","57092684546379",""
"Black Garlic Extract Capsules","MERGE","VV-VITA-106","15748400578891","black-garlic-extract-capsules","MERGE","Black Garlic has a rich history of use in traditional cuisines and herbal practices, naturally forming organosulfur compounds during fermentation. Each daily dose provides 500 mg of standardized extract – easy-to-swallow capsules that bring a touch of culinary heritage to your routine.","Vegavero","","Classic, quantity-discount","REPLACE","2026-05-21 15:23:28 +0200","2026-06-03 03:00:50 +0200","Active","true","2026-05-21 15:29:02 +0200","global","","false","https://www.vegavero.com/products/black-garlic-extract-capsules","0","238","true","57399139893579",""
"Test","MERGE","chiarasku-0-V001","15692760318283","test","MERGE","<p>Test</p>","Vegavero","","","REPLACE","2026-04-27 18:07:37 +0200","2026-04-28 15:37:04 +0200","Draft","false","","web","","false","https://www.vegavero.com/products/test","0","239","true","57144124965195",""
"TEST ole ole","MERGE","VV-VITA-294 [TEST]","15751010943307","test-artichoke-and-black-radish-extracts-capsules-organic","MERGE","<h3>ORGANIC EXTRACTS FROM FRANCE</h3><p>We do not use simple plant powders or conventional plant extracts for our product. Instead, we rely on high-quality organic extracts! Both our organic artichoke extract and our organic black radish extract come from France. The plants are grown there under controlled organic conditions and gently processed into extracts. We use 500 mg organic artichoke extract in a ratio of 20:1, which corresponds to 10,000 mg organic artichoke leaf powder per capsule. At 250 mg per capsule, our 3:1 organic black radish extract is equivalent to 750 mg of dried radish.</p><p>Artichokes are rich in antioxidants. The leaves in particular are an excellent source of the bitter substance cynarin. Our organic artichoke extract contains at least 2.5% cynarin. Black radish is in no way inferior. Among other things, it is rich in sulphur compounds, which are also contained in our organic black radish extract.</p><p> </p><h3>SPECIALLY DEVELOPED FOR</h3><ul>
<li>Artichoke is a powerful thistle which ranks amongst the most antioxidant rich vegetables. The leaves are a great source of different phytocompounds like caffeic acids (chlorogenic acid, rosmarinic acid and cynarin) and luteolin.</li>
<li>In traditional medicine, artichokes and black radishes have been primarily used for supporting liver function.</li>
<li>The ancient Greeks and Romans regarded the artichoke as a valuable digestive aid.</li>
</ul><p> </p><h3>GOOD TO KNOW</h3><ul>
<li>In the early 1900s, French scientists began to investigate the traditional medicinal uses of the artichoke. Later, Italian scientists isolated cynarin from artichoke leaves.</li>
<li>Until the 16th century, women were prohibited from eating them in many countries because they were considered to have aphrodisiac properties.</li>
<li>Black radishes were considered sacred in Ancient Egypt. Drawings of radishes found in Egyptian tombs can be traced back to 2000 BCE, and written texts from the Greek historian Herodotus also mention that Egyptians thought that radishes contained high energy due to their spicy, warming flavor. Black radishes were frequently fed to workers building the pyramids to sustain and increase energy levels. Egyptian workers typically ate two meals a day, and while breakfast consisted mostly of bread and beer, their evening meal incorporated radishes</li>
</ul><p> </p>","Vegavero","","Organic","REPLACE","2026-05-22 14:40:15 +0200","2026-06-03 03:00:50 +0200","Draft","false","","web","","false","https://www.vegavero.com/products/test-artichoke-and-black-radish-extracts-capsules-organic","0","240","true","57415205912907",""
