date,sku,on_hand,source
2026-06-04,15497927983435,0,git
2026-06-05,15497927983435,0,git
2026-06-06,15497927983435,0,git
2026-06-07,15497927983435,0,git
2026-06-08,15497927983435,0,git
2026-06-09,15497927983435,0,git
2026-06-10,15497927983435,0,git
2026-06-11,15497927983435,0,git
2026-06-12,15497927983435,0,git
2026-06-13,15497927983435,0,git
2026-06-14,15497927983435,0,git
2026-06-15,15497927983435,0,git
2026-06-04,2R-49NC-R697,2590,git
2026-06-05,2R-49NC-R697,2588,git
2026-06-06,2R-49NC-R697,2583,git
2026-06-07,2R-49NC-R697,1794,git
2026-06-08,2R-49NC-R697,1789,git
2026-06-09,2R-49NC-R697,1770,git
2026-06-10,2R-49NC-R697,1761,git
2026-06-11,2R-49NC-R697,1769,git
2026-06-12,2R-49NC-R697,1759,git
2026-06-13,2R-49NC-R697,578,git
2026-06-14,2R-49NC-R697,571,git
2026-06-15,2R-49NC-R697,555,git
2026-06-16,2R-49NC-R697,1502,git
2026-06-17,2R-49NC-R697,1487,git
2026-06-18,2R-49NC-R697,1482,git
2026-06-19,2R-49NC-R697,1468,git
2026-06-20,2R-49NC-R697,1464,git
2026-06-21,2R-49NC-R697,1463,git
2026-06-22,2R-49NC-R697,1443,git
2026-06-23,2R-49NC-R697,1434,git
2026-06-24,2R-49NC-R697,1421,git
2026-06-25,2R-49NC-R697,1416,git
2026-06-26,2R-49NC-R697,1368,git
2026-06-27,2R-49NC-R697,888,git
2026-06-28,2R-49NC-R697,887,git
2026-06-29,2R-49NC-R697,2053,git
2026-06-30,2R-49NC-R697,2047,git
2026-07-06,2R-49NC-R697,0,git
2026-07-07,2R-49NC-R697,1054,git
2026-07-08,2R-49NC-R697,1050,git
2026-07-09,2R-49NC-R697,1049,git
2026-07-10,2R-49NC-R697,1039,git
2026-07-11,2R-49NC-R697,1038,git
2026-07-12,2R-49NC-R697,1036,git
2026-07-13,2R-49NC-R697,1031,git
2026-07-14,2R-49NC-R697,1015,git
2026-07-15,2R-49NC-R697,1014,git
2026-07-16,2R-49NC-R697,1008,matrixify
2026-06-04,Active_Lifestyle_Set_3,687,git
2026-06-05,Active_Lifestyle_Set_3,681,git
2026-06-06,Active_Lifestyle_Set_3,680,git
2026-06-07,Active_Lifestyle_Set_3,639,git
2026-06-08,Active_Lifestyle_Set_3,639,git
2026-06-09,Active_Lifestyle_Set_3,635,git
2026-06-10,Active_Lifestyle_Set_3,632,git
2026-06-11,Active_Lifestyle_Set_3,630,git
2026-06-12,Active_Lifestyle_Set_3,627,git
2026-06-13,Active_Lifestyle_Set_3,168,git
2026-06-14,Active_Lifestyle_Set_3,164,git
2026-06-15,Active_Lifestyle_Set_3,147,git
2026-06-16,Active_Lifestyle_Set_3,139,git
2026-06-17,Active_Lifestyle_Set_3,136,git
2026-06-18,Active_Lifestyle_Set_3,135,git
2026-06-19,Active_Lifestyle_Set_3,130,git
2026-06-20,Active_Lifestyle_Set_3,129,git
2026-06-21,Active_Lifestyle_Set_3,129,git
2026-06-22,Active_Lifestyle_Set_3,29,git
2026-06-23,Active_Lifestyle_Set_3,26,git
2026-06-24,Active_Lifestyle_Set_3,22,git
2026-06-25,Active_Lifestyle_Set_3,19,git
2026-06-26,Active_Lifestyle_Set_3,13,git
2026-06-27,Active_Lifestyle_Set_3,-1,git
2026-06-28,Active_Lifestyle_Set_3,-1,git
2026-06-29,Active_Lifestyle_Set_3,551,git
2026-06-30,Active_Lifestyle_Set_3,550,git
2026-07-01,Active_Lifestyle_Set_3,549,git
2026-07-02,Active_Lifestyle_Set_3,543,git
2026-07-03,Active_Lifestyle_Set_3,539,git
2026-07-04,Active_Lifestyle_Set_3,535,git
2026-07-05,Active_Lifestyle_Set_3,535,git
2026-07-06,Active_Lifestyle_Set_3,838,git
2026-07-07,Active_Lifestyle_Set_3,830,git
2026-07-08,Active_Lifestyle_Set_3,829,git
2026-07-09,Active_Lifestyle_Set_3,824,git
2026-07-10,Active_Lifestyle_Set_3,815,git
2026-07-11,Active_Lifestyle_Set_3,814,git
2026-07-12,Active_Lifestyle_Set_3,814,git
2026-07-13,Active_Lifestyle_Set_3,808,git
2026-07-14,Active_Lifestyle_Set_3,804,git
2026-07-15,Active_Lifestyle_Set_3,800,git
2026-07-16,Active_Lifestyle_Set_3,791,matrixify
2026-06-04,Agility_Set_3,962,git
2026-06-05,Agility_Set_3,961,git
2026-06-06,Agility_Set_3,961,git
2026-06-07,Agility_Set_3,959,git
2026-06-08,Agility_Set_3,959,git
2026-06-09,Agility_Set_3,954,git
2026-06-10,Agility_Set_3,954,git
2026-06-11,Agility_Set_3,952,git
2026-06-12,Agility_Set_3,950,git
2026-06-13,Agility_Set_3,168,git
2026-06-14,Agility_Set_3,164,git
2026-06-15,Agility_Set_3,147,git
2026-06-16,Agility_Set_3,139,git
2026-06-17,Agility_Set_3,136,git
2026-06-18,Agility_Set_3,135,git
2026-06-19,Agility_Set_3,130,git
2026-06-20,Agility_Set_3,129,git
2026-06-21,Agility_Set_3,129,git
2026-06-22,Agility_Set_3,29,git
2026-06-23,Agility_Set_3,26,git
2026-06-24,Agility_Set_3,22,git
2026-06-25,Agility_Set_3,19,git
2026-06-26,Agility_Set_3,13,git
2026-06-27,Agility_Set_3,-1,git
2026-06-28,Agility_Set_3,-1,git
2026-06-29,Agility_Set_3,287,git
2026-06-30,Agility_Set_3,287,git
2026-07-01,Agility_Set_3,287,git
2026-07-02,Agility_Set_3,287,git
2026-07-03,Agility_Set_3,287,git
2026-07-04,Agility_Set_3,286,git
2026-07-05,Agility_Set_3,286,git
2026-07-06,Agility_Set_3,285,git
2026-07-07,Agility_Set_3,285,git
2026-07-08,Agility_Set_3,285,git
2026-07-09,Agility_Set_3,285,git
2026-07-10,Agility_Set_3,285,git
2026-07-11,Agility_Set_3,285,git
2026-07-12,Agility_Set_3,284,git
2026-07-13,Agility_Set_3,284,git
2026-07-14,Agility_Set_3,284,git
2026-07-15,Agility_Set_3,280,git
2026-07-16,Agility_Set_3,279,matrixify
2026-06-04,BJ-E223-8EKW,3068,git
2026-06-05,BJ-E223-8EKW,3067,git
2026-06-06,BJ-E223-8EKW,3066,git
2026-06-07,BJ-E223-8EKW,3066,git
2026-06-08,BJ-E223-8EKW,3062,git
2026-06-09,BJ-E223-8EKW,3058,git
2026-06-10,BJ-E223-8EKW,3057,git
2026-06-11,BJ-E223-8EKW,3056,git
2026-06-12,BJ-E223-8EKW,3049,git
2026-06-13,BJ-E223-8EKW,3046,git
2026-06-14,BJ-E223-8EKW,3046,git
2026-06-15,BJ-E223-8EKW,3042,git
2026-06-16,BJ-E223-8EKW,21032,git
2026-06-17,BJ-E223-8EKW,21027,git
2026-06-18,BJ-E223-8EKW,21023,git
2026-06-19,BJ-E223-8EKW,21008,git
2026-06-20,BJ-E223-8EKW,20995,git
2026-06-21,BJ-E223-8EKW,20993,git
2026-06-22,BJ-E223-8EKW,20986,git
2026-06-23,BJ-E223-8EKW,20976,git
2026-06-24,BJ-E223-8EKW,20968,git
2026-06-25,BJ-E223-8EKW,20967,git
2026-06-26,BJ-E223-8EKW,20963,git
2026-06-27,BJ-E223-8EKW,17914,git
2026-06-28,BJ-E223-8EKW,17913,git
2026-06-29,BJ-E223-8EKW,17907,git
2026-06-30,BJ-E223-8EKW,17898,git
2026-07-01,BJ-E223-8EKW,17891,git
2026-07-02,BJ-E223-8EKW,17887,git
2026-07-03,BJ-E223-8EKW,17887,git
2026-07-04,BJ-E223-8EKW,17886,git
2026-07-05,BJ-E223-8EKW,17886,git
2026-07-06,BJ-E223-8EKW,18778,git
2026-07-07,BJ-E223-8EKW,18775,git
2026-07-08,BJ-E223-8EKW,18773,git
2026-07-09,BJ-E223-8EKW,18772,git
2026-07-10,BJ-E223-8EKW,18772,git
2026-07-11,BJ-E223-8EKW,18771,git
2026-07-12,BJ-E223-8EKW,18767,git
2026-07-13,BJ-E223-8EKW,18763,git
2026-07-14,BJ-E223-8EKW,18757,git
2026-07-15,BJ-E223-8EKW,18757,git
2026-07-16,BJ-E223-8EKW,18757,matrixify
2026-06-04,Beauty_Set_3-0,384,git
2026-06-05,Beauty_Set_3-0,383,git
2026-06-06,Beauty_Set_3-0,383,git
2026-06-07,Beauty_Set_3-0,383,git
2026-06-08,Beauty_Set_3-0,383,git
2026-06-09,Beauty_Set_3-0,382,git
2026-06-10,Beauty_Set_3-0,381,git
2026-06-11,Beauty_Set_3-0,381,git
2026-06-12,Beauty_Set_3-0,381,git
2026-06-13,Beauty_Set_3-0,380,git
2026-06-14,Beauty_Set_3-0,380,git
2026-06-15,Beauty_Set_3-0,379,git
2026-06-16,Beauty_Set_3-0,549,git
2026-06-17,Beauty_Set_3-0,548,git
2026-06-18,Beauty_Set_3-0,548,git
2026-06-19,Beauty_Set_3-0,548,git
2026-06-20,Beauty_Set_3-0,547,git
2026-06-21,Beauty_Set_3-0,545,git
2026-06-22,Beauty_Set_3-0,542,git
2026-06-23,Beauty_Set_3-0,541,git
2026-06-24,Beauty_Set_3-0,540,git
2026-06-25,Beauty_Set_3-0,540,git
2026-06-26,Beauty_Set_3-0,540,git
2026-06-27,Beauty_Set_3-0,154,git
2026-06-28,Beauty_Set_3-0,152,git
2026-06-29,Beauty_Set_3-0,152,git
2026-06-30,Beauty_Set_3-0,152,git
2026-07-01,Beauty_Set_3-0,152,git
2026-07-02,Beauty_Set_3-0,149,git
2026-07-03,Beauty_Set_3-0,149,git
2026-07-04,Beauty_Set_3-0,147,git
2026-07-05,Beauty_Set_3-0,147,git
2026-07-06,Beauty_Set_3-0,147,git
2026-07-07,Beauty_Set_3-0,147,git
2026-07-08,Beauty_Set_3-0,147,git
2026-07-09,Beauty_Set_3-0,147,git
2026-07-10,Beauty_Set_3-0,147,git
2026-07-11,Beauty_Set_3-0,146,git
2026-07-12,Beauty_Set_3-0,146,git
2026-07-13,Beauty_Set_3-0,145,git
2026-07-14,Beauty_Set_3-0,145,git
2026-07-15,Beauty_Set_3-0,143,git
2026-07-16,Beauty_Set_3-0,141,matrixify
2026-06-04,CP-DQMG-RVN9,1166,git
2026-06-05,CP-DQMG-RVN9,1166,git
2026-06-06,CP-DQMG-RVN9,1164,git
2026-06-07,CP-DQMG-RVN9,1164,git
2026-06-08,CP-DQMG-RVN9,1164,git
2026-06-09,CP-DQMG-RVN9,1164,git
2026-06-10,CP-DQMG-RVN9,1164,git
2026-06-11,CP-DQMG-RVN9,1164,git
2026-06-12,CP-DQMG-RVN9,1164,git
2026-06-13,CP-DQMG-RVN9,1164,git
2026-06-14,CP-DQMG-RVN9,1164,git
2026-06-15,CP-DQMG-RVN9,1164,git
2026-06-16,CP-DQMG-RVN9,1759,git
2026-06-17,CP-DQMG-RVN9,1759,git
2026-06-18,CP-DQMG-RVN9,1759,git
2026-06-19,CP-DQMG-RVN9,1758,git
2026-06-20,CP-DQMG-RVN9,1756,git
2026-06-21,CP-DQMG-RVN9,1756,git
2026-06-22,CP-DQMG-RVN9,1328,git
2026-06-23,CP-DQMG-RVN9,1328,git
2026-06-24,CP-DQMG-RVN9,1327,git
2026-06-25,CP-DQMG-RVN9,1326,git
2026-06-26,CP-DQMG-RVN9,1326,git
2026-06-27,CP-DQMG-RVN9,577,git
2026-06-28,CP-DQMG-RVN9,576,git
2026-06-29,CP-DQMG-RVN9,573,git
2026-06-30,CP-DQMG-RVN9,573,git
2026-07-01,CP-DQMG-RVN9,573,git
2026-07-02,CP-DQMG-RVN9,571,git
2026-07-03,CP-DQMG-RVN9,571,git
2026-07-04,CP-DQMG-RVN9,568,git
2026-07-05,CP-DQMG-RVN9,568,git
2026-07-06,CP-DQMG-RVN9,568,git
2026-07-07,CP-DQMG-RVN9,568,git
2026-07-08,CP-DQMG-RVN9,568,git
2026-07-09,CP-DQMG-RVN9,568,git
2026-07-10,CP-DQMG-RVN9,568,git
2026-07-11,CP-DQMG-RVN9,568,git
2026-07-12,CP-DQMG-RVN9,568,git
2026-07-13,CP-DQMG-RVN9,568,git
2026-07-14,CP-DQMG-RVN9,566,git
2026-07-15,CP-DQMG-RVN9,564,git
2026-07-16,CP-DQMG-RVN9,564,matrixify
2026-06-04,CW-KVIN-V39Y,166,git
2026-06-05,CW-KVIN-V39Y,126,git
2026-06-06,CW-KVIN-V39Y,126,git
2026-06-07,CW-KVIN-V39Y,46,git
2026-06-08,CW-KVIN-V39Y,46,git
2026-06-09,CW-KVIN-V39Y,44,git
2026-06-10,CW-KVIN-V39Y,41,git
2026-06-11,CW-KVIN-V39Y,40,git
2026-06-12,CW-KVIN-V39Y,40,git
2026-06-13,CW-KVIN-V39Y,40,git
2026-06-14,CW-KVIN-V39Y,40,git
2026-06-15,CW-KVIN-V39Y,39,git
2026-06-16,CW-KVIN-V39Y,135,git
2026-06-17,CW-KVIN-V39Y,134,git
2026-06-18,CW-KVIN-V39Y,130,git
2026-06-19,CW-KVIN-V39Y,128,git
2026-06-20,CW-KVIN-V39Y,128,git
2026-06-21,CW-KVIN-V39Y,86,git
2026-06-22,CW-KVIN-V39Y,85,git
2026-06-23,CW-KVIN-V39Y,85,git
2026-06-24,CW-KVIN-V39Y,81,git
2026-06-25,CW-KVIN-V39Y,81,git
2026-06-26,CW-KVIN-V39Y,81,git
2026-06-27,CW-KVIN-V39Y,78,git
2026-06-28,CW-KVIN-V39Y,78,git
2026-06-29,CW-KVIN-V39Y,78,git
2026-06-30,CW-KVIN-V39Y,80,git
2026-07-01,CW-KVIN-V39Y,18,git
2026-07-02,CW-KVIN-V39Y,14,git
2026-07-03,CW-KVIN-V39Y,13,git
2026-07-04,CW-KVIN-V39Y,12,git
2026-07-05,CW-KVIN-V39Y,12,git
2026-07-06,CW-KVIN-V39Y,12,git
2026-07-07,CW-KVIN-V39Y,12,git
2026-07-08,CW-KVIN-V39Y,0,git
2026-07-09,CW-KVIN-V39Y,0,git
2026-07-10,CW-KVIN-V39Y,0,git
2026-07-11,CW-KVIN-V39Y,0,git
2026-07-12,CW-KVIN-V39Y,0,git
2026-07-13,CW-KVIN-V39Y,0,git
2026-07-14,CW-KVIN-V39Y,0,git
2026-07-15,CW-KVIN-V39Y,-2,git
2026-07-16,CW-KVIN-V39Y,-2,matrixify
2026-06-04,Daily_Vegan_Set,25,git
2026-06-05,Daily_Vegan_Set,23,git
2026-06-06,Daily_Vegan_Set,21,git
2026-06-07,Daily_Vegan_Set,16,git
2026-06-08,Daily_Vegan_Set,11,git
2026-06-09,Daily_Vegan_Set,9,git
2026-06-10,Daily_Vegan_Set,4,git
2026-06-11,Daily_Vegan_Set,0,git
2026-06-12,Daily_Vegan_Set,0,git
2026-06-13,Daily_Vegan_Set,0,git
2026-06-14,Daily_Vegan_Set,0,git
2026-06-15,Daily_Vegan_Set,0,git
2026-06-16,Daily_Vegan_Set,0,git
2026-06-17,Daily_Vegan_Set,0,git
2026-06-18,Daily_Vegan_Set,0,git
2026-06-19,Daily_Vegan_Set,0,git
2026-06-20,Daily_Vegan_Set,0,git
2026-06-21,Daily_Vegan_Set,0,git
2026-06-22,Daily_Vegan_Set,0,git
2026-06-23,Daily_Vegan_Set,0,git
2026-06-24,Daily_Vegan_Set,0,git
2026-06-25,Daily_Vegan_Set,0,git
2026-06-26,Daily_Vegan_Set,0,git
2026-06-27,Daily_Vegan_Set,-5,git
2026-06-28,Daily_Vegan_Set,-5,git
2026-06-29,Daily_Vegan_Set,-5,git
2026-06-30,Daily_Vegan_Set,-5,git
2026-07-01,Daily_Vegan_Set,-5,git
2026-07-02,Daily_Vegan_Set,-5,git
2026-07-03,Daily_Vegan_Set,-5,git
2026-07-04,Daily_Vegan_Set,-5,git
2026-07-05,Daily_Vegan_Set,-5,git
2026-07-06,Daily_Vegan_Set,-5,git
2026-07-07,Daily_Vegan_Set,-5,git
2026-07-08,Daily_Vegan_Set,-5,git
2026-07-09,Daily_Vegan_Set,-5,git
2026-07-10,Daily_Vegan_Set,-5,git
2026-07-11,Daily_Vegan_Set,-5,git
2026-07-12,Daily_Vegan_Set,-5,git
2026-07-13,Daily_Vegan_Set,-5,git
2026-07-14,Daily_Vegan_Set,-5,git
2026-07-15,Daily_Vegan_Set,-5,git
2026-07-16,Daily_Vegan_Set,-5,matrixify
2026-06-04,Detox_Set_3,191,git
2026-06-05,Detox_Set_3,11,git
2026-06-06,Detox_Set_3,10,git
2026-06-07,Detox_Set_3,10,git
2026-06-08,Detox_Set_3,8,git
2026-06-09,Detox_Set_3,8,git
2026-06-10,Detox_Set_3,7,git
2026-06-11,Detox_Set_3,7,git
2026-06-12,Detox_Set_3,7,git
2026-06-13,Detox_Set_3,7,git
2026-06-14,Detox_Set_3,3,git
2026-06-15,Detox_Set_3,2,git
2026-06-16,Detox_Set_3,89,git
2026-06-17,Detox_Set_3,89,git
2026-06-18,Detox_Set_3,88,git
2026-06-19,Detox_Set_3,87,git
2026-06-20,Detox_Set_3,87,git
2026-06-21,Detox_Set_3,85,git
2026-06-22,Detox_Set_3,83,git
2026-06-23,Detox_Set_3,81,git
2026-06-24,Detox_Set_3,54,git
2026-06-25,Detox_Set_3,54,git
2026-06-26,Detox_Set_3,51,git
2026-06-27,Detox_Set_3,34,git
2026-06-28,Detox_Set_3,34,git
2026-06-29,Detox_Set_3,33,git
2026-06-30,Detox_Set_3,32,git
2026-07-01,Detox_Set_3,31,git
2026-07-02,Detox_Set_3,31,git
2026-07-03,Detox_Set_3,28,git
2026-07-04,Detox_Set_3,26,git
2026-07-05,Detox_Set_3,24,git
2026-07-06,Detox_Set_3,23,git
2026-07-07,Detox_Set_3,23,git
2026-07-08,Detox_Set_3,23,git
2026-07-09,Detox_Set_3,18,git
2026-07-10,Detox_Set_3,18,git
2026-07-11,Detox_Set_3,18,git
2026-07-12,Detox_Set_3,18,git
2026-07-13,Detox_Set_3,17,git
2026-07-14,Detox_Set_3,16,git
2026-07-15,Detox_Set_3,15,git
2026-07-16,Detox_Set_3,12,matrixify
2026-06-04,Digestion_Health_Set_3,141,git
2026-06-05,Digestion_Health_Set_3,130,git
2026-06-06,Digestion_Health_Set_3,130,git
2026-06-07,Digestion_Health_Set_3,128,git
2026-06-08,Digestion_Health_Set_3,124,git
2026-06-09,Digestion_Health_Set_3,118,git
2026-06-10,Digestion_Health_Set_3,115,git
2026-06-11,Digestion_Health_Set_3,115,git
2026-06-12,Digestion_Health_Set_3,112,git
2026-06-13,Digestion_Health_Set_3,111,git
2026-06-14,Digestion_Health_Set_3,111,git
2026-06-15,Digestion_Health_Set_3,109,git
2026-06-16,Digestion_Health_Set_3,104,git
2026-06-17,Digestion_Health_Set_3,102,git
2026-06-18,Digestion_Health_Set_3,121,git
2026-06-19,Digestion_Health_Set_3,119,git
2026-06-20,Digestion_Health_Set_3,115,git
2026-06-21,Digestion_Health_Set_3,111,git
2026-06-22,Digestion_Health_Set_3,104,git
2026-06-23,Digestion_Health_Set_3,104,git
2026-06-24,Digestion_Health_Set_3,104,git
2026-06-25,Digestion_Health_Set_3,104,git
2026-06-26,Digestion_Health_Set_3,104,git
2026-06-27,Digestion_Health_Set_3,-10,git
2026-06-28,Digestion_Health_Set_3,-10,git
2026-06-29,Digestion_Health_Set_3,-10,git
2026-06-30,Digestion_Health_Set_3,-10,git
2026-07-01,Digestion_Health_Set_3,-10,git
2026-07-02,Digestion_Health_Set_3,-10,git
2026-07-03,Digestion_Health_Set_3,-10,git
2026-07-04,Digestion_Health_Set_3,-10,git
2026-07-05,Digestion_Health_Set_3,-10,git
2026-07-06,Digestion_Health_Set_3,211,git
2026-07-07,Digestion_Health_Set_3,211,git
2026-07-08,Digestion_Health_Set_3,211,git
2026-07-09,Digestion_Health_Set_3,211,git
2026-07-10,Digestion_Health_Set_3,211,git
2026-07-11,Digestion_Health_Set_3,211,git
2026-07-12,Digestion_Health_Set_3,211,git
2026-07-13,Digestion_Health_Set_3,211,git
2026-07-14,Digestion_Health_Set_3,211,git
2026-07-15,Digestion_Health_Set_3,211,git
2026-07-16,Digestion_Health_Set_3,211,matrixify
2026-06-04,Dreamcatcher_Set_3,0,git
2026-06-05,Dreamcatcher_Set_3,-10,git
2026-06-06,Dreamcatcher_Set_3,-10,git
2026-06-07,Dreamcatcher_Set_3,-10,git
2026-06-08,Dreamcatcher_Set_3,-10,git
2026-06-09,Dreamcatcher_Set_3,-10,git
2026-06-10,Dreamcatcher_Set_3,-10,git
2026-06-11,Dreamcatcher_Set_3,-10,git
2026-06-12,Dreamcatcher_Set_3,-10,git
2026-06-13,Dreamcatcher_Set_3,-10,git
2026-06-14,Dreamcatcher_Set_3,-10,git
2026-06-15,Dreamcatcher_Set_3,-10,git
2026-06-16,Dreamcatcher_Set_3,-10,git
2026-06-17,Dreamcatcher_Set_3,-10,git
2026-06-18,Dreamcatcher_Set_3,-10,git
2026-06-19,Dreamcatcher_Set_3,962,git
2026-06-20,Dreamcatcher_Set_3,959,git
2026-06-21,Dreamcatcher_Set_3,957,git
2026-06-22,Dreamcatcher_Set_3,267,git
2026-06-23,Dreamcatcher_Set_3,258,git
2026-06-24,Dreamcatcher_Set_3,12,git
2026-06-25,Dreamcatcher_Set_3,12,git
2026-06-26,Dreamcatcher_Set_3,10,git
2026-06-27,Dreamcatcher_Set_3,-14,git
2026-06-28,Dreamcatcher_Set_3,-14,git
2026-06-29,Dreamcatcher_Set_3,-14,git
2026-06-30,Dreamcatcher_Set_3,-12,git
2026-07-01,Dreamcatcher_Set_3,-12,git
2026-07-02,Dreamcatcher_Set_3,-12,git
2026-07-03,Dreamcatcher_Set_3,-12,git
2026-07-04,Dreamcatcher_Set_3,-12,git
2026-07-05,Dreamcatcher_Set_3,-12,git
2026-07-06,Dreamcatcher_Set_3,148,git
2026-07-07,Dreamcatcher_Set_3,140,git
2026-07-08,Dreamcatcher_Set_3,139,git
2026-07-09,Dreamcatcher_Set_3,138,git
2026-07-10,Dreamcatcher_Set_3,137,git
2026-07-11,Dreamcatcher_Set_3,136,git
2026-07-12,Dreamcatcher_Set_3,136,git
2026-07-13,Dreamcatcher_Set_3,133,git
2026-07-14,Dreamcatcher_Set_3,131,git
2026-07-15,Dreamcatcher_Set_3,131,git
2026-07-16,Dreamcatcher_Set_3,129,matrixify
2026-06-04,Emotional_Balance_Set_3,0,git
2026-06-05,Emotional_Balance_Set_3,-10,git
2026-06-06,Emotional_Balance_Set_3,-10,git
2026-06-07,Emotional_Balance_Set_3,-10,git
2026-06-08,Emotional_Balance_Set_3,-10,git
2026-06-09,Emotional_Balance_Set_3,-10,git
2026-06-10,Emotional_Balance_Set_3,-10,git
2026-06-11,Emotional_Balance_Set_3,-10,git
2026-06-12,Emotional_Balance_Set_3,-10,git
2026-06-13,Emotional_Balance_Set_3,-10,git
2026-06-14,Emotional_Balance_Set_3,-10,git
2026-06-15,Emotional_Balance_Set_3,-10,git
2026-06-16,Emotional_Balance_Set_3,-10,git
2026-06-17,Emotional_Balance_Set_3,-10,git
2026-06-18,Emotional_Balance_Set_3,-10,git
2026-06-19,Emotional_Balance_Set_3,193,git
2026-06-20,Emotional_Balance_Set_3,193,git
2026-06-21,Emotional_Balance_Set_3,193,git
2026-06-22,Emotional_Balance_Set_3,17,git
2026-06-23,Emotional_Balance_Set_3,16,git
2026-06-24,Emotional_Balance_Set_3,12,git
2026-06-25,Emotional_Balance_Set_3,12,git
2026-06-26,Emotional_Balance_Set_3,10,git
2026-06-27,Emotional_Balance_Set_3,-14,git
2026-06-28,Emotional_Balance_Set_3,-14,git
2026-06-29,Emotional_Balance_Set_3,-14,git
2026-06-30,Emotional_Balance_Set_3,-12,git
2026-07-01,Emotional_Balance_Set_3,-12,git
2026-07-02,Emotional_Balance_Set_3,-12,git
2026-07-03,Emotional_Balance_Set_3,-12,git
2026-07-04,Emotional_Balance_Set_3,-12,git
2026-07-05,Emotional_Balance_Set_3,-12,git
2026-07-06,Emotional_Balance_Set_3,228,git
2026-07-07,Emotional_Balance_Set_3,227,git
2026-07-08,Emotional_Balance_Set_3,227,git
2026-07-09,Emotional_Balance_Set_3,226,git
2026-07-10,Emotional_Balance_Set_3,226,git
2026-07-11,Emotional_Balance_Set_3,224,git
2026-07-12,Emotional_Balance_Set_3,223,git
2026-07-13,Emotional_Balance_Set_3,221,git
2026-07-14,Emotional_Balance_Set_3,219,git
2026-07-15,Emotional_Balance_Set_3,216,git
2026-07-16,Emotional_Balance_Set_3,215,matrixify
2026-06-04,Energy_Set_3,-5,git
2026-06-05,Energy_Set_3,-5,git
2026-06-06,Energy_Set_3,-5,git
2026-06-07,Energy_Set_3,-5,git
2026-06-08,Energy_Set_3,-5,git
2026-06-09,Energy_Set_3,-5,git
2026-06-10,Energy_Set_3,-5,git
2026-06-11,Energy_Set_3,-5,git
2026-06-12,Energy_Set_3,-5,git
2026-06-13,Energy_Set_3,-5,git
2026-06-14,Energy_Set_3,-5,git
2026-06-15,Energy_Set_3,-5,git
2026-06-16,Energy_Set_3,0,git
2026-06-17,Energy_Set_3,0,git
2026-06-18,Energy_Set_3,1014,git
2026-06-19,Energy_Set_3,2175,git
2026-06-20,Energy_Set_3,2175,git
2026-06-21,Energy_Set_3,2173,git
2026-06-22,Energy_Set_3,2084,git
2026-06-23,Energy_Set_3,2084,git
2026-06-24,Energy_Set_3,28,git
2026-06-25,Energy_Set_3,22,git
2026-06-26,Energy_Set_3,10,git
2026-06-27,Energy_Set_3,-5,git
2026-06-28,Energy_Set_3,-5,git
2026-06-29,Energy_Set_3,-5,git
2026-06-30,Energy_Set_3,0,git
2026-07-01,Energy_Set_3,0,git
2026-07-02,Energy_Set_3,0,git
2026-07-03,Energy_Set_3,0,git
2026-07-04,Energy_Set_3,0,git
2026-07-05,Energy_Set_3,0,git
2026-07-06,Energy_Set_3,1075,git
2026-07-07,Energy_Set_3,1075,git
2026-07-08,Energy_Set_3,1074,git
2026-07-09,Energy_Set_3,1074,git
2026-07-10,Energy_Set_3,1074,git
2026-07-11,Energy_Set_3,1074,git
2026-07-12,Energy_Set_3,1074,git
2026-07-13,Energy_Set_3,1073,git
2026-07-14,Energy_Set_3,1069,git
2026-07-15,Energy_Set_3,1069,git
2026-07-16,Energy_Set_3,1069,matrixify
2026-06-04,Everyday_Essentials_Set,0,git
2026-06-05,Everyday_Essentials_Set,0,git
2026-06-06,Everyday_Essentials_Set,0,git
2026-06-07,Everyday_Essentials_Set,0,git
2026-06-08,Everyday_Essentials_Set,0,git
2026-06-09,Everyday_Essentials_Set,0,git
2026-06-10,Everyday_Essentials_Set,0,git
2026-06-11,Everyday_Essentials_Set,0,git
2026-06-12,Everyday_Essentials_Set,0,git
2026-06-13,Everyday_Essentials_Set,0,git
2026-06-14,Everyday_Essentials_Set,0,git
2026-06-15,Everyday_Essentials_Set,0,git
2026-06-16,Everyday_Essentials_Set,0,git
2026-06-17,Everyday_Essentials_Set,0,git
2026-06-18,Everyday_Essentials_Set,3196,git
2026-06-19,Everyday_Essentials_Set,3185,git
2026-06-20,Everyday_Essentials_Set,3183,git
2026-06-21,Everyday_Essentials_Set,3183,git
2026-06-22,Everyday_Essentials_Set,3183,git
2026-06-23,Everyday_Essentials_Set,3173,git
2026-06-24,Everyday_Essentials_Set,28,git
2026-06-25,Everyday_Essentials_Set,22,git
2026-06-26,Everyday_Essentials_Set,10,git
2026-06-27,Everyday_Essentials_Set,-5,git
2026-06-28,Everyday_Essentials_Set,-5,git
2026-06-29,Everyday_Essentials_Set,-5,git
2026-06-30,Everyday_Essentials_Set,0,git
2026-07-01,Everyday_Essentials_Set,0,git
2026-07-02,Everyday_Essentials_Set,0,git
2026-07-03,Everyday_Essentials_Set,0,git
2026-07-04,Everyday_Essentials_Set,0,git
2026-07-05,Everyday_Essentials_Set,0,git
2026-07-06,Everyday_Essentials_Set,424,git
2026-07-07,Everyday_Essentials_Set,415,git
2026-07-08,Everyday_Essentials_Set,407,git
2026-07-09,Everyday_Essentials_Set,398,git
2026-07-10,Everyday_Essentials_Set,393,git
2026-07-11,Everyday_Essentials_Set,386,git
2026-07-12,Everyday_Essentials_Set,373,git
2026-07-13,Everyday_Essentials_Set,357,git
2026-07-14,Everyday_Essentials_Set,339,git
2026-07-15,Everyday_Essentials_Set,335,git
2026-07-16,Everyday_Essentials_Set,313,matrixify
2026-06-04,General_Health_Set_3,0,git
2026-06-05,General_Health_Set_3,0,git
2026-06-06,General_Health_Set_3,0,git
2026-06-07,General_Health_Set_3,0,git
2026-06-08,General_Health_Set_3,0,git
2026-06-09,General_Health_Set_3,0,git
2026-06-10,General_Health_Set_3,0,git
2026-06-11,General_Health_Set_3,0,git
2026-06-12,General_Health_Set_3,0,git
2026-06-13,General_Health_Set_3,0,git
2026-06-14,General_Health_Set_3,0,git
2026-06-15,General_Health_Set_3,0,git
2026-06-16,General_Health_Set_3,0,git
2026-06-17,General_Health_Set_3,0,git
2026-06-18,General_Health_Set_3,0,git
2026-06-19,General_Health_Set_3,0,git
2026-06-20,General_Health_Set_3,0,git
2026-06-21,General_Health_Set_3,0,git
2026-06-22,General_Health_Set_3,0,git
2026-06-23,General_Health_Set_3,0,git
2026-06-24,General_Health_Set_3,0,git
2026-06-25,General_Health_Set_3,0,git
2026-06-26,General_Health_Set_3,0,git
2026-06-27,General_Health_Set_3,0,git
2026-06-28,General_Health_Set_3,0,git
2026-06-29,General_Health_Set_3,0,git
2026-06-30,General_Health_Set_3,0,git
2026-07-01,General_Health_Set_3,0,git
2026-07-02,General_Health_Set_3,0,git
2026-07-03,General_Health_Set_3,0,git
2026-07-04,General_Health_Set_3,0,git
2026-07-05,General_Health_Set_3,0,git
2026-07-06,General_Health_Set_3,0,git
2026-07-07,General_Health_Set_3,0,git
2026-07-08,General_Health_Set_3,-1,git
2026-07-09,General_Health_Set_3,0,git
2026-07-10,General_Health_Set_3,0,git
2026-07-11,General_Health_Set_3,0,git
2026-07-12,General_Health_Set_3,0,git
2026-07-13,General_Health_Set_3,0,git
2026-07-14,General_Health_Set_3,0,git
2026-07-15,General_Health_Set_3,0,git
2026-07-16,General_Health_Set_3,0,matrixify
2026-06-04,Gut_Flora_Set,141,git
2026-06-05,Gut_Flora_Set,130,git
2026-06-06,Gut_Flora_Set,130,git
2026-06-07,Gut_Flora_Set,128,git
2026-06-08,Gut_Flora_Set,124,git
2026-06-09,Gut_Flora_Set,118,git
2026-06-10,Gut_Flora_Set,115,git
2026-06-11,Gut_Flora_Set,115,git
2026-06-12,Gut_Flora_Set,112,git
2026-06-13,Gut_Flora_Set,111,git
2026-06-14,Gut_Flora_Set,111,git
2026-06-15,Gut_Flora_Set,109,git
2026-06-16,Gut_Flora_Set,104,git
2026-06-17,Gut_Flora_Set,102,git
2026-06-18,Gut_Flora_Set,121,git
2026-06-19,Gut_Flora_Set,119,git
2026-06-20,Gut_Flora_Set,115,git
2026-06-21,Gut_Flora_Set,111,git
2026-06-22,Gut_Flora_Set,104,git
2026-06-23,Gut_Flora_Set,104,git
2026-06-24,Gut_Flora_Set,104,git
2026-06-25,Gut_Flora_Set,104,git
2026-06-26,Gut_Flora_Set,104,git
2026-06-27,Gut_Flora_Set,-10,git
2026-06-28,Gut_Flora_Set,-10,git
2026-06-29,Gut_Flora_Set,-10,git
2026-06-30,Gut_Flora_Set,-10,git
2026-07-01,Gut_Flora_Set,-10,git
2026-07-02,Gut_Flora_Set,-10,git
2026-07-03,Gut_Flora_Set,-10,git
2026-07-04,Gut_Flora_Set,-10,git
2026-07-05,Gut_Flora_Set,-10,git
2026-07-06,Gut_Flora_Set,211,git
2026-07-07,Gut_Flora_Set,211,git
2026-07-08,Gut_Flora_Set,211,git
2026-07-09,Gut_Flora_Set,211,git
2026-07-10,Gut_Flora_Set,211,git
2026-07-11,Gut_Flora_Set,211,git
2026-07-12,Gut_Flora_Set,211,git
2026-07-13,Gut_Flora_Set,211,git
2026-07-14,Gut_Flora_Set,211,git
2026-07-15,Gut_Flora_Set,211,git
2026-07-16,Gut_Flora_Set,211,matrixify
2026-06-04,Hormonal_Blanace_Set_3,-1,git
2026-06-05,Hormonal_Blanace_Set_3,-1,git
2026-06-06,Hormonal_Blanace_Set_3,-1,git
2026-06-07,Hormonal_Blanace_Set_3,-1,git
2026-06-08,Hormonal_Blanace_Set_3,-1,git
2026-06-09,Hormonal_Blanace_Set_3,-1,git
2026-06-10,Hormonal_Blanace_Set_3,-1,git
2026-06-11,Hormonal_Blanace_Set_3,-1,git
2026-06-12,Hormonal_Blanace_Set_3,-1,git
2026-06-13,Hormonal_Blanace_Set_3,-1,git
2026-06-14,Hormonal_Blanace_Set_3,-1,git
2026-06-15,Hormonal_Blanace_Set_3,-1,git
2026-06-16,Hormonal_Blanace_Set_3,-1,git
2026-06-17,Hormonal_Blanace_Set_3,-1,git
2026-06-18,Hormonal_Blanace_Set_3,246,git
2026-06-19,Hormonal_Blanace_Set_3,229,git
2026-06-20,Hormonal_Blanace_Set_3,222,git
2026-06-21,Hormonal_Blanace_Set_3,212,git
2026-06-22,Hormonal_Blanace_Set_3,17,git
2026-06-23,Hormonal_Blanace_Set_3,0,git
2026-06-24,Hormonal_Blanace_Set_3,0,git
2026-06-25,Hormonal_Blanace_Set_3,0,git
2026-06-26,Hormonal_Blanace_Set_3,0,git
2026-06-27,Hormonal_Blanace_Set_3,-10,git
2026-06-28,Hormonal_Blanace_Set_3,-10,git
2026-06-29,Hormonal_Blanace_Set_3,-10,git
2026-06-30,Hormonal_Blanace_Set_3,-10,git
2026-07-01,Hormonal_Blanace_Set_3,-10,git
2026-07-02,Hormonal_Blanace_Set_3,-10,git
2026-07-03,Hormonal_Blanace_Set_3,-10,git
2026-07-04,Hormonal_Blanace_Set_3,-10,git
2026-07-05,Hormonal_Blanace_Set_3,-10,git
2026-07-06,Hormonal_Blanace_Set_3,-10,git
2026-07-07,Hormonal_Blanace_Set_3,-10,git
2026-07-08,Hormonal_Blanace_Set_3,-10,git
2026-07-09,Hormonal_Blanace_Set_3,-10,git
2026-07-10,Hormonal_Blanace_Set_3,-10,git
2026-07-11,Hormonal_Blanace_Set_3,-10,git
2026-07-12,Hormonal_Blanace_Set_3,-10,git
2026-07-13,Hormonal_Blanace_Set_3,-10,git
2026-07-14,Hormonal_Blanace_Set_3,-10,git
2026-07-15,Hormonal_Blanace_Set_3,-10,git
2026-07-16,Hormonal_Blanace_Set_3,-10,matrixify
2026-06-04,Immune_System_Set_3,1412,git
2026-06-05,Immune_System_Set_3,1412,git
2026-06-06,Immune_System_Set_3,1412,git
2026-06-07,Immune_System_Set_3,575,git
2026-06-08,Immune_System_Set_3,574,git
2026-06-09,Immune_System_Set_3,572,git
2026-06-10,Immune_System_Set_3,571,git
2026-06-11,Immune_System_Set_3,571,git
2026-06-12,Immune_System_Set_3,569,git
2026-06-13,Immune_System_Set_3,205,git
2026-06-14,Immune_System_Set_3,204,git
2026-06-15,Immune_System_Set_3,201,git
2026-06-16,Immune_System_Set_3,200,git
2026-06-17,Immune_System_Set_3,200,git
2026-06-18,Immune_System_Set_3,200,git
2026-06-19,Immune_System_Set_3,200,git
2026-06-20,Immune_System_Set_3,200,git
2026-06-21,Immune_System_Set_3,199,git
2026-06-22,Immune_System_Set_3,195,git
2026-06-23,Immune_System_Set_3,194,git
2026-06-24,Immune_System_Set_3,193,git
2026-06-25,Immune_System_Set_3,193,git
2026-06-26,Immune_System_Set_3,192,git
2026-06-27,Immune_System_Set_3,-11,git
2026-06-28,Immune_System_Set_3,-11,git
2026-06-29,Immune_System_Set_3,499,git
2026-06-30,Immune_System_Set_3,489,git
2026-07-01,Immune_System_Set_3,485,git
2026-07-02,Immune_System_Set_3,463,git
2026-07-03,Immune_System_Set_3,460,git
2026-07-04,Immune_System_Set_3,448,git
2026-07-05,Immune_System_Set_3,443,git
2026-07-06,Immune_System_Set_3,424,git
2026-07-07,Immune_System_Set_3,415,git
2026-07-08,Immune_System_Set_3,407,git
2026-07-09,Immune_System_Set_3,398,git
2026-07-10,Immune_System_Set_3,393,git
2026-07-11,Immune_System_Set_3,386,git
2026-07-12,Immune_System_Set_3,373,git
2026-07-13,Immune_System_Set_3,357,git
2026-07-14,Immune_System_Set_3,339,git
2026-07-15,Immune_System_Set_3,335,git
2026-07-16,Immune_System_Set_3,313,matrixify
2026-06-04,Menopause_Set,356,git
2026-06-05,Menopause_Set,100,git
2026-06-06,Menopause_Set,100,git
2026-06-07,Menopause_Set,-10,git
2026-06-08,Menopause_Set,-10,git
2026-06-09,Menopause_Set,-10,git
2026-06-10,Menopause_Set,-10,git
2026-06-11,Menopause_Set,-10,git
2026-06-12,Menopause_Set,-10,git
2026-06-13,Menopause_Set,-10,git
2026-06-14,Menopause_Set,-10,git
2026-06-15,Menopause_Set,-10,git
2026-06-16,Menopause_Set,160,git
2026-06-17,Menopause_Set,159,git
2026-06-18,Menopause_Set,159,git
2026-06-19,Menopause_Set,1246,git
2026-06-20,Menopause_Set,1246,git
2026-06-21,Menopause_Set,1246,git
2026-06-22,Menopause_Set,1244,git
2026-06-23,Menopause_Set,1244,git
2026-06-24,Menopause_Set,972,git
2026-06-25,Menopause_Set,971,git
2026-06-26,Menopause_Set,965,git
2026-06-27,Menopause_Set,288,git
2026-06-28,Menopause_Set,287,git
2026-06-29,Menopause_Set,287,git
2026-06-30,Menopause_Set,287,git
2026-07-01,Menopause_Set,287,git
2026-07-02,Menopause_Set,287,git
2026-07-03,Menopause_Set,287,git
2026-07-04,Menopause_Set,286,git
2026-07-05,Menopause_Set,286,git
2026-07-06,Menopause_Set,285,git
2026-07-07,Menopause_Set,285,git
2026-07-08,Menopause_Set,285,git
2026-07-09,Menopause_Set,285,git
2026-07-10,Menopause_Set,285,git
2026-07-11,Menopause_Set,285,git
2026-07-12,Menopause_Set,284,git
2026-07-13,Menopause_Set,284,git
2026-07-14,Menopause_Set,284,git
2026-07-15,Menopause_Set,280,git
2026-07-16,Menopause_Set,279,matrixify
2026-06-04,Mental_Focus_Set_3,381,git
2026-06-05,Mental_Focus_Set_3,381,git
2026-06-06,Mental_Focus_Set_3,381,git
2026-06-07,Mental_Focus_Set_3,380,git
2026-06-08,Mental_Focus_Set_3,377,git
2026-06-09,Mental_Focus_Set_3,372,git
2026-06-10,Mental_Focus_Set_3,369,git
2026-06-11,Mental_Focus_Set_3,367,git
2026-06-12,Mental_Focus_Set_3,366,git
2026-06-13,Mental_Focus_Set_3,174,git
2026-06-14,Mental_Focus_Set_3,173,git
2026-06-15,Mental_Focus_Set_3,172,git
2026-06-16,Mental_Focus_Set_3,172,git
2026-06-17,Mental_Focus_Set_3,172,git
2026-06-18,Mental_Focus_Set_3,172,git
2026-06-19,Mental_Focus_Set_3,171,git
2026-06-20,Mental_Focus_Set_3,171,git
2026-06-21,Mental_Focus_Set_3,169,git
2026-06-22,Mental_Focus_Set_3,51,git
2026-06-23,Mental_Focus_Set_3,50,git
2026-06-24,Mental_Focus_Set_3,47,git
2026-06-25,Mental_Focus_Set_3,47,git
2026-06-26,Mental_Focus_Set_3,47,git
2026-06-27,Mental_Focus_Set_3,0,git
2026-06-28,Mental_Focus_Set_3,0,git
2026-06-29,Mental_Focus_Set_3,140,git
2026-06-30,Mental_Focus_Set_3,140,git
2026-07-01,Mental_Focus_Set_3,140,git
2026-07-02,Mental_Focus_Set_3,140,git
2026-07-03,Mental_Focus_Set_3,140,git
2026-07-04,Mental_Focus_Set_3,140,git
2026-07-05,Mental_Focus_Set_3,139,git
2026-07-06,Mental_Focus_Set_3,372,git
2026-07-07,Mental_Focus_Set_3,372,git
2026-07-08,Mental_Focus_Set_3,372,git
2026-07-09,Mental_Focus_Set_3,371,git
2026-07-10,Mental_Focus_Set_3,371,git
2026-07-11,Mental_Focus_Set_3,371,git
2026-07-12,Mental_Focus_Set_3,371,git
2026-07-13,Mental_Focus_Set_3,357,git
2026-07-14,Mental_Focus_Set_3,339,git
2026-07-15,Mental_Focus_Set_3,335,git
2026-07-16,Mental_Focus_Set_3,313,matrixify
2026-06-04,NX-CVPF-VCEZ,120,git
2026-06-05,NX-CVPF-VCEZ,116,git
2026-06-06,NX-CVPF-VCEZ,116,git
2026-06-07,NX-CVPF-VCEZ,109,git
2026-06-08,NX-CVPF-VCEZ,108,git
2026-06-09,NX-CVPF-VCEZ,108,git
2026-06-10,NX-CVPF-VCEZ,107,git
2026-06-11,NX-CVPF-VCEZ,104,git
2026-06-12,NX-CVPF-VCEZ,106,git
2026-06-13,NX-CVPF-VCEZ,105,git
2026-06-14,NX-CVPF-VCEZ,104,git
2026-06-15,NX-CVPF-VCEZ,104,git
2026-06-16,NX-CVPF-VCEZ,277,git
2026-06-17,NX-CVPF-VCEZ,277,git
2026-06-18,NX-CVPF-VCEZ,277,git
2026-06-19,NX-CVPF-VCEZ,276,git
2026-06-20,NX-CVPF-VCEZ,276,git
2026-06-21,NX-CVPF-VCEZ,272,git
2026-06-22,NX-CVPF-VCEZ,212,git
2026-06-23,NX-CVPF-VCEZ,212,git
2026-06-24,NX-CVPF-VCEZ,212,git
2026-06-25,NX-CVPF-VCEZ,212,git
2026-06-26,NX-CVPF-VCEZ,212,git
2026-06-27,NX-CVPF-VCEZ,163,git
2026-06-28,NX-CVPF-VCEZ,160,git
2026-06-29,NX-CVPF-VCEZ,160,git
2026-06-30,NX-CVPF-VCEZ,155,git
2026-07-01,NX-CVPF-VCEZ,155,git
2026-07-02,NX-CVPF-VCEZ,155,git
2026-07-03,NX-CVPF-VCEZ,155,git
2026-07-04,NX-CVPF-VCEZ,155,git
2026-07-05,NX-CVPF-VCEZ,152,git
2026-07-06,NX-CVPF-VCEZ,149,git
2026-07-07,NX-CVPF-VCEZ,149,git
2026-07-08,NX-CVPF-VCEZ,147,git
2026-07-09,NX-CVPF-VCEZ,147,git
2026-07-10,NX-CVPF-VCEZ,147,git
2026-07-11,NX-CVPF-VCEZ,142,git
2026-07-12,NX-CVPF-VCEZ,142,git
2026-07-13,NX-CVPF-VCEZ,141,git
2026-07-14,NX-CVPF-VCEZ,141,git
2026-07-15,NX-CVPF-VCEZ,137,git
2026-07-16,NX-CVPF-VCEZ,137,matrixify
2026-06-04,Performance_Push_Set_3,-11,git
2026-06-05,Performance_Push_Set_3,-11,git
2026-06-06,Performance_Push_Set_3,-11,git
2026-06-07,Performance_Push_Set_3,-11,git
2026-06-08,Performance_Push_Set_3,-11,git
2026-06-09,Performance_Push_Set_3,-11,git
2026-06-10,Performance_Push_Set_3,-11,git
2026-06-11,Performance_Push_Set_3,-11,git
2026-06-12,Performance_Push_Set_3,-11,git
2026-06-13,Performance_Push_Set_3,-11,git
2026-06-14,Performance_Push_Set_3,-11,git
2026-06-15,Performance_Push_Set_3,-11,git
2026-06-16,Performance_Push_Set_3,-11,git
2026-06-17,Performance_Push_Set_3,-11,git
2026-06-18,Performance_Push_Set_3,-11,git
2026-06-19,Performance_Push_Set_3,-11,git
2026-06-20,Performance_Push_Set_3,-11,git
2026-06-21,Performance_Push_Set_3,-12,git
2026-06-22,Performance_Push_Set_3,-11,git
2026-06-23,Performance_Push_Set_3,-11,git
2026-06-24,Performance_Push_Set_3,-10,git
2026-06-25,Performance_Push_Set_3,-10,git
2026-06-26,Performance_Push_Set_3,-11,git
2026-06-27,Performance_Push_Set_3,-10,git
2026-06-28,Performance_Push_Set_3,-10,git
2026-06-29,Performance_Push_Set_3,-10,git
2026-06-30,Performance_Push_Set_3,-10,git
2026-07-01,Performance_Push_Set_3,-10,git
2026-07-02,Performance_Push_Set_3,-11,git
2026-07-03,Performance_Push_Set_3,-13,git
2026-07-04,Performance_Push_Set_3,-14,git
2026-07-05,Performance_Push_Set_3,-14,git
2026-07-06,Performance_Push_Set_3,-14,git
2026-07-07,Performance_Push_Set_3,-12,git
2026-07-08,Performance_Push_Set_3,-12,git
2026-07-09,Performance_Push_Set_3,-12,git
2026-07-10,Performance_Push_Set_3,-13,git
2026-07-11,Performance_Push_Set_3,-13,git
2026-07-12,Performance_Push_Set_3,-13,git
2026-07-13,Performance_Push_Set_3,-10,git
2026-07-14,Performance_Push_Set_3,-10,git
2026-07-15,Performance_Push_Set_3,-11,git
2026-07-16,Performance_Push_Set_3,-12,matrixify
2026-06-04,Regeneration_Set_3,337,git
2026-06-05,Regeneration_Set_3,13,git
2026-06-06,Regeneration_Set_3,12,git
2026-06-07,Regeneration_Set_3,10,git
2026-06-08,Regeneration_Set_3,8,git
2026-06-09,Regeneration_Set_3,6,git
2026-06-10,Regeneration_Set_3,6,git
2026-06-11,Regeneration_Set_3,2,git
2026-06-12,Regeneration_Set_3,4,git
2026-06-13,Regeneration_Set_3,2,git
2026-06-14,Regeneration_Set_3,0,git
2026-06-15,Regeneration_Set_3,0,git
2026-06-16,Regeneration_Set_3,109,git
2026-06-17,Regeneration_Set_3,108,git
2026-06-18,Regeneration_Set_3,107,git
2026-06-19,Regeneration_Set_3,148,git
2026-06-20,Regeneration_Set_3,148,git
2026-06-21,Regeneration_Set_3,147,git
2026-06-22,Regeneration_Set_3,24,git
2026-06-23,Regeneration_Set_3,22,git
2026-06-24,Regeneration_Set_3,18,git
2026-06-25,Regeneration_Set_3,17,git
2026-06-26,Regeneration_Set_3,7,git
2026-06-27,Regeneration_Set_3,-5,git
2026-06-28,Regeneration_Set_3,-5,git
2026-06-29,Regeneration_Set_3,507,git
2026-06-30,Regeneration_Set_3,506,git
2026-07-01,Regeneration_Set_3,506,git
2026-07-02,Regeneration_Set_3,505,git
2026-07-03,Regeneration_Set_3,505,git
2026-07-04,Regeneration_Set_3,505,git
2026-07-05,Regeneration_Set_3,505,git
2026-07-06,Regeneration_Set_3,505,git
2026-07-07,Regeneration_Set_3,504,git
2026-07-08,Regeneration_Set_3,502,git
2026-07-09,Regeneration_Set_3,500,git
2026-07-10,Regeneration_Set_3,500,git
2026-07-11,Regeneration_Set_3,497,git
2026-07-12,Regeneration_Set_3,497,git
2026-07-13,Regeneration_Set_3,495,git
2026-07-14,Regeneration_Set_3,495,git
2026-07-15,Regeneration_Set_3,494,git
2026-07-16,Regeneration_Set_3,493,matrixify
2026-06-04,Sunkissed-Set,139,git
2026-06-05,Sunkissed-Set,135,git
2026-06-06,Sunkissed-Set,133,git
2026-06-07,Sunkissed-Set,128,git
2026-06-08,Sunkissed-Set,126,git
2026-06-09,Sunkissed-Set,126,git
2026-06-10,Sunkissed-Set,123,git
2026-06-11,Sunkissed-Set,121,git
2026-06-12,Sunkissed-Set,116,git
2026-06-13,Sunkissed-Set,55,git
2026-06-14,Sunkissed-Set,53,git
2026-06-15,Sunkissed-set,50,git
2026-06-16,Sunkissed-set,49,git
2026-06-17,Sunkissed-set,46,git
2026-06-18,Sunkissed-set,44,git
2026-06-19,Sunkissed-set,44,git
2026-06-20,Sunkissed-set,36,git
2026-06-21,Sunkissed-set,34,git
2026-06-22,Sunkissed-set,29,git
2026-06-23,Sunkissed-set,25,git
2026-06-24,Sunkissed-set,16,git
2026-06-25,Sunkissed-set,10,git
2026-06-26,Sunkissed-set,7,git
2026-06-27,Sunkissed-set,-10,git
2026-06-28,Sunkissed-set,-10,git
2026-06-29,Sunkissed-set,43,git
2026-06-30,Sunkissed-set,43,git
2026-07-01,Sunkissed-set,43,git
2026-07-02,Sunkissed-set,39,git
2026-07-03,Sunkissed-set,39,git
2026-07-04,Sunkissed-set,34,git
2026-07-05,Sunkissed-set,30,git
2026-07-06,Sunkissed-set,27,git
2026-07-07,Sunkissed-set,27,git
2026-07-08,Sunkissed-set,27,git
2026-07-09,Sunkissed-set,25,git
2026-07-10,Sunkissed-set,25,git
2026-07-11,Sunkissed-set,19,git
2026-07-12,Sunkissed-set,18,git
2026-07-13,Sunkissed-set,15,git
2026-07-14,Sunkissed-set,14,git
2026-07-15,Sunkissed-set,14,git
2026-07-16,Sunkissed-set,13,matrixify
2026-06-04,TU-QNYD-JRRX,0,git
2026-06-05,TU-QNYD-JRRX,0,git
2026-06-06,TU-QNYD-JRRX,0,git
2026-06-07,TU-QNYD-JRRX,0,git
2026-06-08,TU-QNYD-JRRX,0,git
2026-06-09,TU-QNYD-JRRX,5,git
2026-06-10,TU-QNYD-JRRX,963,git
2026-06-11,TU-QNYD-JRRX,961,git
2026-06-12,TU-QNYD-JRRX,961,git
2026-06-13,TU-QNYD-JRRX,961,git
2026-06-14,TU-QNYD-JRRX,241,git
2026-06-15,TU-QNYD-JRRX,241,git
2026-06-16,TU-QNYD-JRRX,241,git
2026-06-17,TU-QNYD-JRRX,169,git
2026-06-18,TU-QNYD-JRRX,169,git
2026-06-19,TU-QNYD-JRRX,164,git
2026-06-20,TU-QNYD-JRRX,164,git
2026-06-21,TU-QNYD-JRRX,164,git
2026-06-22,TU-QNYD-JRRX,158,git
2026-06-23,TU-QNYD-JRRX,158,git
2026-06-24,TU-QNYD-JRRX,158,git
2026-06-25,TU-QNYD-JRRX,157,git
2026-06-26,TU-QNYD-JRRX,157,git
2026-06-27,TU-QNYD-JRRX,-6,git
2026-06-28,TU-QNYD-JRRX,-6,git
2026-06-29,TU-QNYD-JRRX,714,git
2026-06-30,TU-QNYD-JRRX,714,git
2026-07-01,TU-QNYD-JRRX,714,git
2026-07-02,TU-QNYD-JRRX,714,git
2026-07-03,TU-QNYD-JRRX,714,git
2026-07-04,TU-QNYD-JRRX,714,git
2026-07-05,TU-QNYD-JRRX,714,git
2026-07-06,TU-QNYD-JRRX,708,git
2026-07-07,TU-QNYD-JRRX,707,git
2026-07-08,TU-QNYD-JRRX,705,git
2026-07-09,TU-QNYD-JRRX,705,git
2026-07-10,TU-QNYD-JRRX,705,git
2026-07-11,TU-QNYD-JRRX,675,git
2026-07-12,TU-QNYD-JRRX,673,git
2026-07-13,TU-QNYD-JRRX,672,git
2026-07-14,TU-QNYD-JRRX,672,git
2026-07-15,TU-QNYD-JRRX,670,git
2026-07-16,TU-QNYD-JRRX,670,matrixify
2026-06-04,VI-ZU99-SZ0B,397,git
2026-06-05,VI-ZU99-SZ0B,140,git
2026-06-06,VI-ZU99-SZ0B,139,git
2026-06-07,VI-ZU99-SZ0B,139,git
2026-06-08,VI-ZU99-SZ0B,135,git
2026-06-09,VI-ZU99-SZ0B,138,git
2026-06-10,VI-ZU99-SZ0B,138,git
2026-06-11,VI-ZU99-SZ0B,138,git
2026-06-12,VI-ZU99-SZ0B,1255,git
2026-06-13,VI-ZU99-SZ0B,1252,git
2026-06-14,VI-ZU99-SZ0B,1251,git
2026-06-15,VI-ZU99-SZ0B,1251,git
2026-06-16,VI-ZU99-SZ0B,1588,git
2026-06-17,VI-ZU99-SZ0B,1587,git
2026-06-18,VI-ZU99-SZ0B,1587,git
2026-06-19,VI-ZU99-SZ0B,1587,git
2026-06-20,VI-ZU99-SZ0B,1586,git
2026-06-21,VI-ZU99-SZ0B,989,git
2026-06-22,VI-ZU99-SZ0B,989,git
2026-06-23,VI-ZU99-SZ0B,989,git
2026-06-24,VI-ZU99-SZ0B,989,git
2026-06-25,VI-ZU99-SZ0B,987,git
2026-06-26,VI-ZU99-SZ0B,981,git
2026-06-27,VI-ZU99-SZ0B,315,git
2026-06-28,VI-ZU99-SZ0B,315,git
2026-06-29,VI-ZU99-SZ0B,314,git
2026-06-30,VI-ZU99-SZ0B,312,git
2026-07-01,VI-ZU99-SZ0B,313,git
2026-07-02,VI-ZU99-SZ0B,313,git
2026-07-03,VI-ZU99-SZ0B,313,git
2026-07-04,VI-ZU99-SZ0B,312,git
2026-07-05,VI-ZU99-SZ0B,312,git
2026-07-06,VI-ZU99-SZ0B,312,git
2026-07-07,VI-ZU99-SZ0B,312,git
2026-07-08,VI-ZU99-SZ0B,312,git
2026-07-09,VI-ZU99-SZ0B,312,git
2026-07-10,VI-ZU99-SZ0B,312,git
2026-07-11,VI-ZU99-SZ0B,312,git
2026-07-12,VI-ZU99-SZ0B,312,git
2026-07-13,VI-ZU99-SZ0B,311,git
2026-07-14,VI-ZU99-SZ0B,311,git
2026-07-15,VI-ZU99-SZ0B,310,git
2026-07-16,VI-ZU99-SZ0B,310,matrixify
2026-06-04,VV-ALO-06,1792,git
2026-06-05,VV-ALO-06,1792,git
2026-06-06,VV-ALO-06,1792,git
2026-06-07,VV-ALO-06,1791,git
2026-06-08,VV-ALO-06,1788,git
2026-06-09,VV-ALO-06,1786,git
2026-06-10,VV-ALO-06,1786,git
2026-06-11,VV-ALO-06,1785,git
2026-06-12,VV-ALO-06,1785,git
2026-06-13,VV-ALO-06,1785,git
2026-06-14,VV-ALO-06,1782,git
2026-06-15,VV-ALO-06,1782,git
2026-06-16,VV-ALO-06,2140,git
2026-06-17,VV-ALO-06,2139,git
2026-06-18,VV-ALO-06,2138,git
2026-06-19,VV-ALO-06,2136,git
2026-06-20,VV-ALO-06,1416,git
2026-06-21,VV-ALO-06,1416,git
2026-06-22,VV-ALO-06,1223,git
2026-06-23,VV-ALO-06,1221,git
2026-06-24,VV-ALO-06,1219,git
2026-06-25,VV-ALO-06,1219,git
2026-06-26,VV-ALO-06,1217,git
2026-06-27,VV-ALO-06,337,git
2026-06-28,VV-ALO-06,337,git
2026-06-29,VV-ALO-06,334,git
2026-06-30,VV-ALO-06,333,git
2026-07-01,VV-ALO-06,333,git
2026-07-02,VV-ALO-06,332,git
2026-07-03,VV-ALO-06,330,git
2026-07-04,VV-ALO-06,321,git
2026-07-05,VV-ALO-06,315,git
2026-07-06,VV-ALO-06,1035,git
2026-07-07,VV-ALO-06,1031,git
2026-07-08,VV-ALO-06,1031,git
2026-07-09,VV-ALO-06,1028,git
2026-07-10,VV-ALO-06,1028,git
2026-07-11,VV-ALO-06,1028,git
2026-07-12,VV-ALO-06,1026,git
2026-07-13,VV-ALO-06,1025,git
2026-07-14,VV-ALO-06,1025,git
2026-07-15,VV-ALO-06,1023,git
2026-07-16,VV-ALO-06,1021,matrixify
2026-06-04,VV-VITA-02,337,git
2026-06-05,VV-VITA-02,165,git
2026-06-06,VV-VITA-02,165,git
2026-06-07,VV-VITA-02,-5,git
2026-06-08,VV-VITA-02,-5,git
2026-06-09,VV-VITA-02,-5,git
2026-06-10,VV-VITA-02,-5,git
2026-06-11,VV-VITA-02,-5,git
2026-06-12,VV-VITA-02,-6,git
2026-06-13,VV-VITA-02,-6,git
2026-06-14,VV-VITA-02,-6,git
2026-06-15,VV-VITA-02,-6,git
2026-06-16,VV-VITA-02,670,git
2026-06-17,VV-VITA-02,670,git
2026-06-18,VV-VITA-02,668,git
2026-06-19,VV-VITA-02,668,git
2026-06-20,VV-VITA-02,667,git
2026-06-21,VV-VITA-02,667,git
2026-06-22,VV-VITA-02,667,git
2026-06-23,VV-VITA-02,582,git
2026-06-24,VV-VITA-02,580,git
2026-06-25,VV-VITA-02,580,git
2026-06-26,VV-VITA-02,577,git
2026-06-27,VV-VITA-02,571,git
2026-06-28,VV-VITA-02,571,git
2026-06-29,VV-VITA-02,571,git
2026-06-30,VV-VITA-02,571,git
2026-07-01,VV-VITA-02,230,git
2026-07-02,VV-VITA-02,228,git
2026-07-03,VV-VITA-02,227,git
2026-07-04,VV-VITA-02,227,git
2026-07-05,VV-VITA-02,227,git
2026-07-06,VV-VITA-02,57,git
2026-07-07,VV-VITA-02,57,git
2026-07-08,VV-VITA-02,57,git
2026-07-09,VV-VITA-02,55,git
2026-07-10,VV-VITA-02,55,git
2026-07-11,VV-VITA-02,55,git
2026-07-12,VV-VITA-02,55,git
2026-07-13,VV-VITA-02,55,git
2026-07-14,VV-VITA-02,51,git
2026-07-15,VV-VITA-02,51,git
2026-07-16,VV-VITA-02,50,matrixify
2026-06-04,VV-VITA-101,388,git
2026-06-05,VV-VITA-101,384,git
2026-06-06,VV-VITA-101,380,git
2026-06-07,VV-VITA-101,377,git
2026-06-08,VV-VITA-101,372,git
2026-06-09,VV-VITA-101,372,git
2026-06-10,VV-VITA-101,370,git
2026-06-11,VV-VITA-101,367,git
2026-06-12,VV-VITA-101,361,git
2026-06-13,VV-VITA-101,360,git
2026-06-14,VV-VITA-101,358,git
2026-06-15,VV-VITA-101,354,git
2026-06-16,VV-VITA-101,1044,git
2026-06-17,VV-VITA-101,1042,git
2026-06-18,VV-VITA-101,1040,git
2026-06-19,VV-VITA-101,1040,git
2026-06-20,VV-VITA-101,1040,git
2026-06-21,VV-VITA-101,1036,git
2026-06-22,VV-VITA-101,799,git
2026-06-23,VV-VITA-101,795,git
2026-06-24,VV-VITA-101,213,git
2026-06-25,VV-VITA-101,212,git
2026-06-26,VV-VITA-101,212,git
2026-06-27,VV-VITA-101,85,git
2026-06-28,VV-VITA-101,83,git
2026-06-29,VV-VITA-101,80,git
2026-06-30,VV-VITA-101,80,git
2026-07-01,VV-VITA-101,80,git
2026-07-02,VV-VITA-101,78,git
2026-07-03,VV-VITA-101,78,git
2026-07-04,VV-VITA-101,77,git
2026-07-05,VV-VITA-101,77,git
2026-07-06,VV-VITA-101,77,git
2026-07-07,VV-VITA-101,76,git
2026-07-08,VV-VITA-101,73,git
2026-07-09,VV-VITA-101,71,git
2026-07-10,VV-VITA-101,71,git
2026-07-11,VV-VITA-101,70,git
2026-07-12,VV-VITA-101,70,git
2026-07-13,VV-VITA-101,70,git
2026-07-14,VV-VITA-101,70,git
2026-07-15,VV-VITA-101,70,git
2026-07-16,VV-VITA-101,69,matrixify
2026-06-04,VV-VITA-102,322,git
2026-06-05,VV-VITA-102,319,git
2026-06-06,VV-VITA-102,319,git
2026-06-07,VV-VITA-102,319,git
2026-06-08,VV-VITA-102,318,git
2026-06-09,VV-VITA-102,315,git
2026-06-10,VV-VITA-102,315,git
2026-06-11,VV-VITA-102,313,git
2026-06-12,VV-VITA-102,313,git
2026-06-13,VV-VITA-102,313,git
2026-06-14,VV-VITA-102,312,git
2026-06-15,VV-VITA-102,311,git
2026-06-16,VV-VITA-102,1175,git
2026-06-17,VV-VITA-102,1174,git
2026-06-18,VV-VITA-102,1173,git
2026-06-19,VV-VITA-102,1171,git
2026-06-20,VV-VITA-102,1171,git
2026-06-21,VV-VITA-102,1171,git
2026-06-22,VV-VITA-102,883,git
2026-06-23,VV-VITA-102,883,git
2026-06-24,VV-VITA-102,882,git
2026-06-25,VV-VITA-102,882,git
2026-06-26,VV-VITA-102,882,git
2026-06-27,VV-VITA-102,851,git
2026-06-28,VV-VITA-102,851,git
2026-06-29,VV-VITA-102,851,git
2026-06-30,VV-VITA-102,851,git
2026-07-01,VV-VITA-102,851,git
2026-07-02,VV-VITA-102,850,git
2026-07-03,VV-VITA-102,847,git
2026-07-04,VV-VITA-102,847,git
2026-07-05,VV-VITA-102,847,git
2026-07-06,VV-VITA-102,847,git
2026-07-07,VV-VITA-102,847,git
2026-07-08,VV-VITA-102,847,git
2026-07-09,VV-VITA-102,847,git
2026-07-10,VV-VITA-102,847,git
2026-07-11,VV-VITA-102,847,git
2026-07-12,VV-VITA-102,847,git
2026-07-13,VV-VITA-102,847,git
2026-07-14,VV-VITA-102,846,git
2026-07-15,VV-VITA-102,846,git
2026-07-16,VV-VITA-102,846,matrixify
2026-06-04,VV-VITA-104,640,git
2026-06-05,VV-VITA-104,640,git
2026-06-06,VV-VITA-104,640,git
2026-06-07,VV-VITA-104,640,git
2026-06-08,VV-VITA-104,640,git
2026-06-09,VV-VITA-104,640,git
2026-06-10,VV-VITA-104,640,git
2026-06-11,VV-VITA-104,640,git
2026-06-12,VV-VITA-104,640,git
2026-06-13,VV-VITA-104,640,git
2026-06-14,VV-VITA-104,640,git
2026-06-15,VV-VITA-104,640,git
2026-06-16,VV-VITA-104,1720,git
2026-06-17,VV-VITA-104,1720,git
2026-06-18,VV-VITA-104,1720,git
2026-06-19,VV-VITA-104,1720,git
2026-06-20,VV-VITA-104,1720,git
2026-06-21,VV-VITA-104,1720,git
2026-06-22,VV-VITA-104,1720,git
2026-06-23,VV-VITA-104,1720,git
2026-06-24,VV-VITA-104,1720,git
2026-06-25,VV-VITA-104,1720,git
2026-06-26,VV-VITA-104,1720,git
2026-06-27,VV-VITA-104,1070,git
2026-06-28,VV-VITA-104,1070,git
2026-06-29,VV-VITA-104,1070,git
2026-06-30,VV-VITA-104,1070,git
2026-07-01,VV-VITA-104,1070,git
2026-07-02,VV-VITA-104,1070,git
2026-07-03,VV-VITA-104,1070,git
2026-07-04,VV-VITA-104,1070,git
2026-07-05,VV-VITA-104,1067,git
2026-07-06,VV-VITA-104,1067,git
2026-07-07,VV-VITA-104,1066,git
2026-07-08,VV-VITA-104,1066,git
2026-07-09,VV-VITA-104,1066,git
2026-07-10,VV-VITA-104,1066,git
2026-07-11,VV-VITA-104,1066,git
2026-07-12,VV-VITA-104,1066,git
2026-07-13,VV-VITA-104,1066,git
2026-07-14,VV-VITA-104,1066,git
2026-07-15,VV-VITA-104,1066,git
2026-07-16,VV-VITA-104,1066,matrixify
2026-06-04,VV-VITA-105,447,git
2026-06-05,VV-VITA-105,87,git
2026-06-06,VV-VITA-105,87,git
2026-06-07,VV-VITA-105,26,git
2026-06-08,VV-VITA-105,26,git
2026-06-09,VV-VITA-105,27,git
2026-06-10,VV-VITA-105,27,git
2026-06-11,VV-VITA-105,27,git
2026-06-12,VV-VITA-105,27,git
2026-06-13,VV-VITA-105,28,git
2026-06-14,VV-VITA-105,28,git
2026-06-15,VV-VITA-105,28,git
2026-06-16,VV-VITA-105,867,git
2026-06-17,VV-VITA-105,867,git
2026-06-18,VV-VITA-105,864,git
2026-06-19,VV-VITA-105,863,git
2026-06-20,VV-VITA-105,861,git
2026-06-21,VV-VITA-105,861,git
2026-06-22,VV-VITA-105,861,git
2026-06-23,VV-VITA-105,861,git
2026-06-24,VV-VITA-105,861,git
2026-06-25,VV-VITA-105,859,git
2026-06-26,VV-VITA-105,858,git
2026-06-27,VV-VITA-105,822,git
2026-06-28,VV-VITA-105,822,git
2026-06-29,VV-VITA-105,821,git
2026-06-30,VV-VITA-105,821,git
2026-07-01,VV-VITA-105,821,git
2026-07-02,VV-VITA-105,820,git
2026-07-03,VV-VITA-105,820,git
2026-07-04,VV-VITA-105,820,git
2026-07-05,VV-VITA-105,820,git
2026-07-06,VV-VITA-105,100,git
2026-07-07,VV-VITA-105,100,git
2026-07-08,VV-VITA-105,100,git
2026-07-09,VV-VITA-105,100,git
2026-07-10,VV-VITA-105,100,git
2026-07-11,VV-VITA-105,100,git
2026-07-12,VV-VITA-105,100,git
2026-07-13,VV-VITA-105,100,git
2026-07-14,VV-VITA-105,100,git
2026-07-15,VV-VITA-105,99,git
2026-07-16,VV-VITA-105,99,matrixify
2026-06-04,VV-VITA-106,0,git
2026-06-05,VV-VITA-106,0,git
2026-06-06,VV-VITA-106,0,git
2026-06-07,VV-VITA-106,0,git
2026-06-08,VV-VITA-106,0,git
2026-06-09,VV-VITA-106,0,git
2026-06-10,VV-VITA-106,0,git
2026-06-11,VV-VITA-106,0,git
2026-06-12,VV-VITA-106,0,git
2026-06-13,VV-VITA-106,0,git
2026-06-14,VV-VITA-106,0,git
2026-06-15,VV-VITA-106,0,git
2026-06-16,VV-VITA-106,0,git
2026-06-17,VV-VITA-106,0,git
2026-06-18,VV-VITA-106,0,git
2026-06-19,VV-VITA-106,0,git
2026-06-20,VV-VITA-106,0,git
2026-06-21,VV-VITA-106,0,git
2026-06-22,VV-VITA-106,0,git
2026-06-23,VV-VITA-106,0,git
2026-06-24,VV-VITA-106,0,git
2026-06-25,VV-VITA-106,0,git
2026-06-26,VV-VITA-106,0,git
2026-06-27,VV-VITA-106,0,git
2026-06-28,VV-VITA-106,0,git
2026-06-29,VV-VITA-106,0,git
2026-06-30,VV-VITA-106,0,git
2026-07-01,VV-VITA-106,0,git
2026-07-02,VV-VITA-106,0,git
2026-07-03,VV-VITA-106,0,git
2026-07-04,VV-VITA-106,0,git
2026-07-05,VV-VITA-106,0,git
2026-07-06,VV-VITA-106,0,git
2026-07-07,VV-VITA-106,0,git
2026-07-08,VV-VITA-106,0,git
2026-07-09,VV-VITA-106,0,git
2026-07-10,VV-VITA-106,0,git
2026-07-11,VV-VITA-106,0,git
2026-07-12,VV-VITA-106,0,git
2026-07-13,VV-VITA-106,0,git
2026-07-14,VV-VITA-106,-10,git
2026-07-15,VV-VITA-106,-10,git
2026-07-16,VV-VITA-106,-10,matrixify
2026-06-04,VV-VITA-107,683,git
2026-06-05,VV-VITA-107,104,git
2026-06-06,VV-VITA-107,104,git
2026-06-07,VV-VITA-107,104,git
2026-06-08,VV-VITA-107,104,git
2026-06-09,VV-VITA-107,104,git
2026-06-10,VV-VITA-107,102,git
2026-06-11,VV-VITA-107,102,git
2026-06-12,VV-VITA-107,102,git
2026-06-13,VV-VITA-107,102,git
2026-06-14,VV-VITA-107,102,git
2026-06-15,VV-VITA-107,102,git
2026-06-16,VV-VITA-107,1541,git
2026-06-17,VV-VITA-107,1541,git
2026-06-18,VV-VITA-107,1540,git
2026-06-19,VV-VITA-107,1540,git
2026-06-20,VV-VITA-107,1537,git
2026-06-21,VV-VITA-107,1532,git
2026-06-22,VV-VITA-107,1529,git
2026-06-23,VV-VITA-107,1526,git
2026-06-24,VV-VITA-107,518,git
2026-06-25,VV-VITA-107,518,git
2026-06-26,VV-VITA-107,476,git
2026-06-27,VV-VITA-107,365,git
2026-06-28,VV-VITA-107,365,git
2026-06-29,VV-VITA-107,365,git
2026-06-30,VV-VITA-107,365,git
2026-07-01,VV-VITA-107,364,git
2026-07-02,VV-VITA-107,363,git
2026-07-03,VV-VITA-107,362,git
2026-07-04,VV-VITA-107,362,git
2026-07-05,VV-VITA-107,362,git
2026-07-06,VV-VITA-107,362,git
2026-07-07,VV-VITA-107,362,git
2026-07-08,VV-VITA-107,359,git
2026-07-09,VV-VITA-107,359,git
2026-07-10,VV-VITA-107,359,git
2026-07-11,VV-VITA-107,317,git
2026-07-12,VV-VITA-107,316,git
2026-07-13,VV-VITA-107,313,git
2026-07-14,VV-VITA-107,312,git
2026-07-15,VV-VITA-107,312,git
2026-07-16,VV-VITA-107,312,matrixify
2026-06-04,VV-VITA-109,191,git
2026-06-05,VV-VITA-109,11,git
2026-06-06,VV-VITA-109,10,git
2026-06-07,VV-VITA-109,10,git
2026-06-08,VV-VITA-109,8,git
2026-06-09,VV-VITA-109,8,git
2026-06-10,VV-VITA-109,7,git
2026-06-11,VV-VITA-109,7,git
2026-06-12,VV-VITA-109,7,git
2026-06-13,VV-VITA-109,7,git
2026-06-14,VV-VITA-109,3,git
2026-06-15,VV-VITA-109,2,git
2026-06-16,VV-VITA-109,118,git
2026-06-17,VV-VITA-109,117,git
2026-06-18,VV-VITA-109,116,git
2026-06-19,VV-VITA-109,115,git
2026-06-20,VV-VITA-109,115,git
2026-06-21,VV-VITA-109,114,git
2026-06-22,VV-VITA-109,114,git
2026-06-23,VV-VITA-109,114,git
2026-06-24,VV-VITA-109,54,git
2026-06-25,VV-VITA-109,54,git
2026-06-26,VV-VITA-109,51,git
2026-06-27,VV-VITA-109,41,git
2026-06-28,VV-VITA-109,41,git
2026-06-29,VV-VITA-109,41,git
2026-06-30,VV-VITA-109,41,git
2026-07-01,VV-VITA-109,37,git
2026-07-02,VV-VITA-109,36,git
2026-07-03,VV-VITA-109,35,git
2026-07-04,VV-VITA-109,26,git
2026-07-05,VV-VITA-109,26,git
2026-07-06,VV-VITA-109,26,git
2026-07-07,VV-VITA-109,25,git
2026-07-08,VV-VITA-109,24,git
2026-07-09,VV-VITA-109,18,git
2026-07-10,VV-VITA-109,18,git
2026-07-11,VV-VITA-109,18,git
2026-07-12,VV-VITA-109,18,git
2026-07-13,VV-VITA-109,17,git
2026-07-14,VV-VITA-109,16,git
2026-07-15,VV-VITA-109,15,git
2026-07-16,VV-VITA-109,15,matrixify
2026-06-04,VV-VITA-111,539,git
2026-06-05,VV-VITA-111,179,git
2026-06-06,VV-VITA-111,179,git
2026-06-07,VV-VITA-111,179,git
2026-06-08,VV-VITA-111,179,git
2026-06-09,VV-VITA-111,179,git
2026-06-10,VV-VITA-111,178,git
2026-06-11,VV-VITA-111,178,git
2026-06-12,VV-VITA-111,178,git
2026-06-13,VV-VITA-111,178,git
2026-06-14,VV-VITA-111,178,git
2026-06-15,VV-VITA-111,177,git
2026-06-16,VV-VITA-111,1256,git
2026-06-17,VV-VITA-111,1256,git
2026-06-18,VV-VITA-111,1256,git
2026-06-19,VV-VITA-111,1253,git
2026-06-20,VV-VITA-111,1253,git
2026-06-21,VV-VITA-111,1133,git
2026-06-22,VV-VITA-111,1133,git
2026-06-23,VV-VITA-111,892,git
2026-06-24,VV-VITA-111,890,git
2026-06-25,VV-VITA-111,890,git
2026-06-26,VV-VITA-111,890,git
2026-06-27,VV-VITA-111,826,git
2026-06-28,VV-VITA-111,826,git
2026-06-29,VV-VITA-111,826,git
2026-06-30,VV-VITA-111,826,git
2026-07-01,VV-VITA-111,826,git
2026-07-02,VV-VITA-111,826,git
2026-07-03,VV-VITA-111,825,git
2026-07-04,VV-VITA-111,824,git
2026-07-05,VV-VITA-111,823,git
2026-07-06,VV-VITA-111,823,git
2026-07-07,VV-VITA-111,821,git
2026-07-08,VV-VITA-111,821,git
2026-07-09,VV-VITA-111,820,git
2026-07-10,VV-VITA-111,820,git
2026-07-11,VV-VITA-111,820,git
2026-07-12,VV-VITA-111,820,git
2026-07-13,VV-VITA-111,820,git
2026-07-14,VV-VITA-111,816,git
2026-07-15,VV-VITA-111,816,git
2026-07-16,VV-VITA-111,815,matrixify
2026-06-04,VV-VITA-115,-10,git
2026-06-05,VV-VITA-115,-10,git
2026-06-06,VV-VITA-115,-10,git
2026-06-07,VV-VITA-115,-10,git
2026-06-08,VV-VITA-115,-10,git
2026-06-09,VV-VITA-115,-10,git
2026-06-10,VV-VITA-115,-10,git
2026-06-11,VV-VITA-115,-10,git
2026-06-12,VV-VITA-115,-10,git
2026-06-13,VV-VITA-115,-10,git
2026-06-14,VV-VITA-115,-10,git
2026-06-15,VV-VITA-115,-10,git
2026-06-16,VV-VITA-115,-10,git
2026-06-17,VV-VITA-115,-10,git
2026-06-18,VV-VITA-115,-10,git
2026-06-19,VV-VITA-115,-10,git
2026-06-20,VV-VITA-115,-10,git
2026-06-21,VV-VITA-115,-10,git
2026-06-22,VV-VITA-115,-9,git
2026-06-23,VV-VITA-115,-9,git
2026-06-24,VV-VITA-115,-9,git
2026-06-25,VV-VITA-115,-9,git
2026-06-26,VV-VITA-115,-9,git
2026-06-27,VV-VITA-115,-10,git
2026-06-28,VV-VITA-115,-10,git
2026-06-29,VV-VITA-115,-10,git
2026-06-30,VV-VITA-115,-10,git
2026-07-01,VV-VITA-115,-10,git
2026-07-02,VV-VITA-115,-10,git
2026-07-03,VV-VITA-115,-10,git
2026-07-04,VV-VITA-115,-10,git
2026-07-05,VV-VITA-115,-10,git
2026-07-06,VV-VITA-115,-10,git
2026-07-07,VV-VITA-115,-10,git
2026-07-08,VV-VITA-115,-10,git
2026-07-09,VV-VITA-115,-10,git
2026-07-10,VV-VITA-115,-10,git
2026-07-11,VV-VITA-115,-10,git
2026-07-12,VV-VITA-115,-10,git
2026-07-13,VV-VITA-115,-10,git
2026-07-14,VV-VITA-115,-10,git
2026-07-15,VV-VITA-115,-10,git
2026-07-16,VV-VITA-115,-10,matrixify
2026-06-04,VV-VITA-116,326,git
2026-06-05,VV-VITA-116,326,git
2026-06-06,VV-VITA-116,326,git
2026-06-07,VV-VITA-116,182,git
2026-06-08,VV-VITA-116,181,git
2026-06-09,VV-VITA-116,175,git
2026-06-10,VV-VITA-116,170,git
2026-06-11,VV-VITA-116,168,git
2026-06-12,VV-VITA-116,168,git
2026-06-13,VV-VITA-116,167,git
2026-06-14,VV-VITA-116,165,git
2026-06-15,VV-VITA-116,165,git
2026-06-16,VV-VITA-116,1024,git
2026-06-17,VV-VITA-116,1023,git
2026-06-18,VV-VITA-116,1022,git
2026-06-19,VV-VITA-116,1022,git
2026-06-20,VV-VITA-116,1021,git
2026-06-21,VV-VITA-116,1021,git
2026-06-22,VV-VITA-116,874,git
2026-06-23,VV-VITA-116,873,git
2026-06-24,VV-VITA-116,728,git
2026-06-25,VV-VITA-116,727,git
2026-06-26,VV-VITA-116,725,git
2026-06-27,VV-VITA-116,697,git
2026-06-28,VV-VITA-116,695,git
2026-06-29,VV-VITA-116,695,git
2026-06-30,VV-VITA-116,695,git
2026-07-01,VV-VITA-116,693,git
2026-07-02,VV-VITA-116,692,git
2026-07-03,VV-VITA-116,692,git
2026-07-04,VV-VITA-116,692,git
2026-07-05,VV-VITA-116,692,git
2026-07-06,VV-VITA-116,691,git
2026-07-07,VV-VITA-116,690,git
2026-07-08,VV-VITA-116,687,git
2026-07-09,VV-VITA-116,687,git
2026-07-10,VV-VITA-116,687,git
2026-07-11,VV-VITA-116,687,git
2026-07-12,VV-VITA-116,687,git
2026-07-13,VV-VITA-116,686,git
2026-07-14,VV-VITA-116,686,git
2026-07-15,VV-VITA-116,684,git
2026-07-16,VV-VITA-116,684,matrixify
2026-06-04,VV-VITA-119,57,git
2026-06-05,VV-VITA-119,52,git
2026-06-06,VV-VITA-119,48,git
2026-06-07,VV-VITA-119,46,git
2026-06-08,VV-VITA-119,44,git
2026-06-09,VV-VITA-119,44,git
2026-06-10,VV-VITA-119,41,git
2026-06-11,VV-VITA-119,36,git
2026-06-12,VV-VITA-119,24,git
2026-06-13,VV-VITA-119,22,git
2026-06-14,VV-VITA-119,21,git
2026-06-15,VV-VITA-119,21,git
2026-06-16,VV-VITA-119,971,git
2026-06-17,VV-VITA-119,968,git
2026-06-18,VV-VITA-119,341,git
2026-06-19,VV-VITA-119,338,git
2026-06-20,VV-VITA-119,333,git
2026-06-21,VV-VITA-119,325,git
2026-06-22,VV-VITA-119,323,git
2026-06-23,VV-VITA-119,322,git
2026-06-24,VV-VITA-119,10810,git
2026-06-25,VV-VITA-119,10806,git
2026-06-26,VV-VITA-119,10798,git
2026-06-27,VV-VITA-119,284,git
2026-06-28,VV-VITA-119,283,git
2026-06-29,VV-VITA-119,278,git
2026-06-30,VV-VITA-119,276,git
2026-07-01,VV-VITA-119,273,git
2026-07-02,VV-VITA-119,269,git
2026-07-03,VV-VITA-119,268,git
2026-07-04,VV-VITA-119,268,git
2026-07-05,VV-VITA-119,268,git
2026-07-06,VV-VITA-119,266,git
2026-07-07,VV-VITA-119,265,git
2026-07-08,VV-VITA-119,261,git
2026-07-09,VV-VITA-119,258,git
2026-07-10,VV-VITA-119,257,git
2026-07-11,VV-VITA-119,256,git
2026-07-12,VV-VITA-119,255,git
2026-07-13,VV-VITA-119,255,git
2026-07-14,VV-VITA-119,252,git
2026-07-15,VV-VITA-119,249,git
2026-07-16,VV-VITA-119,245,matrixify
2026-06-04,VV-VITA-121,461,git
2026-06-05,VV-VITA-121,100,git
2026-06-06,VV-VITA-121,100,git
2026-06-07,VV-VITA-121,100,git
2026-06-08,VV-VITA-121,99,git
2026-06-09,VV-VITA-121,99,git
2026-06-10,VV-VITA-121,100,git
2026-06-11,VV-VITA-121,100,git
2026-06-12,VV-VITA-121,100,git
2026-06-13,VV-VITA-121,100,git
2026-06-14,VV-VITA-121,100,git
2026-06-15,VV-VITA-121,94,git
2026-06-16,VV-VITA-121,1407,git
2026-06-17,VV-VITA-121,1404,git
2026-06-18,VV-VITA-121,1404,git
2026-06-19,VV-VITA-121,1404,git
2026-06-20,VV-VITA-121,1403,git
2026-06-21,VV-VITA-121,1403,git
2026-06-22,VV-VITA-121,1398,git
2026-06-23,VV-VITA-121,1392,git
2026-06-24,VV-VITA-121,972,git
2026-06-25,VV-VITA-121,971,git
2026-06-26,VV-VITA-121,965,git
2026-06-27,VV-VITA-121,869,git
2026-06-28,VV-VITA-121,869,git
2026-06-29,VV-VITA-121,869,git
2026-06-30,VV-VITA-121,869,git
2026-07-01,VV-VITA-121,869,git
2026-07-02,VV-VITA-121,869,git
2026-07-03,VV-VITA-121,868,git
2026-07-04,VV-VITA-121,867,git
2026-07-05,VV-VITA-121,866,git
2026-07-06,VV-VITA-121,868,git
2026-07-07,VV-VITA-121,868,git
2026-07-08,VV-VITA-121,868,git
2026-07-09,VV-VITA-121,868,git
2026-07-10,VV-VITA-121,868,git
2026-07-11,VV-VITA-121,868,git
2026-07-12,VV-VITA-121,868,git
2026-07-13,VV-VITA-121,868,git
2026-07-14,VV-VITA-121,859,git
2026-07-15,VV-VITA-121,858,git
2026-07-16,VV-VITA-121,857,matrixify
2026-06-04,VV-VITA-122,1412,git
2026-06-05,VV-VITA-122,1412,git
2026-06-06,VV-VITA-122,1412,git
2026-06-07,VV-VITA-122,1401,git
2026-06-08,VV-VITA-122,1400,git
2026-06-09,VV-VITA-122,1400,git
2026-06-10,VV-VITA-122,1396,git
2026-06-11,VV-VITA-122,1395,git
2026-06-12,VV-VITA-122,1395,git
2026-06-13,VV-VITA-122,205,git
2026-06-14,VV-VITA-122,204,git
2026-06-15,VV-VITA-122,201,git
2026-06-16,VV-VITA-122,200,git
2026-06-17,VV-VITA-122,200,git
2026-06-18,VV-VITA-122,200,git
2026-06-19,VV-VITA-122,200,git
2026-06-20,VV-VITA-122,200,git
2026-06-21,VV-VITA-122,199,git
2026-06-22,VV-VITA-122,195,git
2026-06-23,VV-VITA-122,194,git
2026-06-24,VV-VITA-122,193,git
2026-06-25,VV-VITA-122,193,git
2026-06-26,VV-VITA-122,192,git
2026-06-27,VV-VITA-122,-11,git
2026-06-28,VV-VITA-122,-11,git
2026-06-29,VV-VITA-122,1178,git
2026-06-30,VV-VITA-122,1179,git
2026-07-01,VV-VITA-122,1178,git
2026-07-02,VV-VITA-122,1178,git
2026-07-03,VV-VITA-122,1178,git
2026-07-04,VV-VITA-122,1178,git
2026-07-05,VV-VITA-122,1178,git
2026-07-06,VV-VITA-122,1178,git
2026-07-07,VV-VITA-122,1177,git
2026-07-08,VV-VITA-122,1177,git
2026-07-09,VV-VITA-122,1177,git
2026-07-10,VV-VITA-122,1175,git
2026-07-11,VV-VITA-122,1173,git
2026-07-12,VV-VITA-122,1173,git
2026-07-13,VV-VITA-122,1172,git
2026-07-14,VV-VITA-122,1172,git
2026-07-15,VV-VITA-122,1172,git
2026-07-16,VV-VITA-122,1172,matrixify
2026-06-04,VV-VITA-124,359,git
2026-06-05,VV-VITA-124,358,git
2026-06-06,VV-VITA-124,356,git
2026-06-07,VV-VITA-124,162,git
2026-06-08,VV-VITA-124,158,git
2026-06-09,VV-VITA-124,158,git
2026-06-10,VV-VITA-124,156,git
2026-06-11,VV-VITA-124,154,git
2026-06-12,VV-VITA-124,147,git
2026-06-13,VV-VITA-124,145,git
2026-06-14,VV-VITA-124,144,git
2026-06-15,VV-VITA-124,142,git
2026-06-16,VV-VITA-124,1140,git
2026-06-17,VV-VITA-124,1137,git
2026-06-18,VV-VITA-124,1135,git
2026-06-19,VV-VITA-124,1134,git
2026-06-20,VV-VITA-124,1131,git
2026-06-21,VV-VITA-124,1130,git
2026-06-22,VV-VITA-124,1030,git
2026-06-23,VV-VITA-124,1027,git
2026-06-24,VV-VITA-124,353,git
2026-06-25,VV-VITA-124,347,git
2026-06-26,VV-VITA-124,346,git
2026-06-27,VV-VITA-124,297,git
2026-06-28,VV-VITA-124,294,git
2026-06-29,VV-VITA-124,294,git
2026-06-30,VV-VITA-124,295,git
2026-07-01,VV-VITA-124,293,git
2026-07-02,VV-VITA-124,291,git
2026-07-03,VV-VITA-124,289,git
2026-07-04,VV-VITA-124,288,git
2026-07-05,VV-VITA-124,286,git
2026-07-06,VV-VITA-124,285,git
2026-07-07,VV-VITA-124,285,git
2026-07-08,VV-VITA-124,285,git
2026-07-09,VV-VITA-124,284,git
2026-07-10,VV-VITA-124,283,git
2026-07-11,VV-VITA-124,282,git
2026-07-12,VV-VITA-124,282,git
2026-07-13,VV-VITA-124,279,git
2026-07-14,VV-VITA-124,277,git
2026-07-15,VV-VITA-124,276,git
2026-07-16,VV-VITA-124,275,matrixify
2026-06-04,VV-VITA-127,-10,git
2026-06-05,VV-VITA-127,-10,git
2026-06-06,VV-VITA-127,-10,git
2026-06-07,VV-VITA-127,-10,git
2026-06-08,VV-VITA-127,-10,git
2026-06-09,VV-VITA-127,-10,git
2026-06-10,VV-VITA-127,3774,git
2026-06-11,VV-VITA-127,3774,git
2026-06-12,VV-VITA-127,3767,git
2026-06-13,VV-VITA-127,3754,git
2026-06-14,VV-VITA-127,296,git
2026-06-15,VV-VITA-127,294,git
2026-06-16,VV-VITA-127,288,git
2026-06-17,VV-VITA-127,281,git
2026-06-18,VV-VITA-127,280,git
2026-06-19,VV-VITA-127,268,git
2026-06-20,VV-VITA-127,263,git
2026-06-21,VV-VITA-127,256,git
2026-06-22,VV-VITA-127,251,git
2026-06-23,VV-VITA-127,249,git
2026-06-24,VV-VITA-127,242,git
2026-06-25,VV-VITA-127,239,git
2026-06-26,VV-VITA-127,238,git
2026-06-27,VV-VITA-127,-10,git
2026-06-28,VV-VITA-127,-10,git
2026-06-29,VV-VITA-127,3438,git
2026-06-30,VV-VITA-127,3437,git
2026-07-01,VV-VITA-127,3436,git
2026-07-02,VV-VITA-127,3435,git
2026-07-03,VV-VITA-127,3427,git
2026-07-04,VV-VITA-127,3426,git
2026-07-05,VV-VITA-127,3425,git
2026-07-06,VV-VITA-127,3424,git
2026-07-07,VV-VITA-127,3421,git
2026-07-08,VV-VITA-127,3420,git
2026-07-09,VV-VITA-127,3420,git
2026-07-10,VV-VITA-127,3420,git
2026-07-11,VV-VITA-127,3416,git
2026-07-12,VV-VITA-127,3412,git
2026-07-13,VV-VITA-127,3398,git
2026-07-14,VV-VITA-127,3397,git
2026-07-15,VV-VITA-127,3392,git
2026-07-16,VV-VITA-127,3384,matrixify
2026-06-04,VV-VITA-129,1524,git
2026-06-05,VV-VITA-129,1523,git
2026-06-06,VV-VITA-129,1523,git
2026-06-07,VV-VITA-129,1523,git
2026-06-08,VV-VITA-129,1523,git
2026-06-09,VV-VITA-129,1523,git
2026-06-10,VV-VITA-129,1523,git
2026-06-11,VV-VITA-129,1523,git
2026-06-12,VV-VITA-129,1523,git
2026-06-13,VV-VITA-129,1523,git
2026-06-14,VV-VITA-129,1521,git
2026-06-15,VV-VITA-129,1521,git
2026-06-16,VV-VITA-129,1641,git
2026-06-17,VV-VITA-129,1641,git
2026-06-18,VV-VITA-129,1641,git
2026-06-19,VV-VITA-129,1821,git
2026-06-20,VV-VITA-129,1640,git
2026-06-21,VV-VITA-129,1640,git
2026-06-22,VV-VITA-129,1400,git
2026-06-23,VV-VITA-129,1400,git
2026-06-24,VV-VITA-129,1400,git
2026-06-25,VV-VITA-129,1399,git
2026-06-26,VV-VITA-129,1399,git
2026-06-27,VV-VITA-129,106,git
2026-06-28,VV-VITA-129,104,git
2026-06-29,VV-VITA-129,104,git
2026-06-30,VV-VITA-129,104,git
2026-07-01,VV-VITA-129,103,git
2026-07-02,VV-VITA-129,103,git
2026-07-03,VV-VITA-129,103,git
2026-07-04,VV-VITA-129,97,git
2026-07-05,VV-VITA-129,97,git
2026-07-06,VV-VITA-129,97,git
2026-07-07,VV-VITA-129,93,git
2026-07-08,VV-VITA-129,91,git
2026-07-09,VV-VITA-129,91,git
2026-07-10,VV-VITA-129,91,git
2026-07-11,VV-VITA-129,91,git
2026-07-12,VV-VITA-129,91,git
2026-07-13,VV-VITA-129,91,git
2026-07-14,VV-VITA-129,90,git
2026-07-15,VV-VITA-129,88,git
2026-07-16,VV-VITA-129,88,matrixify
2026-06-04,VV-VITA-136,4269,git
2026-06-05,VV-VITA-136,4268,git
2026-06-06,VV-VITA-136,4268,git
2026-06-07,VV-VITA-136,2167,git
2026-06-08,VV-VITA-136,2166,git
2026-06-09,VV-VITA-136,2166,git
2026-06-10,VV-VITA-136,2164,git
2026-06-11,VV-VITA-136,2160,git
2026-06-12,VV-VITA-136,2161,git
2026-06-13,VV-VITA-136,2160,git
2026-06-14,VV-VITA-136,2158,git
2026-06-15,VV-VITA-136,2155,git
2026-06-16,VV-VITA-136,3952,git
2026-06-17,VV-VITA-136,3951,git
2026-06-18,VV-VITA-136,3950,git
2026-06-19,VV-VITA-136,3947,git
2026-06-20,VV-VITA-136,3946,git
2026-06-21,VV-VITA-136,3946,git
2026-06-22,VV-VITA-136,3945,git
2026-06-23,VV-VITA-136,3941,git
2026-06-24,VV-VITA-136,3940,git
2026-06-25,VV-VITA-136,3938,git
2026-06-26,VV-VITA-136,3937,git
2026-06-27,VV-VITA-136,1770,git
2026-06-28,VV-VITA-136,1770,git
2026-06-29,VV-VITA-136,1768,git
2026-06-30,VV-VITA-136,1767,git
2026-07-01,VV-VITA-136,1766,git
2026-07-02,VV-VITA-136,1766,git
2026-07-03,VV-VITA-136,1765,git
2026-07-04,VV-VITA-136,1759,git
2026-07-05,VV-VITA-136,1757,git
2026-07-06,VV-VITA-136,1272,git
2026-07-07,VV-VITA-136,1272,git
2026-07-08,VV-VITA-136,1272,git
2026-07-09,VV-VITA-136,1272,git
2026-07-10,VV-VITA-136,1272,git
2026-07-11,VV-VITA-136,1269,git
2026-07-12,VV-VITA-136,1268,git
2026-07-13,VV-VITA-136,1263,git
2026-07-14,VV-VITA-136,1261,git
2026-07-15,VV-VITA-136,1260,git
2026-07-16,VV-VITA-136,1259,matrixify
2026-06-04,VV-VITA-142,284,git
2026-06-05,VV-VITA-142,284,git
2026-06-06,VV-VITA-142,284,git
2026-06-07,VV-VITA-142,92,git
2026-06-08,VV-VITA-142,89,git
2026-06-09,VV-VITA-142,84,git
2026-06-10,VV-VITA-142,84,git
2026-06-11,VV-VITA-142,84,git
2026-06-12,VV-VITA-142,80,git
2026-06-13,VV-VITA-142,78,git
2026-06-14,VV-VITA-142,75,git
2026-06-15,VV-VITA-142,75,git
2026-06-16,VV-VITA-142,119,git
2026-06-17,VV-VITA-142,119,git
2026-06-18,VV-VITA-142,119,git
2026-06-19,VV-VITA-142,116,git
2026-06-20,VV-VITA-142,113,git
2026-06-21,VV-VITA-142,61,git
2026-06-22,VV-VITA-142,59,git
2026-06-23,VV-VITA-142,50,git
2026-06-24,VV-VITA-142,50,git
2026-06-25,VV-VITA-142,48,git
2026-06-26,VV-VITA-142,41,git
2026-06-27,VV-VITA-142,11,git
2026-06-28,VV-VITA-142,11,git
2026-06-29,VV-VITA-142,11,git
2026-06-30,VV-VITA-142,11,git
2026-07-01,VV-VITA-142,6,git
2026-07-02,VV-VITA-142,6,git
2026-07-03,VV-VITA-142,5,git
2026-07-04,VV-VITA-142,3,git
2026-07-05,VV-VITA-142,3,git
2026-07-06,VV-VITA-142,0,git
2026-07-07,VV-VITA-142,0,git
2026-07-08,VV-VITA-142,0,git
2026-07-09,VV-VITA-142,0,git
2026-07-10,VV-VITA-142,0,git
2026-07-11,VV-VITA-142,0,git
2026-07-12,VV-VITA-142,0,git
2026-07-13,VV-VITA-142,0,git
2026-07-14,VV-VITA-142,0,git
2026-07-15,VV-VITA-142,0,git
2026-07-16,VV-VITA-142,0,matrixify
2026-06-04,VV-VITA-143,-10,git
2026-06-05,VV-VITA-143,-10,git
2026-06-06,VV-VITA-143,-10,git
2026-06-07,VV-VITA-143,-10,git
2026-06-08,VV-VITA-143,-10,git
2026-06-09,VV-VITA-143,-10,git
2026-06-10,VV-VITA-143,-10,git
2026-06-11,VV-VITA-143,-10,git
2026-06-20,VV-VITA-143,3571,git
2026-06-21,VV-VITA-143,3570,git
2026-06-22,VV-VITA-143,3570,git
2026-06-23,VV-VITA-143,3569,git
2026-06-25,VV-VITA-143,3570,git
2026-06-26,VV-VITA-143,3567,git
2026-06-29,VV-VITA-143,0,git
2026-06-30,VV-VITA-143,0,git
2026-07-01,VV-VITA-143,0,git
2026-07-02,VV-VITA-143,0,git
2026-07-03,VV-VITA-143,0,git
2026-07-04,VV-VITA-143,0,git
2026-07-05,VV-VITA-143,0,git
2026-07-06,VV-VITA-143,0,git
2026-07-07,VV-VITA-143,3538,git
2026-07-08,VV-VITA-143,3536,git
2026-07-09,VV-VITA-143,3533,git
2026-07-10,VV-VITA-143,3527,git
2026-07-11,VV-VITA-143,3524,git
2026-07-12,VV-VITA-143,3523,git
2026-07-13,VV-VITA-143,3523,git
2026-07-14,VV-VITA-143,3507,git
2026-07-15,VV-VITA-143,3502,git
2026-07-16,VV-VITA-143,3500,matrixify
2026-06-04,VV-VITA-146,-10,git
2026-06-05,VV-VITA-146,-10,git
2026-06-06,VV-VITA-146,-10,git
2026-06-07,VV-VITA-146,-10,git
2026-06-08,VV-VITA-146,-10,git
2026-06-09,VV-VITA-146,-10,git
2026-06-10,VV-VITA-146,2582,git
2026-06-11,VV-VITA-146,2582,git
2026-06-12,VV-VITA-146,2576,git
2026-06-13,VV-VITA-146,2576,git
2026-06-14,VV-VITA-146,681,git
2026-06-15,VV-VITA-146,681,git
2026-06-16,VV-VITA-146,680,git
2026-06-17,VV-VITA-146,680,git
2026-06-18,VV-VITA-146,678,git
2026-06-19,VV-VITA-146,678,git
2026-06-20,VV-VITA-146,678,git
2026-06-21,VV-VITA-146,677,git
2026-06-22,VV-VITA-146,677,git
2026-06-23,VV-VITA-146,677,git
2026-06-24,VV-VITA-146,676,git
2026-06-25,VV-VITA-146,676,git
2026-06-26,VV-VITA-146,676,git
2026-06-27,VV-VITA-146,-10,git
2026-06-28,VV-VITA-146,-10,git
2026-06-29,VV-VITA-146,1879,git
2026-06-30,VV-VITA-146,1878,git
2026-07-01,VV-VITA-146,1877,git
2026-07-02,VV-VITA-146,1877,git
2026-07-03,VV-VITA-146,1877,git
2026-07-04,VV-VITA-146,1871,git
2026-07-05,VV-VITA-146,1871,git
2026-07-06,VV-VITA-146,1871,git
2026-07-07,VV-VITA-146,1869,git
2026-07-08,VV-VITA-146,1867,git
2026-07-09,VV-VITA-146,1866,git
2026-07-10,VV-VITA-146,1863,git
2026-07-11,VV-VITA-146,1861,git
2026-07-12,VV-VITA-146,1861,git
2026-07-13,VV-VITA-146,1861,git
2026-07-14,VV-VITA-146,1861,git
2026-07-15,VV-VITA-146,1859,git
2026-07-16,VV-VITA-146,1858,matrixify
2026-06-04,VV-VITA-151,6336,git
2026-06-05,VV-VITA-151,6335,git
2026-06-06,VV-VITA-151,6332,git
2026-06-07,VV-VITA-151,6332,git
2026-06-08,VV-VITA-151,6329,git
2026-06-09,VV-VITA-151,6326,git
2026-06-10,VV-VITA-151,6322,git
2026-06-11,VV-VITA-151,6318,git
2026-06-12,VV-VITA-151,6316,git
2026-06-13,VV-VITA-151,6313,git
2026-06-14,VV-VITA-151,6311,git
2026-06-15,VV-VITA-151,6306,git
2026-06-16,VV-VITA-151,6778,git
2026-06-17,VV-VITA-151,6775,git
2026-06-18,VV-VITA-151,6774,git
2026-06-19,VV-VITA-151,6774,git
2026-06-20,VV-VITA-151,6773,git
2026-06-21,VV-VITA-151,6772,git
2026-06-22,VV-VITA-151,6759,git
2026-06-23,VV-VITA-151,6753,git
2026-06-24,VV-VITA-151,6750,git
2026-06-25,VV-VITA-151,6747,git
2026-06-26,VV-VITA-151,6743,git
2026-06-27,VV-VITA-151,429,git
2026-06-28,VV-VITA-151,428,git
2026-06-29,VV-VITA-151,424,git
2026-06-30,VV-VITA-151,424,git
2026-07-01,VV-VITA-151,414,git
2026-07-02,VV-VITA-151,410,git
2026-07-03,VV-VITA-151,406,git
2026-07-04,VV-VITA-151,403,git
2026-07-05,VV-VITA-151,403,git
2026-07-06,VV-VITA-151,5744,git
2026-07-07,VV-VITA-151,5738,git
2026-07-08,VV-VITA-151,5735,git
2026-07-09,VV-VITA-151,5735,git
2026-07-10,VV-VITA-151,5735,git
2026-07-11,VV-VITA-151,5734,git
2026-07-12,VV-VITA-151,5731,git
2026-07-13,VV-VITA-151,5730,git
2026-07-14,VV-VITA-151,5728,git
2026-07-15,VV-VITA-151,5728,git
2026-07-16,VV-VITA-151,5726,matrixify
2026-06-04,VV-VITA-153,700,git
2026-06-05,VV-VITA-153,698,git
2026-06-06,VV-VITA-153,696,git
2026-06-07,VV-VITA-153,695,git
2026-06-08,VV-VITA-153,694,git
2026-06-09,VV-VITA-153,694,git
2026-06-10,VV-VITA-153,691,git
2026-06-11,VV-VITA-153,691,git
2026-06-12,VV-VITA-153,690,git
2026-06-13,VV-VITA-153,688,git
2026-06-14,VV-VITA-153,687,git
2026-06-15,VV-VITA-153,686,git
2026-06-16,VV-VITA-153,973,git
2026-06-17,VV-VITA-153,969,git
2026-06-18,VV-VITA-153,965,git
2026-06-19,VV-VITA-153,962,git
2026-06-20,VV-VITA-153,959,git
2026-06-21,VV-VITA-153,957,git
2026-06-22,VV-VITA-153,955,git
2026-06-23,VV-VITA-153,954,git
2026-06-24,VV-VITA-153,953,git
2026-06-25,VV-VITA-153,952,git
2026-06-26,VV-VITA-153,950,git
2026-06-27,VV-VITA-153,258,git
2026-06-28,VV-VITA-153,257,git
2026-06-29,VV-VITA-153,257,git
2026-06-30,VV-VITA-153,257,git
2026-07-01,VV-VITA-153,258,git
2026-07-02,VV-VITA-153,256,git
2026-07-03,VV-VITA-153,252,git
2026-07-04,VV-VITA-153,245,git
2026-07-05,VV-VITA-153,245,git
2026-07-06,VV-VITA-153,148,git
2026-07-07,VV-VITA-153,140,git
2026-07-08,VV-VITA-153,139,git
2026-07-09,VV-VITA-153,138,git
2026-07-10,VV-VITA-153,137,git
2026-07-11,VV-VITA-153,136,git
2026-07-12,VV-VITA-153,136,git
2026-07-13,VV-VITA-153,133,git
2026-07-14,VV-VITA-153,131,git
2026-07-15,VV-VITA-153,131,git
2026-07-16,VV-VITA-153,129,matrixify
2026-06-04,VV-VITA-155,0,git
2026-06-05,VV-VITA-155,0,git
2026-06-06,VV-VITA-155,0,git
2026-06-07,VV-VITA-155,0,git
2026-06-08,VV-VITA-155,0,git
2026-06-09,VV-VITA-155,0,git
2026-06-10,VV-VITA-155,0,git
2026-06-11,VV-VITA-155,0,git
2026-06-12,VV-VITA-155,0,git
2026-06-13,VV-VITA-155,0,git
2026-06-14,VV-VITA-155,0,git
2026-06-15,VV-VITA-155,0,git
2026-06-16,VV-VITA-155,0,git
2026-06-17,VV-VITA-155,391,git
2026-06-18,VV-VITA-155,379,git
2026-06-19,VV-VITA-155,373,git
2026-06-20,VV-VITA-155,370,git
2026-06-21,VV-VITA-155,22,git
2026-06-22,VV-VITA-155,19,git
2026-06-23,VV-VITA-155,7,git
2026-06-24,VV-VITA-155,0,git
2026-06-25,VV-VITA-155,0,git
2026-06-26,VV-VITA-155,0,git
2026-06-27,VV-VITA-155,-5,git
2026-06-28,VV-VITA-155,-5,git
2026-06-29,VV-VITA-155,758,git
2026-06-30,VV-VITA-155,757,git
2026-07-01,VV-VITA-155,756,git
2026-07-02,VV-VITA-155,755,git
2026-07-03,VV-VITA-155,748,git
2026-07-04,VV-VITA-155,743,git
2026-07-05,VV-VITA-155,743,git
2026-07-06,VV-VITA-155,743,git
2026-07-07,VV-VITA-155,740,git
2026-07-08,VV-VITA-155,739,git
2026-07-09,VV-VITA-155,737,git
2026-07-10,VV-VITA-155,736,git
2026-07-11,VV-VITA-155,732,git
2026-07-12,VV-VITA-155,724,git
2026-07-13,VV-VITA-155,723,git
2026-07-14,VV-VITA-155,714,git
2026-07-15,VV-VITA-155,709,git
2026-07-16,VV-VITA-155,709,matrixify
2026-06-04,VV-VITA-157,421,git
2026-06-05,VV-VITA-157,414,git
2026-06-06,VV-VITA-157,414,git
2026-06-07,VV-VITA-157,-18,git
2026-06-08,VV-VITA-157,-18,git
2026-06-09,VV-VITA-157,-18,git
2026-06-10,VV-VITA-157,-10,git
2026-06-11,VV-VITA-157,-10,git
2026-06-12,VV-VITA-157,-10,git
2026-06-13,VV-VITA-157,-10,git
2026-06-14,VV-VITA-157,-10,git
2026-06-15,VV-VITA-157,-10,git
2026-06-16,VV-VITA-157,1422,git
2026-06-17,VV-VITA-157,1422,git
2026-06-18,VV-VITA-157,1422,git
2026-06-19,VV-VITA-157,1422,git
2026-06-20,VV-VITA-157,1421,git
2026-06-21,VV-VITA-157,1415,git
2026-06-22,VV-VITA-157,1412,git
2026-06-23,VV-VITA-157,1412,git
2026-06-24,VV-VITA-157,1266,git
2026-06-25,VV-VITA-157,1265,git
2026-06-26,VV-VITA-157,1264,git
2026-06-27,VV-VITA-157,1264,git
2026-06-28,VV-VITA-157,1259,git
2026-06-29,VV-VITA-157,1259,git
2026-06-30,VV-VITA-157,1259,git
2026-07-01,VV-VITA-157,823,git
2026-07-02,VV-VITA-157,818,git
2026-07-03,VV-VITA-157,817,git
2026-07-04,VV-VITA-157,807,git
2026-07-05,VV-VITA-157,807,git
2026-07-06,VV-VITA-157,807,git
2026-07-07,VV-VITA-157,807,git
2026-07-08,VV-VITA-157,804,git
2026-07-09,VV-VITA-157,801,git
2026-07-10,VV-VITA-157,801,git
2026-07-11,VV-VITA-157,801,git
2026-07-12,VV-VITA-157,801,git
2026-07-13,VV-VITA-157,798,git
2026-07-14,VV-VITA-157,798,git
2026-07-15,VV-VITA-157,798,git
2026-07-16,VV-VITA-157,797,matrixify
2026-06-04,VV-VITA-158,1302,git
2026-06-05,VV-VITA-158,1295,git
2026-06-06,VV-VITA-158,1290,git
2026-06-07,VV-VITA-158,1047,git
2026-06-08,VV-VITA-158,1045,git
2026-06-09,VV-VITA-158,1043,git
2026-06-10,VV-VITA-158,1042,git
2026-06-11,VV-VITA-158,1036,git
2026-06-12,VV-VITA-158,1032,git
2026-06-13,VV-VITA-158,168,git
2026-06-14,VV-VITA-158,164,git
2026-06-15,VV-VITA-158,147,git
2026-06-16,VV-VITA-158,139,git
2026-06-17,VV-VITA-158,136,git
2026-06-18,VV-VITA-158,135,git
2026-06-19,VV-VITA-158,130,git
2026-06-20,VV-VITA-158,129,git
2026-06-21,VV-VITA-158,129,git
2026-06-22,VV-VITA-158,29,git
2026-06-23,VV-VITA-158,26,git
2026-06-24,VV-VITA-158,22,git
2026-06-25,VV-VITA-158,19,git
2026-06-26,VV-VITA-158,13,git
2026-06-27,VV-VITA-158,-1,git
2026-06-28,VV-VITA-158,-1,git
2026-06-29,VV-VITA-158,863,git
2026-06-30,VV-VITA-158,860,git
2026-07-01,VV-VITA-158,854,git
2026-07-02,VV-VITA-158,853,git
2026-07-03,VV-VITA-158,852,git
2026-07-04,VV-VITA-158,843,git
2026-07-05,VV-VITA-158,841,git
2026-07-06,VV-VITA-158,838,git
2026-07-07,VV-VITA-158,830,git
2026-07-08,VV-VITA-158,829,git
2026-07-09,VV-VITA-158,824,git
2026-07-10,VV-VITA-158,815,git
2026-07-11,VV-VITA-158,814,git
2026-07-12,VV-VITA-158,814,git
2026-07-13,VV-VITA-158,808,git
2026-07-14,VV-VITA-158,804,git
2026-07-15,VV-VITA-158,800,git
2026-07-16,VV-VITA-158,791,matrixify
2026-06-04,VV-VITA-159,718,git
2026-06-05,VV-VITA-159,710,git
2026-06-06,VV-VITA-159,704,git
2026-06-07,VV-VITA-159,103,git
2026-06-08,VV-VITA-159,102,git
2026-06-09,VV-VITA-159,102,git
2026-06-10,VV-VITA-159,95,git
2026-06-11,VV-VITA-159,94,git
2026-06-12,VV-VITA-159,92,git
2026-06-13,VV-VITA-159,91,git
2026-06-14,VV-VITA-159,-11,git
2026-06-15,VV-VITA-159,-11,git
2026-06-16,VV-VITA-159,121,git
2026-06-17,VV-VITA-159,116,git
2026-06-18,VV-VITA-159,111,git
2026-06-19,VV-VITA-159,111,git
2026-06-20,VV-VITA-159,102,git
2026-06-21,VV-VITA-159,101,git
2026-06-22,VV-VITA-159,94,git
2026-06-23,VV-VITA-159,58,git
2026-06-24,VV-VITA-159,57,git
2026-06-25,VV-VITA-159,0,git
2026-06-26,VV-VITA-159,49,git
2026-06-27,VV-VITA-159,48,git
2026-06-28,VV-VITA-159,43,git
2026-06-29,VV-VITA-159,37,git
2026-06-30,VV-VITA-159,36,git
2026-07-01,VV-VITA-159,4,git
2026-07-02,VV-VITA-159,1,git
2026-07-03,VV-VITA-159,1,git
2026-07-04,VV-VITA-159,1,git
2026-07-05,VV-VITA-159,0,git
2026-07-06,VV-VITA-159,0,git
2026-07-07,VV-VITA-159,0,git
2026-07-08,VV-VITA-159,-1,git
2026-07-09,VV-VITA-159,-1,git
2026-07-10,VV-VITA-159,-1,git
2026-07-11,VV-VITA-159,-1,git
2026-07-12,VV-VITA-159,-1,git
2026-07-13,VV-VITA-159,-2,git
2026-07-14,VV-VITA-159,-3,git
2026-07-15,VV-VITA-159,-3,git
2026-07-16,VV-VITA-159,-3,matrixify
2026-06-04,VV-VITA-160,0,git
2026-06-05,VV-VITA-160,0,git
2026-06-06,VV-VITA-160,0,git
2026-06-07,VV-VITA-160,0,git
2026-06-08,VV-VITA-160,0,git
2026-06-09,VV-VITA-160,0,git
2026-06-10,VV-VITA-160,0,git
2026-06-11,VV-VITA-160,0,git
2026-06-12,VV-VITA-160,0,git
2026-06-13,VV-VITA-160,0,git
2026-06-14,VV-VITA-160,0,git
2026-06-15,VV-VITA-160,0,git
2026-06-16,VV-VITA-160,0,git
2026-06-17,VV-VITA-160,0,git
2026-06-18,VV-VITA-160,0,git
2026-06-19,VV-VITA-160,0,git
2026-06-20,VV-VITA-160,0,git
2026-06-21,VV-VITA-160,0,git
2026-06-22,VV-VITA-160,0,git
2026-06-23,VV-VITA-160,0,git
2026-06-24,VV-VITA-160,0,git
2026-06-25,VV-VITA-160,0,git
2026-06-27,VV-VITA-160,0,git
2026-06-28,VV-VITA-160,0,git
2026-06-29,VV-VITA-160,0,git
2026-06-30,VV-VITA-160,0,git
2026-07-01,VV-VITA-160,0,git
2026-07-02,VV-VITA-160,0,git
2026-07-03,VV-VITA-160,0,git
2026-07-04,VV-VITA-160,0,git
2026-07-05,VV-VITA-160,0,git
2026-07-06,VV-VITA-160,0,git
2026-07-07,VV-VITA-160,0,git
2026-07-08,VV-VITA-160,0,git
2026-07-09,VV-VITA-160,0,git
2026-07-10,VV-VITA-160,0,git
2026-07-11,VV-VITA-160,0,git
2026-07-12,VV-VITA-160,0,git
2026-07-13,VV-VITA-160,0,git
2026-07-14,VV-VITA-160,0,git
2026-07-15,VV-VITA-160,0,git
2026-07-16,VV-VITA-160,0,matrixify
2026-06-26,VV-VITA-160-0,0,git
2026-06-04,VV-VITA-165,2549,git
2026-06-05,VV-VITA-165,2549,git
2026-06-06,VV-VITA-165,2549,git
2026-06-07,VV-VITA-165,2549,git
2026-06-08,VV-VITA-165,2548,git
2026-06-09,VV-VITA-165,2548,git
2026-06-10,VV-VITA-165,2543,git
2026-06-11,VV-VITA-165,2543,git
2026-06-12,VV-VITA-165,2541,git
2026-06-13,VV-VITA-165,2541,git
2026-06-14,VV-VITA-165,2540,git
2026-06-15,VV-VITA-165,2537,git
2026-06-16,VV-VITA-165,3689,git
2026-06-17,VV-VITA-165,3686,git
2026-06-18,VV-VITA-165,3686,git
2026-06-19,VV-VITA-165,3974,git
2026-06-20,VV-VITA-165,3686,git
2026-06-21,VV-VITA-165,3686,git
2026-06-22,VV-VITA-165,3686,git
2026-06-23,VV-VITA-165,3686,git
2026-06-24,VV-VITA-165,3686,git
2026-06-25,VV-VITA-165,3685,git
2026-06-26,VV-VITA-165,3683,git
2026-06-27,VV-VITA-165,1138,git
2026-06-28,VV-VITA-165,1138,git
2026-06-29,VV-VITA-165,1138,git
2026-06-30,VV-VITA-165,1138,git
2026-07-01,VV-VITA-165,1138,git
2026-07-02,VV-VITA-165,1134,git
2026-07-03,VV-VITA-165,1131,git
2026-07-04,VV-VITA-165,1131,git
2026-07-05,VV-VITA-165,1129,git
2026-07-06,VV-VITA-165,1129,git
2026-07-07,VV-VITA-165,1129,git
2026-07-08,VV-VITA-165,1129,git
2026-07-09,VV-VITA-165,1129,git
2026-07-10,VV-VITA-165,1129,git
2026-07-11,VV-VITA-165,1128,git
2026-07-12,VV-VITA-165,1128,git
2026-07-13,VV-VITA-165,1128,git
2026-07-14,VV-VITA-165,1128,git
2026-07-15,VV-VITA-165,1126,git
2026-07-16,VV-VITA-165,1126,matrixify
2026-06-04,VV-VITA-166,544,git
2026-06-05,VV-VITA-166,544,git
2026-06-06,VV-VITA-166,544,git
2026-06-07,VV-VITA-166,543,git
2026-06-08,VV-VITA-166,543,git
2026-06-09,VV-VITA-166,541,git
2026-06-10,VV-VITA-166,541,git
2026-06-11,VV-VITA-166,541,git
2026-06-12,VV-VITA-166,541,git
2026-06-13,VV-VITA-166,539,git
2026-06-14,VV-VITA-166,539,git
2026-06-15,VV-VITA-166,539,git
2026-06-16,VV-VITA-166,1403,git
2026-06-17,VV-VITA-166,1401,git
2026-06-18,VV-VITA-166,1399,git
2026-06-19,VV-VITA-166,1398,git
2026-06-20,VV-VITA-166,1397,git
2026-06-21,VV-VITA-166,1397,git
2026-06-22,VV-VITA-166,1295,git
2026-06-23,VV-VITA-166,1295,git
2026-06-24,VV-VITA-166,1293,git
2026-06-25,VV-VITA-166,1293,git
2026-06-26,VV-VITA-166,1293,git
2026-06-27,VV-VITA-166,843,git
2026-06-28,VV-VITA-166,843,git
2026-06-29,VV-VITA-166,843,git
2026-06-30,VV-VITA-166,843,git
2026-07-01,VV-VITA-166,839,git
2026-07-02,VV-VITA-166,839,git
2026-07-03,VV-VITA-166,839,git
2026-07-04,VV-VITA-166,839,git
2026-07-05,VV-VITA-166,839,git
2026-07-06,VV-VITA-166,839,git
2026-07-07,VV-VITA-166,837,git
2026-07-08,VV-VITA-166,837,git
2026-07-09,VV-VITA-166,837,git
2026-07-10,VV-VITA-166,836,git
2026-07-11,VV-VITA-166,836,git
2026-07-12,VV-VITA-166,836,git
2026-07-13,VV-VITA-166,836,git
2026-07-14,VV-VITA-166,836,git
2026-07-15,VV-VITA-166,836,git
2026-07-16,VV-VITA-166,836,matrixify
2026-06-04,VV-VITA-168,139,git
2026-06-05,VV-VITA-168,135,git
2026-06-06,VV-VITA-168,133,git
2026-06-07,VV-VITA-168,128,git
2026-06-08,VV-VITA-168,126,git
2026-06-09,VV-VITA-168,126,git
2026-06-10,VV-VITA-168,123,git
2026-06-11,VV-VITA-168,121,git
2026-06-12,VV-VITA-168,116,git
2026-06-13,VV-VITA-168,55,git
2026-06-14,VV-VITA-168,53,git
2026-06-15,VV-VITA-168,50,git
2026-06-16,VV-VITA-168,49,git
2026-06-17,VV-VITA-168,46,git
2026-06-18,VV-VITA-168,44,git
2026-06-19,VV-VITA-168,44,git
2026-06-20,VV-VITA-168,36,git
2026-06-21,VV-VITA-168,34,git
2026-06-22,VV-VITA-168,29,git
2026-06-23,VV-VITA-168,25,git
2026-06-24,VV-VITA-168,16,git
2026-06-25,VV-VITA-168,10,git
2026-06-26,VV-VITA-168,7,git
2026-06-27,VV-VITA-168,-10,git
2026-06-28,VV-VITA-168,-10,git
2026-06-29,VV-VITA-168,43,git
2026-06-30,VV-VITA-168,43,git
2026-07-01,VV-VITA-168,43,git
2026-07-02,VV-VITA-168,39,git
2026-07-03,VV-VITA-168,39,git
2026-07-04,VV-VITA-168,34,git
2026-07-05,VV-VITA-168,30,git
2026-07-06,VV-VITA-168,27,git
2026-07-07,VV-VITA-168,27,git
2026-07-08,VV-VITA-168,27,git
2026-07-09,VV-VITA-168,25,git
2026-07-10,VV-VITA-168,25,git
2026-07-11,VV-VITA-168,19,git
2026-07-12,VV-VITA-168,18,git
2026-07-13,VV-VITA-168,15,git
2026-07-14,VV-VITA-168,14,git
2026-07-15,VV-VITA-168,14,git
2026-07-16,VV-VITA-168,13,matrixify
2026-06-04,VV-VITA-170,1439,git
2026-06-05,VV-VITA-170,958,git
2026-06-06,VV-VITA-170,956,git
2026-06-07,VV-VITA-170,836,git
2026-06-08,VV-VITA-170,836,git
2026-06-09,VV-VITA-170,834,git
2026-06-10,VV-VITA-170,830,git
2026-06-11,VV-VITA-170,830,git
2026-06-12,VV-VITA-170,2404,git
2026-06-13,VV-VITA-170,2404,git
2026-06-14,VV-VITA-170,2404,git
2026-06-15,VV-VITA-170,2404,git
2026-06-16,VV-VITA-170,2763,git
2026-06-17,VV-VITA-170,2759,git
2026-06-18,VV-VITA-170,2759,git
2026-06-19,VV-VITA-170,2759,git
2026-06-20,VV-VITA-170,2759,git
2026-06-21,VV-VITA-170,2759,git
2026-06-22,VV-VITA-170,1979,git
2026-06-23,VV-VITA-170,1979,git
2026-06-24,VV-VITA-170,1978,git
2026-06-25,VV-VITA-170,1976,git
2026-06-26,VV-VITA-170,1970,git
2026-06-27,VV-VITA-170,336,git
2026-06-28,VV-VITA-170,336,git
2026-06-29,VV-VITA-170,331,git
2026-06-30,VV-VITA-170,330,git
2026-07-01,VV-VITA-170,328,git
2026-07-02,VV-VITA-170,327,git
2026-07-03,VV-VITA-170,323,git
2026-07-04,VV-VITA-170,322,git
2026-07-05,VV-VITA-170,322,git
2026-07-06,VV-VITA-170,320,git
2026-07-07,VV-VITA-170,320,git
2026-07-08,VV-VITA-170,312,git
2026-07-09,VV-VITA-170,311,git
2026-07-10,VV-VITA-170,308,git
2026-07-11,VV-VITA-170,308,git
2026-07-12,VV-VITA-170,308,git
2026-07-13,VV-VITA-170,303,git
2026-07-14,VV-VITA-170,302,git
2026-07-15,VV-VITA-170,301,git
2026-07-16,VV-VITA-170,301,matrixify
2026-06-04,VV-VITA-171,2666,git
2026-06-05,VV-VITA-171,2665,git
2026-06-06,VV-VITA-171,2664,git
2026-06-07,VV-VITA-171,2663,git
2026-06-08,VV-VITA-171,2661,git
2026-06-09,VV-VITA-171,2661,git
2026-06-10,VV-VITA-171,2657,git
2026-06-11,VV-VITA-171,2653,git
2026-06-12,VV-VITA-171,2653,git
2026-06-13,VV-VITA-171,2652,git
2026-06-14,VV-VITA-171,2648,git
2026-06-15,VV-VITA-171,2643,git
2026-06-16,VV-VITA-171,2977,git
2026-06-17,VV-VITA-171,2977,git
2026-06-18,VV-VITA-171,2975,git
2026-06-19,VV-VITA-171,2973,git
2026-06-20,VV-VITA-171,2973,git
2026-06-21,VV-VITA-171,2968,git
2026-06-22,VV-VITA-171,2965,git
2026-06-23,VV-VITA-171,2965,git
2026-06-24,VV-VITA-171,2961,git
2026-06-25,VV-VITA-171,2961,git
2026-06-26,VV-VITA-171,2961,git
2026-06-27,VV-VITA-171,305,git
2026-06-28,VV-VITA-171,305,git
2026-06-29,VV-VITA-171,305,git
2026-06-30,VV-VITA-171,304,git
2026-07-01,VV-VITA-171,302,git
2026-07-02,VV-VITA-171,301,git
2026-07-03,VV-VITA-171,301,git
2026-07-04,VV-VITA-171,299,git
2026-07-05,VV-VITA-171,299,git
2026-07-06,VV-VITA-171,294,git
2026-07-07,VV-VITA-171,295,git
2026-07-08,VV-VITA-171,292,git
2026-07-09,VV-VITA-171,292,git
2026-07-10,VV-VITA-171,289,git
2026-07-11,VV-VITA-171,289,git
2026-07-12,VV-VITA-171,285,git
2026-07-13,VV-VITA-171,282,git
2026-07-14,VV-VITA-171,280,git
2026-07-15,VV-VITA-171,286,git
2026-07-16,VV-VITA-171,280,matrixify
2026-06-04,VV-VITA-172,416,git
2026-06-05,VV-VITA-172,416,git
2026-06-06,VV-VITA-172,416,git
2026-06-07,VV-VITA-172,416,git
2026-06-08,VV-VITA-172,416,git
2026-06-09,VV-VITA-172,416,git
2026-06-10,VV-VITA-172,416,git
2026-06-11,VV-VITA-172,416,git
2026-06-12,VV-VITA-172,416,git
2026-06-13,VV-VITA-172,416,git
2026-06-14,VV-VITA-172,416,git
2026-06-15,VV-VITA-172,416,git
2026-06-16,VV-VITA-172,648,git
2026-06-17,VV-VITA-172,648,git
2026-06-18,VV-VITA-172,646,git
2026-06-19,VV-VITA-172,643,git
2026-06-20,VV-VITA-172,643,git
2026-06-21,VV-VITA-172,643,git
2026-06-22,VV-VITA-172,295,git
2026-06-23,VV-VITA-172,295,git
2026-06-24,VV-VITA-172,287,git
2026-06-25,VV-VITA-172,287,git
2026-06-26,VV-VITA-172,287,git
2026-06-27,VV-VITA-172,166,git
2026-06-28,VV-VITA-172,166,git
2026-06-29,VV-VITA-172,166,git
2026-06-30,VV-VITA-172,166,git
2026-07-01,VV-VITA-172,166,git
2026-07-02,VV-VITA-172,156,git
2026-07-03,VV-VITA-172,156,git
2026-07-04,VV-VITA-172,153,git
2026-07-05,VV-VITA-172,153,git
2026-07-06,VV-VITA-172,153,git
2026-07-07,VV-VITA-172,153,git
2026-07-08,VV-VITA-172,153,git
2026-07-09,VV-VITA-172,153,git
2026-07-10,VV-VITA-172,153,git
2026-07-11,VV-VITA-172,153,git
2026-07-12,VV-VITA-172,152,git
2026-07-13,VV-VITA-172,152,git
2026-07-14,VV-VITA-172,152,git
2026-07-15,VV-VITA-172,152,git
2026-07-16,VV-VITA-172,152,matrixify
2026-06-04,VV-VITA-173,3132,git
2026-06-05,VV-VITA-173,3128,git
2026-06-06,VV-VITA-173,3113,git
2026-06-07,VV-VITA-173,2994,git
2026-06-08,VV-VITA-173,2987,git
2026-06-09,VV-VITA-173,2282,git
2026-06-10,VV-VITA-173,2272,git
2026-06-11,VV-VITA-173,2271,git
2026-06-12,VV-VITA-173,2265,git
2026-06-13,VV-VITA-173,174,git
2026-06-14,VV-VITA-173,173,git
2026-06-15,VV-VITA-173,172,git
2026-06-16,VV-VITA-173,172,git
2026-06-17,VV-VITA-173,172,git
2026-06-18,VV-VITA-173,172,git
2026-06-19,VV-VITA-173,171,git
2026-06-20,VV-VITA-173,171,git
2026-06-21,VV-VITA-173,169,git
2026-06-22,VV-VITA-173,51,git
2026-06-23,VV-VITA-173,50,git
2026-06-24,VV-VITA-173,47,git
2026-06-25,VV-VITA-173,47,git
2026-06-26,VV-VITA-173,47,git
2026-06-27,VV-VITA-173,0,git
2026-06-28,VV-VITA-173,0,git
2026-06-29,VV-VITA-173,2088,git
2026-06-30,VV-VITA-173,2085,git
2026-07-01,VV-VITA-173,2085,git
2026-07-02,VV-VITA-173,2082,git
2026-07-03,VV-VITA-173,2079,git
2026-07-04,VV-VITA-173,2079,git
2026-07-05,VV-VITA-173,2078,git
2026-07-06,VV-VITA-173,2078,git
2026-07-07,VV-VITA-173,2075,git
2026-07-08,VV-VITA-173,2068,git
2026-07-09,VV-VITA-173,2068,git
2026-07-10,VV-VITA-173,2068,git
2026-07-11,VV-VITA-173,2067,git
2026-07-12,VV-VITA-173,2064,git
2026-07-13,VV-VITA-173,2064,git
2026-07-14,VV-VITA-173,2062,git
2026-07-15,VV-VITA-173,2061,git
2026-07-16,VV-VITA-173,2059,matrixify
2026-06-04,VV-VITA-174,318,git
2026-06-05,VV-VITA-174,318,git
2026-06-06,VV-VITA-174,318,git
2026-06-07,VV-VITA-174,202,git
2026-06-08,VV-VITA-174,201,git
2026-06-09,VV-VITA-174,201,git
2026-06-10,VV-VITA-174,201,git
2026-06-11,VV-VITA-174,200,git
2026-06-12,VV-VITA-174,200,git
2026-06-13,VV-VITA-174,197,git
2026-06-14,VV-VITA-174,197,git
2026-06-15,VV-VITA-174,195,git
2026-06-16,VV-VITA-174,543,git
2026-06-17,VV-VITA-174,543,git
2026-06-18,VV-VITA-174,543,git
2026-06-19,VV-VITA-174,541,git
2026-06-20,VV-VITA-174,539,git
2026-06-21,VV-VITA-174,539,git
2026-06-22,VV-VITA-174,422,git
2026-06-23,VV-VITA-174,422,git
2026-06-24,VV-VITA-174,190,git
2026-06-25,VV-VITA-174,190,git
2026-06-26,VV-VITA-174,190,git
2026-06-27,VV-VITA-174,101,git
2026-06-28,VV-VITA-174,99,git
2026-06-29,VV-VITA-174,98,git
2026-06-30,VV-VITA-174,98,git
2026-07-01,VV-VITA-174,98,git
2026-07-02,VV-VITA-174,98,git
2026-07-03,VV-VITA-174,98,git
2026-07-04,VV-VITA-174,98,git
2026-07-05,VV-VITA-174,98,git
2026-07-06,VV-VITA-174,95,git
2026-07-07,VV-VITA-174,95,git
2026-07-08,VV-VITA-174,95,git
2026-07-09,VV-VITA-174,95,git
2026-07-10,VV-VITA-174,95,git
2026-07-11,VV-VITA-174,95,git
2026-07-12,VV-VITA-174,94,git
2026-07-13,VV-VITA-174,94,git
2026-07-14,VV-VITA-174,92,git
2026-07-15,VV-VITA-174,92,git
2026-07-16,VV-VITA-174,92,matrixify
2026-06-04,VV-VITA-181,37,git
2026-06-05,VV-VITA-181,37,git
2026-06-06,VV-VITA-181,37,git
2026-06-07,VV-VITA-181,36,git
2026-06-08,VV-VITA-181,35,git
2026-06-09,VV-VITA-181,35,git
2026-06-10,VV-VITA-181,37,git
2026-06-11,VV-VITA-181,37,git
2026-06-12,VV-VITA-181,37,git
2026-06-13,VV-VITA-181,37,git
2026-06-14,VV-VITA-181,37,git
2026-06-15,VV-VITA-181,36,git
2026-06-16,VV-VITA-181,120,git
2026-06-17,VV-VITA-181,120,git
2026-06-18,VV-VITA-181,120,git
2026-06-19,VV-VITA-181,120,git
2026-06-20,VV-VITA-181,120,git
2026-06-21,VV-VITA-181,120,git
2026-06-22,VV-VITA-181,120,git
2026-06-23,VV-VITA-181,118,git
2026-06-24,VV-VITA-181,0,git
2026-06-25,VV-VITA-181,0,git
2026-06-26,VV-VITA-181,0,git
2026-06-27,VV-VITA-181,0,git
2026-06-28,VV-VITA-181,0,git
2026-06-29,VV-VITA-181,0,git
2026-06-30,VV-VITA-181,0,git
2026-07-01,VV-VITA-181,0,git
2026-07-02,VV-VITA-181,0,git
2026-07-03,VV-VITA-181,0,git
2026-07-04,VV-VITA-181,0,git
2026-07-05,VV-VITA-181,0,git
2026-07-06,VV-VITA-181,0,git
2026-07-07,VV-VITA-181,0,git
2026-07-08,VV-VITA-181,0,git
2026-07-09,VV-VITA-181,0,git
2026-07-10,VV-VITA-181,0,git
2026-07-11,VV-VITA-181,0,git
2026-07-12,VV-VITA-181,0,git
2026-07-13,VV-VITA-181,0,git
2026-07-14,VV-VITA-181,0,git
2026-07-15,VV-VITA-181,0,git
2026-07-16,VV-VITA-181,0,matrixify
2026-06-04,VV-VITA-183,273,git
2026-06-05,VV-VITA-183,273,git
2026-06-06,VV-VITA-183,273,git
2026-06-07,VV-VITA-183,153,git
2026-06-08,VV-VITA-183,148,git
2026-06-09,VV-VITA-183,148,git
2026-06-10,VV-VITA-183,147,git
2026-06-11,VV-VITA-183,145,git
2026-06-12,VV-VITA-183,146,git
2026-06-13,VV-VITA-183,146,git
2026-06-14,VV-VITA-183,146,git
2026-06-15,VV-VITA-183,141,git
2026-06-16,VV-VITA-183,858,git
2026-06-17,VV-VITA-183,858,git
2026-06-18,VV-VITA-183,737,git
2026-06-19,VV-VITA-183,736,git
2026-06-20,VV-VITA-183,736,git
2026-06-21,VV-VITA-183,732,git
2026-06-22,VV-VITA-183,732,git
2026-06-23,VV-VITA-183,732,git
2026-06-24,VV-VITA-183,250,git
2026-06-25,VV-VITA-183,247,git
2026-06-26,VV-VITA-183,243,git
2026-06-27,VV-VITA-183,86,git
2026-06-28,VV-VITA-183,86,git
2026-06-29,VV-VITA-183,83,git
2026-06-30,VV-VITA-183,82,git
2026-07-01,VV-VITA-183,82,git
2026-07-02,VV-VITA-183,82,git
2026-07-03,VV-VITA-183,82,git
2026-07-04,VV-VITA-183,82,git
2026-07-05,VV-VITA-183,81,git
2026-07-06,VV-VITA-183,75,git
2026-07-07,VV-VITA-183,75,git
2026-07-08,VV-VITA-183,74,git
2026-07-09,VV-VITA-183,74,git
2026-07-10,VV-VITA-183,74,git
2026-07-11,VV-VITA-183,74,git
2026-07-12,VV-VITA-183,74,git
2026-07-13,VV-VITA-183,74,git
2026-07-14,VV-VITA-183,71,git
2026-07-15,VV-VITA-183,70,git
2026-07-16,VV-VITA-183,69,matrixify
2026-06-04,VV-VITA-186,-4,git
2026-06-05,VV-VITA-186,-4,git
2026-06-06,VV-VITA-186,-5,git
2026-06-07,VV-VITA-186,-5,git
2026-06-08,VV-VITA-186,-7,git
2026-06-09,VV-VITA-186,-28,git
2026-06-10,VV-VITA-186,-28,git
2026-06-11,VV-VITA-186,-28,git
2026-06-12,VV-VITA-186,-28,git
2026-06-13,VV-VITA-186,-28,git
2026-06-14,VV-VITA-186,-28,git
2026-06-15,VV-VITA-186,-28,git
2026-06-16,VV-VITA-186,-28,git
2026-06-17,VV-VITA-186,-28,git
2026-06-18,VV-VITA-186,-28,git
2026-06-19,VV-VITA-186,-28,git
2026-06-20,VV-VITA-186,-28,git
2026-06-21,VV-VITA-186,-28,git
2026-06-22,VV-VITA-186,-20,git
2026-06-23,VV-VITA-186,-20,git
2026-06-24,VV-VITA-186,-20,git
2026-06-25,VV-VITA-186,-20,git
2026-06-26,VV-VITA-186,-20,git
2026-06-27,VV-VITA-186,-20,git
2026-06-28,VV-VITA-186,-20,git
2026-06-29,VV-VITA-186,-20,git
2026-06-30,VV-VITA-186,-20,git
2026-07-01,VV-VITA-186,-20,git
2026-07-02,VV-VITA-186,-20,git
2026-07-03,VV-VITA-186,-20,git
2026-07-04,VV-VITA-186,-20,git
2026-07-05,VV-VITA-186,-20,git
2026-07-06,VV-VITA-186,-20,git
2026-07-07,VV-VITA-186,-20,git
2026-07-08,VV-VITA-186,-20,git
2026-07-09,VV-VITA-186,-20,git
2026-07-10,VV-VITA-186,-20,git
2026-07-11,VV-VITA-186,-20,git
2026-07-12,VV-VITA-186,-20,git
2026-07-13,VV-VITA-186,-20,git
2026-07-14,VV-VITA-186,-20,git
2026-07-15,VV-VITA-186,-20,git
2026-07-16,VV-VITA-186,-20,matrixify
2026-06-04,VV-VITA-188,370,git
2026-06-05,VV-VITA-188,285,git
2026-06-06,VV-VITA-188,285,git
2026-06-07,VV-VITA-188,114,git
2026-06-08,VV-VITA-188,114,git
2026-06-09,VV-VITA-188,113,git
2026-06-10,VV-VITA-188,113,git
2026-06-11,VV-VITA-188,113,git
2026-06-12,VV-VITA-188,104,git
2026-06-13,VV-VITA-188,104,git
2026-06-14,VV-VITA-188,104,git
2026-06-15,VV-VITA-188,104,git
2026-06-16,VV-VITA-188,274,git
2026-06-17,VV-VITA-188,271,git
2026-06-18,VV-VITA-188,271,git
2026-06-19,VV-VITA-188,269,git
2026-06-20,VV-VITA-188,269,git
2026-06-21,VV-VITA-188,269,git
2026-06-22,VV-VITA-188,184,git
2026-06-23,VV-VITA-188,183,git
2026-06-24,VV-VITA-188,98,git
2026-06-25,VV-VITA-188,97,git
2026-06-26,VV-VITA-188,95,git
2026-06-27,VV-VITA-188,66,git
2026-06-28,VV-VITA-188,65,git
2026-06-29,VV-VITA-188,63,git
2026-06-30,VV-VITA-188,63,git
2026-07-01,VV-VITA-188,63,git
2026-07-02,VV-VITA-188,63,git
2026-07-03,VV-VITA-188,63,git
2026-07-04,VV-VITA-188,63,git
2026-07-05,VV-VITA-188,63,git
2026-07-06,VV-VITA-188,63,git
2026-07-07,VV-VITA-188,63,git
2026-07-08,VV-VITA-188,62,git
2026-07-09,VV-VITA-188,61,git
2026-07-10,VV-VITA-188,61,git
2026-07-11,VV-VITA-188,61,git
2026-07-12,VV-VITA-188,61,git
2026-07-13,VV-VITA-188,61,git
2026-07-14,VV-VITA-188,61,git
2026-07-15,VV-VITA-188,60,git
2026-07-16,VV-VITA-188,60,matrixify
2026-06-04,VV-VITA-189,552,git
2026-06-05,VV-VITA-189,552,git
2026-06-06,VV-VITA-189,552,git
2026-06-07,VV-VITA-189,550,git
2026-06-08,VV-VITA-189,550,git
2026-06-09,VV-VITA-189,545,git
2026-06-10,VV-VITA-189,545,git
2026-06-11,VV-VITA-189,539,git
2026-06-12,VV-VITA-189,540,git
2026-06-13,VV-VITA-189,540,git
2026-06-14,VV-VITA-189,540,git
2026-06-15,VV-VITA-189,538,git
2026-06-16,VV-VITA-189,824,git
2026-06-17,VV-VITA-189,824,git
2026-06-18,VV-VITA-189,824,git
2026-06-19,VV-VITA-189,822,git
2026-06-20,VV-VITA-189,822,git
2026-06-21,VV-VITA-189,820,git
2026-06-22,VV-VITA-189,579,git
2026-06-23,VV-VITA-189,575,git
2026-06-24,VV-VITA-189,572,git
2026-06-25,VV-VITA-189,572,git
2026-06-26,VV-VITA-189,572,git
2026-06-27,VV-VITA-189,266,git
2026-06-28,VV-VITA-189,266,git
2026-06-29,VV-VITA-189,266,git
2026-06-30,VV-VITA-189,266,git
2026-07-01,VV-VITA-189,266,git
2026-07-02,VV-VITA-189,266,git
2026-07-03,VV-VITA-189,266,git
2026-07-04,VV-VITA-189,266,git
2026-07-05,VV-VITA-189,266,git
2026-07-06,VV-VITA-189,266,git
2026-07-07,VV-VITA-189,266,git
2026-07-08,VV-VITA-189,266,git
2026-07-09,VV-VITA-189,264,git
2026-07-10,VV-VITA-189,263,git
2026-07-11,VV-VITA-189,263,git
2026-07-12,VV-VITA-189,263,git
2026-07-13,VV-VITA-189,263,git
2026-07-14,VV-VITA-189,263,git
2026-07-15,VV-VITA-189,263,git
2026-07-16,VV-VITA-189,263,matrixify
2026-06-04,VV-VITA-190,163,git
2026-06-05,VV-VITA-190,160,git
2026-06-06,VV-VITA-190,160,git
2026-06-07,VV-VITA-190,160,git
2026-06-08,VV-VITA-190,160,git
2026-06-09,VV-VITA-190,160,git
2026-06-10,VV-VITA-190,160,git
2026-06-11,VV-VITA-190,160,git
2026-06-12,VV-VITA-190,160,git
2026-06-13,VV-VITA-190,160,git
2026-06-14,VV-VITA-190,160,git
2026-06-15,VV-VITA-190,160,git
2026-06-16,VV-VITA-190,279,git
2026-06-17,VV-VITA-190,279,git
2026-06-18,VV-VITA-190,279,git
2026-06-19,VV-VITA-190,279,git
2026-06-20,VV-VITA-190,279,git
2026-06-21,VV-VITA-190,279,git
2026-06-22,VV-VITA-190,279,git
2026-06-23,VV-VITA-190,279,git
2026-06-24,VV-VITA-190,279,git
2026-06-25,VV-VITA-190,279,git
2026-06-26,VV-VITA-190,269,git
2026-06-27,VV-VITA-190,100,git
2026-06-28,VV-VITA-190,100,git
2026-06-29,VV-VITA-190,100,git
2026-06-30,VV-VITA-190,99,git
2026-07-01,VV-VITA-190,103,git
2026-07-02,VV-VITA-190,103,git
2026-07-03,VV-VITA-190,102,git
2026-07-04,VV-VITA-190,102,git
2026-07-05,VV-VITA-190,102,git
2026-07-06,VV-VITA-190,102,git
2026-07-07,VV-VITA-190,98,git
2026-07-08,VV-VITA-190,98,git
2026-07-09,VV-VITA-190,98,git
2026-07-10,VV-VITA-190,98,git
2026-07-11,VV-VITA-190,98,git
2026-07-12,VV-VITA-190,95,git
2026-07-13,VV-VITA-190,93,git
2026-07-14,VV-VITA-190,93,git
2026-07-15,VV-VITA-190,93,git
2026-07-16,VV-VITA-190,93,matrixify
2026-06-04,VV-VITA-197,0,git
2026-06-05,VV-VITA-197,0,git
2026-06-06,VV-VITA-197,0,git
2026-06-07,VV-VITA-197,0,git
2026-06-08,VV-VITA-197,0,git
2026-06-09,VV-VITA-197,0,git
2026-06-10,VV-VITA-197,0,git
2026-06-11,VV-VITA-197,0,git
2026-06-12,VV-VITA-197,0,git
2026-06-13,VV-VITA-197,0,git
2026-06-14,VV-VITA-197,0,git
2026-06-15,VV-VITA-197,0,git
2026-06-16,VV-VITA-197,720,git
2026-06-17,VV-VITA-197,720,git
2026-06-18,VV-VITA-197,658,git
2026-06-19,VV-VITA-197,657,git
2026-06-20,VV-VITA-197,657,git
2026-06-21,VV-VITA-197,657,git
2026-06-22,VV-VITA-197,656,git
2026-06-23,VV-VITA-197,656,git
2026-06-24,VV-VITA-197,649,git
2026-06-25,VV-VITA-197,649,git
2026-06-26,VV-VITA-197,646,git
2026-06-27,VV-VITA-197,141,git
2026-06-28,VV-VITA-197,140,git
2026-06-29,VV-VITA-197,140,git
2026-06-30,VV-VITA-197,139,git
2026-07-01,VV-VITA-197,139,git
2026-07-02,VV-VITA-197,88,git
2026-07-03,VV-VITA-197,88,git
2026-07-04,VV-VITA-197,88,git
2026-07-05,VV-VITA-197,88,git
2026-07-06,VV-VITA-197,88,git
2026-07-07,VV-VITA-197,88,git
2026-07-08,VV-VITA-197,88,git
2026-07-09,VV-VITA-197,86,git
2026-07-10,VV-VITA-197,86,git
2026-07-11,VV-VITA-197,86,git
2026-07-12,VV-VITA-197,86,git
2026-07-13,VV-VITA-197,36,git
2026-07-14,VV-VITA-197,36,git
2026-07-15,VV-VITA-197,36,git
2026-07-16,VV-VITA-197,36,matrixify
2026-06-04,VV-VITA-198,469,git
2026-06-05,VV-VITA-198,470,git
2026-06-06,VV-VITA-198,466,git
2026-06-07,VV-VITA-198,-14,git
2026-06-08,VV-VITA-198,-14,git
2026-06-09,VV-VITA-198,-12,git
2026-06-10,VV-VITA-198,-11,git
2026-06-11,VV-VITA-198,-10,git
2026-06-12,VV-VITA-198,-10,git
2026-06-13,VV-VITA-198,-10,git
2026-06-14,VV-VITA-198,-10,git
2026-06-15,VV-VITA-198,-10,git
2026-06-16,VV-VITA-198,99,git
2026-06-17,VV-VITA-198,99,git
2026-06-18,VV-VITA-198,99,git
2026-06-19,VV-VITA-198,1317,git
2026-06-20,VV-VITA-198,1495,git
2026-06-21,VV-VITA-198,1493,git
2026-06-22,VV-VITA-198,1493,git
2026-06-23,VV-VITA-198,1130,git
2026-06-24,VV-VITA-198,1128,git
2026-06-25,VV-VITA-198,1127,git
2026-06-26,VV-VITA-198,1120,git
2026-06-27,VV-VITA-198,83,git
2026-06-28,VV-VITA-198,83,git
2026-06-29,VV-VITA-198,81,git
2026-06-30,VV-VITA-198,81,git
2026-07-01,VV-VITA-198,80,git
2026-07-02,VV-VITA-198,79,git
2026-07-03,VV-VITA-198,79,git
2026-07-04,VV-VITA-198,78,git
2026-07-05,VV-VITA-198,78,git
2026-07-06,VV-VITA-198,77,git
2026-07-07,VV-VITA-198,74,git
2026-07-08,VV-VITA-198,71,git
2026-07-09,VV-VITA-198,70,git
2026-07-10,VV-VITA-198,69,git
2026-07-11,VV-VITA-198,66,git
2026-07-12,VV-VITA-198,65,git
2026-07-13,VV-VITA-198,65,git
2026-07-14,VV-VITA-198,63,git
2026-07-15,VV-VITA-198,61,git
2026-07-16,VV-VITA-198,61,matrixify
2026-06-04,VV-VITA-199,338,git
2026-06-05,VV-VITA-199,337,git
2026-06-06,VV-VITA-199,335,git
2026-06-07,VV-VITA-199,332,git
2026-06-08,VV-VITA-199,332,git
2026-06-09,VV-VITA-199,331,git
2026-06-10,VV-VITA-199,329,git
2026-06-11,VV-VITA-199,329,git
2026-06-12,VV-VITA-199,329,git
2026-06-13,VV-VITA-199,329,git
2026-06-14,VV-VITA-199,329,git
2026-06-15,VV-VITA-199,329,git
2026-06-16,VV-VITA-199,839,git
2026-06-17,VV-VITA-199,839,git
2026-06-18,VV-VITA-199,838,git
2026-06-19,VV-VITA-199,836,git
2026-06-20,VV-VITA-199,836,git
2026-06-21,VV-VITA-199,834,git
2026-06-22,VV-VITA-199,495,git
2026-06-23,VV-VITA-199,495,git
2026-06-24,VV-VITA-199,491,git
2026-06-25,VV-VITA-199,491,git
2026-06-26,VV-VITA-199,491,git
2026-06-27,VV-VITA-199,491,git
2026-06-28,VV-VITA-199,491,git
2026-06-29,VV-VITA-199,489,git
2026-06-30,VV-VITA-199,489,git
2026-07-01,VV-VITA-199,489,git
2026-07-02,VV-VITA-199,487,git
2026-07-03,VV-VITA-199,486,git
2026-07-04,VV-VITA-199,486,git
2026-07-05,VV-VITA-199,486,git
2026-07-06,VV-VITA-199,484,git
2026-07-07,VV-VITA-199,483,git
2026-07-08,VV-VITA-199,481,git
2026-07-09,VV-VITA-199,475,git
2026-07-10,VV-VITA-199,475,git
2026-07-11,VV-VITA-199,474,git
2026-07-12,VV-VITA-199,472,git
2026-07-13,VV-VITA-199,470,git
2026-07-14,VV-VITA-199,470,git
2026-07-15,VV-VITA-199,470,git
2026-07-16,VV-VITA-199,470,matrixify
2026-06-04,VV-VITA-202,138,git
2026-06-05,VV-VITA-202,138,git
2026-06-06,VV-VITA-202,138,git
2026-06-07,VV-VITA-202,137,git
2026-06-08,VV-VITA-202,137,git
2026-06-09,VV-VITA-202,137,git
2026-06-10,VV-VITA-202,137,git
2026-06-11,VV-VITA-202,135,git
2026-06-12,VV-VITA-202,135,git
2026-06-13,VV-VITA-202,135,git
2026-06-14,VV-VITA-202,135,git
2026-06-15,VV-VITA-202,135,git
2026-06-16,VV-VITA-202,2172,git
2026-06-17,VV-VITA-202,2171,git
2026-06-18,VV-VITA-202,2171,git
2026-06-19,VV-VITA-202,2315,git
2026-06-20,VV-VITA-202,2171,git
2026-06-21,VV-VITA-202,2171,git
2026-06-22,VV-VITA-202,2027,git
2026-06-23,VV-VITA-202,1738,git
2026-06-24,VV-VITA-202,1594,git
2026-06-25,VV-VITA-202,1593,git
2026-06-26,VV-VITA-202,1593,git
2026-06-27,VV-VITA-202,564,git
2026-06-28,VV-VITA-202,562,git
2026-06-29,VV-VITA-202,562,git
2026-06-30,VV-VITA-202,562,git
2026-07-01,VV-VITA-202,560,git
2026-07-02,VV-VITA-202,560,git
2026-07-03,VV-VITA-202,560,git
2026-07-04,VV-VITA-202,560,git
2026-07-05,VV-VITA-202,560,git
2026-07-06,VV-VITA-202,558,git
2026-07-07,VV-VITA-202,557,git
2026-07-08,VV-VITA-202,578,git
2026-07-09,VV-VITA-202,578,git
2026-07-10,VV-VITA-202,578,git
2026-07-11,VV-VITA-202,578,git
2026-07-12,VV-VITA-202,578,git
2026-07-13,VV-VITA-202,578,git
2026-07-14,VV-VITA-202,578,git
2026-07-15,VV-VITA-202,577,git
2026-07-16,VV-VITA-202,577,matrixify
2026-06-04,VV-VITA-203,0,git
2026-06-05,VV-VITA-203,-10,git
2026-06-06,VV-VITA-203,-10,git
2026-06-07,VV-VITA-203,-10,git
2026-06-08,VV-VITA-203,-10,git
2026-06-09,VV-VITA-203,-10,git
2026-06-10,VV-VITA-203,-10,git
2026-06-11,VV-VITA-203,-10,git
2026-06-12,VV-VITA-203,-10,git
2026-06-13,VV-VITA-203,-10,git
2026-06-14,VV-VITA-203,-10,git
2026-06-15,VV-VITA-203,-10,git
2026-06-16,VV-VITA-203,-10,git
2026-06-17,VV-VITA-203,-10,git
2026-06-18,VV-VITA-203,-10,git
2026-06-19,VV-VITA-203,3581,git
2026-06-20,VV-VITA-203,2078,git
2026-06-21,VV-VITA-203,2077,git
2026-06-22,VV-VITA-203,267,git
2026-06-23,VV-VITA-203,258,git
2026-06-24,VV-VITA-203,12,git
2026-06-25,VV-VITA-203,12,git
2026-06-26,VV-VITA-203,10,git
2026-06-27,VV-VITA-203,-14,git
2026-06-28,VV-VITA-203,-14,git
2026-06-29,VV-VITA-203,-14,git
2026-06-30,VV-VITA-203,-12,git
2026-07-01,VV-VITA-203,-12,git
2026-07-02,VV-VITA-203,-12,git
2026-07-03,VV-VITA-203,-12,git
2026-07-04,VV-VITA-203,-12,git
2026-07-05,VV-VITA-203,-12,git
2026-07-06,VV-VITA-203,228,git
2026-07-07,VV-VITA-203,227,git
2026-07-08,VV-VITA-203,227,git
2026-07-09,VV-VITA-203,226,git
2026-07-10,VV-VITA-203,226,git
2026-07-11,VV-VITA-203,224,git
2026-07-12,VV-VITA-203,223,git
2026-07-13,VV-VITA-203,221,git
2026-07-14,VV-VITA-203,219,git
2026-07-15,VV-VITA-203,216,git
2026-07-16,VV-VITA-203,215,matrixify
2026-06-04,VV-VITA-204,86,git
2026-06-05,VV-VITA-204,-2,git
2026-06-06,VV-VITA-204,-2,git
2026-06-07,VV-VITA-204,-2,git
2026-06-08,VV-VITA-204,-2,git
2026-06-09,VV-VITA-204,-3,git
2026-06-10,VV-VITA-204,-3,git
2026-06-11,VV-VITA-204,-3,git
2026-06-12,VV-VITA-204,-3,git
2026-06-13,VV-VITA-204,-3,git
2026-06-14,VV-VITA-204,-3,git
2026-06-15,VV-VITA-204,-3,git
2026-06-16,VV-VITA-204,81,git
2026-06-17,VV-VITA-204,81,git
2026-06-18,VV-VITA-204,81,git
2026-06-19,VV-VITA-204,80,git
2026-06-20,VV-VITA-204,79,git
2026-06-21,VV-VITA-204,79,git
2026-06-22,VV-VITA-204,78,git
2026-06-23,VV-VITA-204,78,git
2026-06-24,VV-VITA-204,77,git
2026-06-25,VV-VITA-204,77,git
2026-06-26,VV-VITA-204,77,git
2026-06-27,VV-VITA-204,76,git
2026-06-28,VV-VITA-204,76,git
2026-06-29,VV-VITA-204,75,git
2026-06-30,VV-VITA-204,74,git
2026-07-01,VV-VITA-204,73,git
2026-07-02,VV-VITA-204,70,git
2026-07-03,VV-VITA-204,70,git
2026-07-04,VV-VITA-204,66,git
2026-07-05,VV-VITA-204,65,git
2026-07-06,VV-VITA-204,65,git
2026-07-07,VV-VITA-204,64,git
2026-07-08,VV-VITA-204,64,git
2026-07-09,VV-VITA-204,63,git
2026-07-10,VV-VITA-204,62,git
2026-07-11,VV-VITA-204,59,git
2026-07-12,VV-VITA-204,59,git
2026-07-13,VV-VITA-204,58,git
2026-07-14,VV-VITA-204,53,git
2026-07-15,VV-VITA-204,49,git
2026-07-16,VV-VITA-204,46,matrixify
2026-06-04,VV-VITA-206,311,git
2026-06-05,VV-VITA-206,311,git
2026-06-06,VV-VITA-206,310,git
2026-06-07,VV-VITA-206,309,git
2026-06-08,VV-VITA-206,309,git
2026-06-09,VV-VITA-206,307,git
2026-06-10,VV-VITA-206,306,git
2026-06-11,VV-VITA-206,306,git
2026-06-12,VV-VITA-206,306,git
2026-06-13,VV-VITA-206,306,git
2026-06-14,VV-VITA-206,306,git
2026-06-15,VV-VITA-206,306,git
2026-06-16,VV-VITA-206,2046,git
2026-06-17,VV-VITA-206,2045,git
2026-06-18,VV-VITA-206,2041,git
2026-06-19,VV-VITA-206,2041,git
2026-06-20,VV-VITA-206,2041,git
2026-06-21,VV-VITA-206,2039,git
2026-06-22,VV-VITA-206,1738,git
2026-06-23,VV-VITA-206,1737,git
2026-06-24,VV-VITA-206,1737,git
2026-06-25,VV-VITA-206,1737,git
2026-06-26,VV-VITA-206,1737,git
2026-06-27,VV-VITA-206,1721,git
2026-06-28,VV-VITA-206,1721,git
2026-06-29,VV-VITA-206,1721,git
2026-06-30,VV-VITA-206,1721,git
2026-07-01,VV-VITA-206,1721,git
2026-07-02,VV-VITA-206,1721,git
2026-07-03,VV-VITA-206,1721,git
2026-07-04,VV-VITA-206,1716,git
2026-07-05,VV-VITA-206,1714,git
2026-07-06,VV-VITA-206,1710,git
2026-07-07,VV-VITA-206,1709,git
2026-07-08,VV-VITA-206,1709,git
2026-07-09,VV-VITA-206,1704,git
2026-07-10,VV-VITA-206,1694,git
2026-07-11,VV-VITA-206,1689,git
2026-07-12,VV-VITA-206,1689,git
2026-07-13,VV-VITA-206,1689,git
2026-07-14,VV-VITA-206,1698,git
2026-07-15,VV-VITA-206,1698,git
2026-07-16,VV-VITA-206,1696,matrixify
2026-06-04,VV-VITA-207,2597,git
2026-06-05,VV-VITA-207,2597,git
2026-06-06,VV-VITA-207,2597,git
2026-06-07,VV-VITA-207,2236,git
2026-06-08,VV-VITA-207,2236,git
2026-06-09,VV-VITA-207,2235,git
2026-06-10,VV-VITA-207,2235,git
2026-06-11,VV-VITA-207,2234,git
2026-06-12,VV-VITA-207,2234,git
2026-06-13,VV-VITA-207,2233,git
2026-06-14,VV-VITA-207,2233,git
2026-06-15,VV-VITA-207,2233,git
2026-06-16,VV-VITA-207,2533,git
2026-06-17,VV-VITA-207,2533,git
2026-06-18,VV-VITA-207,2533,git
2026-06-19,VV-VITA-207,2533,git
2026-06-20,VV-VITA-207,2533,git
2026-06-21,VV-VITA-207,2113,git
2026-06-22,VV-VITA-207,2113,git
2026-06-23,VV-VITA-207,2113,git
2026-06-24,VV-VITA-207,2111,git
2026-06-25,VV-VITA-207,2109,git
2026-06-26,VV-VITA-207,2104,git
2026-06-27,VV-VITA-207,291,git
2026-06-28,VV-VITA-207,291,git
2026-06-29,VV-VITA-207,291,git
2026-06-30,VV-VITA-207,288,git
2026-07-01,VV-VITA-207,288,git
2026-07-02,VV-VITA-207,288,git
2026-07-03,VV-VITA-207,288,git
2026-07-04,VV-VITA-207,283,git
2026-07-05,VV-VITA-207,283,git
2026-07-06,VV-VITA-207,2023,git
2026-07-07,VV-VITA-207,2019,git
2026-07-08,VV-VITA-207,2019,git
2026-07-09,VV-VITA-207,2018,git
2026-07-10,VV-VITA-207,2017,git
2026-07-11,VV-VITA-207,2010,git
2026-07-12,VV-VITA-207,2010,git
2026-07-13,VV-VITA-207,2009,git
2026-07-14,VV-VITA-207,2009,git
2026-07-15,VV-VITA-207,2007,git
2026-07-16,VV-VITA-207,2004,matrixify
2026-06-04,VV-VITA-208,940,git
2026-06-05,VV-VITA-208,936,git
2026-06-06,VV-VITA-208,935,git
2026-06-07,VV-VITA-208,93,git
2026-06-08,VV-VITA-208,92,git
2026-06-09,VV-VITA-208,77,git
2026-06-10,VV-VITA-208,75,git
2026-06-11,VV-VITA-208,73,git
2026-06-12,VV-VITA-208,73,git
2026-06-13,VV-VITA-208,72,git
2026-06-14,VV-VITA-208,71,git
2026-06-15,VV-VITA-208,67,git
2026-06-16,VV-VITA-208,365,git
2026-06-17,VV-VITA-208,359,git
2026-06-18,VV-VITA-208,117,git
2026-06-19,VV-VITA-208,107,git
2026-06-20,VV-VITA-208,107,git
2026-06-21,VV-VITA-208,98,git
2026-06-22,VV-VITA-208,25,git
2026-06-23,VV-VITA-208,21,git
2026-06-24,VV-VITA-208,16,git
2026-06-25,VV-VITA-208,9,git
2026-06-26,VV-VITA-208,5,git
2026-06-27,VV-VITA-208,-6,git
2026-06-28,VV-VITA-208,-6,git
2026-06-29,VV-VITA-208,-6,git
2026-06-30,VV-VITA-208,-6,git
2026-07-01,VV-VITA-208,-6,git
2026-07-02,VV-VITA-208,-6,git
2026-07-03,VV-VITA-208,-6,git
2026-07-04,VV-VITA-208,-6,git
2026-07-05,VV-VITA-208,-6,git
2026-07-06,VV-VITA-208,-6,git
2026-07-07,VV-VITA-208,-6,git
2026-07-08,VV-VITA-208,-6,git
2026-07-09,VV-VITA-208,-6,git
2026-07-10,VV-VITA-208,-6,git
2026-07-11,VV-VITA-208,-6,git
2026-07-12,VV-VITA-208,-6,git
2026-07-13,VV-VITA-208,-6,git
2026-07-14,VV-VITA-208,-6,git
2026-07-15,VV-VITA-208,-6,git
2026-07-16,VV-VITA-208,-6,matrixify
2026-06-04,VV-VITA-215,271,git
2026-06-05,VV-VITA-215,265,git
2026-06-06,VV-VITA-215,265,git
2026-06-07,VV-VITA-215,33,git
2026-06-08,VV-VITA-215,30,git
2026-06-09,VV-VITA-215,29,git
2026-06-10,VV-VITA-215,29,git
2026-06-11,VV-VITA-215,28,git
2026-06-12,VV-VITA-215,28,git
2026-06-13,VV-VITA-215,27,git
2026-06-14,VV-VITA-215,27,git
2026-06-15,VV-VITA-215,27,git
2026-06-16,VV-VITA-215,143,git
2026-06-17,VV-VITA-215,142,git
2026-06-18,VV-VITA-215,142,git
2026-06-19,VV-VITA-215,142,git
2026-06-20,VV-VITA-215,142,git
2026-06-21,VV-VITA-215,140,git
2026-06-22,VV-VITA-215,140,git
2026-06-23,VV-VITA-215,139,git
2026-06-24,VV-VITA-215,139,git
2026-06-25,VV-VITA-215,139,git
2026-06-26,VV-VITA-215,139,git
2026-06-27,VV-VITA-215,114,git
2026-06-28,VV-VITA-215,108,git
2026-06-29,VV-VITA-215,106,git
2026-06-30,VV-VITA-215,106,git
2026-07-01,VV-VITA-215,103,git
2026-07-02,VV-VITA-215,102,git
2026-07-03,VV-VITA-215,100,git
2026-07-04,VV-VITA-215,90,git
2026-07-05,VV-VITA-215,87,git
2026-07-06,VV-VITA-215,83,git
2026-07-07,VV-VITA-215,78,git
2026-07-08,VV-VITA-215,76,git
2026-07-09,VV-VITA-215,72,git
2026-07-10,VV-VITA-215,68,git
2026-07-11,VV-VITA-215,67,git
2026-07-12,VV-VITA-215,63,git
2026-07-13,VV-VITA-215,62,git
2026-07-14,VV-VITA-215,62,git
2026-07-15,VV-VITA-215,57,git
2026-07-16,VV-VITA-215,56,matrixify
2026-06-04,VV-VITA-216,313,git
2026-06-05,VV-VITA-216,308,git
2026-06-06,VV-VITA-216,303,git
2026-06-07,VV-VITA-216,183,git
2026-06-08,VV-VITA-216,181,git
2026-06-09,VV-VITA-216,178,git
2026-06-10,VV-VITA-216,175,git
2026-06-11,VV-VITA-216,174,git
2026-06-12,VV-VITA-216,174,git
2026-06-13,VV-VITA-216,54,git
2026-06-14,VV-VITA-216,46,git
2026-06-15,VV-VITA-216,46,git
2026-06-16,VV-VITA-216,45,git
2026-06-17,VV-VITA-216,44,git
2026-06-18,VV-VITA-216,40,git
2026-06-19,VV-VITA-216,31,git
2026-06-20,VV-VITA-216,27,git
2026-06-21,VV-VITA-216,27,git
2026-06-22,VV-VITA-216,26,git
2026-06-23,VV-VITA-216,24,git
2026-06-24,VV-VITA-216,22,git
2026-06-25,VV-VITA-216,21,git
2026-06-26,VV-VITA-216,21,git
2026-06-27,VV-VITA-216,-10,git
2026-06-28,VV-VITA-216,-10,git
2026-06-29,VV-VITA-216,110,git
2026-06-30,VV-VITA-216,110,git
2026-07-01,VV-VITA-216,110,git
2026-07-02,VV-VITA-216,109,git
2026-07-03,VV-VITA-216,109,git
2026-07-04,VV-VITA-216,108,git
2026-07-05,VV-VITA-216,108,git
2026-07-06,VV-VITA-216,105,git
2026-07-07,VV-VITA-216,105,git
2026-07-08,VV-VITA-216,103,git
2026-07-09,VV-VITA-216,103,git
2026-07-10,VV-VITA-216,102,git
2026-07-11,VV-VITA-216,102,git
2026-07-12,VV-VITA-216,102,git
2026-07-13,VV-VITA-216,100,git
2026-07-14,VV-VITA-216,99,git
2026-07-15,VV-VITA-216,98,git
2026-07-16,VV-VITA-216,97,matrixify
2026-06-04,VV-VITA-222,2532,git
2026-06-05,VV-VITA-222,2529,git
2026-06-06,VV-VITA-222,2527,git
2026-06-07,VV-VITA-222,1747,git
2026-06-08,VV-VITA-222,1745,git
2026-06-09,VV-VITA-222,1745,git
2026-06-10,VV-VITA-222,1745,git
2026-06-11,VV-VITA-222,1743,git
2026-06-12,VV-VITA-222,1723,git
2026-06-13,VV-VITA-222,1718,git
2026-06-14,VV-VITA-222,1717,git
2026-06-15,VV-VITA-222,1714,git
2026-06-16,VV-VITA-222,2490,git
2026-06-17,VV-VITA-222,2487,git
2026-06-18,VV-VITA-222,2484,git
2026-06-19,VV-VITA-222,2478,git
2026-06-20,VV-VITA-222,1334,git
2026-06-21,VV-VITA-222,1332,git
2026-06-22,VV-VITA-222,1025,git
2026-06-23,VV-VITA-222,1024,git
2026-06-24,VV-VITA-222,1023,git
2026-06-25,VV-VITA-222,1023,git
2026-06-26,VV-VITA-222,994,git
2026-06-27,VV-VITA-222,715,git
2026-06-28,VV-VITA-222,714,git
2026-06-29,VV-VITA-222,713,git
2026-06-30,VV-VITA-222,713,git
2026-07-01,VV-VITA-222,708,git
2026-07-02,VV-VITA-222,704,git
2026-07-03,VV-VITA-222,704,git
2026-07-04,VV-VITA-222,704,git
2026-07-05,VV-VITA-222,704,git
2026-07-06,VV-VITA-222,701,git
2026-07-07,VV-VITA-222,700,git
2026-07-08,VV-VITA-222,699,git
2026-07-09,VV-VITA-222,693,git
2026-07-10,VV-VITA-222,693,git
2026-07-11,VV-VITA-222,671,git
2026-07-12,VV-VITA-222,670,git
2026-07-13,VV-VITA-222,665,git
2026-07-14,VV-VITA-222,665,git
2026-07-15,VV-VITA-222,664,git
2026-07-16,VV-VITA-222,664,matrixify
2026-06-04,VV-VITA-223,4744,git
2026-06-05,VV-VITA-223,4034,git
2026-06-06,VV-VITA-223,4028,git
2026-06-07,VV-VITA-223,3900,git
2026-06-08,VV-VITA-223,3887,git
2026-06-09,VV-VITA-223,3880,git
2026-06-10,VV-VITA-223,3863,git
2026-06-11,VV-VITA-223,3852,git
2026-06-12,VV-VITA-223,3846,git
2026-06-13,VV-VITA-223,3839,git
2026-06-14,VV-VITA-223,3829,git
2026-06-15,VV-VITA-223,3817,git
2026-06-16,VV-VITA-223,4484,git
2026-06-17,VV-VITA-223,4475,git
2026-06-18,VV-VITA-223,4459,git
2026-06-19,VV-VITA-223,4446,git
2026-06-20,VV-VITA-223,4435,git
2026-06-21,VV-VITA-223,4403,git
2026-06-22,VV-VITA-223,4038,git
2026-06-23,VV-VITA-223,4013,git
2026-06-24,VV-VITA-223,3996,git
2026-06-25,VV-VITA-223,3971,git
2026-06-26,VV-VITA-223,3960,git
2026-06-27,VV-VITA-223,519,git
2026-06-28,VV-VITA-223,518,git
2026-06-29,VV-VITA-223,499,git
2026-06-30,VV-VITA-223,489,git
2026-07-01,VV-VITA-223,485,git
2026-07-02,VV-VITA-223,463,git
2026-07-03,VV-VITA-223,460,git
2026-07-04,VV-VITA-223,448,git
2026-07-05,VV-VITA-223,443,git
2026-07-06,VV-VITA-223,424,git
2026-07-07,VV-VITA-223,415,git
2026-07-08,VV-VITA-223,407,git
2026-07-09,VV-VITA-223,398,git
2026-07-10,VV-VITA-223,393,git
2026-07-11,VV-VITA-223,386,git
2026-07-12,VV-VITA-223,373,git
2026-07-13,VV-VITA-223,357,git
2026-07-14,VV-VITA-223,339,git
2026-07-15,VV-VITA-223,335,git
2026-07-16,VV-VITA-223,313,matrixify
2026-06-04,VV-VITA-224,25,git
2026-06-05,VV-VITA-224,23,git
2026-06-06,VV-VITA-224,21,git
2026-06-07,VV-VITA-224,16,git
2026-06-08,VV-VITA-224,11,git
2026-06-09,VV-VITA-224,9,git
2026-06-10,VV-VITA-224,4,git
2026-06-11,VV-VITA-224,0,git
2026-06-12,VV-VITA-224,0,git
2026-06-13,VV-VITA-224,0,git
2026-06-14,VV-VITA-224,0,git
2026-06-15,VV-VITA-224,0,git
2026-06-16,VV-VITA-224,0,git
2026-06-17,VV-VITA-224,0,git
2026-06-18,VV-VITA-224,0,git
2026-06-19,VV-VITA-224,0,git
2026-06-20,VV-VITA-224,0,git
2026-06-21,VV-VITA-224,0,git
2026-06-22,VV-VITA-224,0,git
2026-06-23,VV-VITA-224,0,git
2026-06-24,VV-VITA-224,0,git
2026-06-25,VV-VITA-224,0,git
2026-06-26,VV-VITA-224,0,git
2026-06-27,VV-VITA-224,-5,git
2026-06-28,VV-VITA-224,-5,git
2026-06-29,VV-VITA-224,-5,git
2026-06-30,VV-VITA-224,-5,git
2026-07-01,VV-VITA-224,-5,git
2026-07-02,VV-VITA-224,-5,git
2026-07-03,VV-VITA-224,-5,git
2026-07-04,VV-VITA-224,-5,git
2026-07-05,VV-VITA-224,-5,git
2026-07-06,VV-VITA-224,-5,git
2026-07-07,VV-VITA-224,-5,git
2026-07-08,VV-VITA-224,-5,git
2026-07-09,VV-VITA-224,-5,git
2026-07-10,VV-VITA-224,-5,git
2026-07-11,VV-VITA-224,-5,git
2026-07-12,VV-VITA-224,-5,git
2026-07-13,VV-VITA-224,-5,git
2026-07-14,VV-VITA-224,-5,git
2026-07-15,VV-VITA-224,-5,git
2026-07-16,VV-VITA-224,-5,matrixify
2026-06-04,VV-VITA-225,368,git
2026-06-05,VV-VITA-225,368,git
2026-06-06,VV-VITA-225,368,git
2026-06-07,VV-VITA-225,368,git
2026-06-08,VV-VITA-225,368,git
2026-06-09,VV-VITA-225,367,git
2026-06-10,VV-VITA-225,368,git
2026-06-11,VV-VITA-225,368,git
2026-06-12,VV-VITA-225,344,git
2026-06-13,VV-VITA-225,344,git
2026-06-14,VV-VITA-225,342,git
2026-06-15,VV-VITA-225,342,git
2026-06-16,VV-VITA-225,1781,git
2026-06-17,VV-VITA-225,1781,git
2026-06-18,VV-VITA-225,1781,git
2026-06-19,VV-VITA-225,1777,git
2026-06-20,VV-VITA-225,1777,git
2026-06-21,VV-VITA-225,1777,git
2026-06-22,VV-VITA-225,1777,git
2026-06-23,VV-VITA-225,1777,git
2026-06-24,VV-VITA-225,1777,git
2026-06-25,VV-VITA-225,1777,git
2026-06-26,VV-VITA-225,1753,git
2026-06-27,VV-VITA-225,1405,git
2026-06-28,VV-VITA-225,1405,git
2026-06-29,VV-VITA-225,1405,git
2026-06-30,VV-VITA-225,1405,git
2026-07-01,VV-VITA-225,1402,git
2026-07-02,VV-VITA-225,1402,git
2026-07-03,VV-VITA-225,1402,git
2026-07-04,VV-VITA-225,1402,git
2026-07-05,VV-VITA-225,1402,git
2026-07-06,VV-VITA-225,1401,git
2026-07-07,VV-VITA-225,1401,git
2026-07-08,VV-VITA-225,1401,git
2026-07-09,VV-VITA-225,1400,git
2026-07-10,VV-VITA-225,1400,git
2026-07-11,VV-VITA-225,1395,git
2026-07-12,VV-VITA-225,1395,git
2026-07-13,VV-VITA-225,1395,git
2026-07-14,VV-VITA-225,1395,git
2026-07-15,VV-VITA-225,1395,git
2026-07-16,VV-VITA-225,1395,matrixify
2026-06-04,VV-VITA-227,356,git
2026-06-05,VV-VITA-227,160,git
2026-06-06,VV-VITA-227,160,git
2026-06-07,VV-VITA-227,-10,git
2026-06-08,VV-VITA-227,-10,git
2026-06-09,VV-VITA-227,-10,git
2026-06-10,VV-VITA-227,-10,git
2026-06-11,VV-VITA-227,-10,git
2026-06-12,VV-VITA-227,-10,git
2026-06-13,VV-VITA-227,-10,git
2026-06-14,VV-VITA-227,-10,git
2026-06-15,VV-VITA-227,-10,git
2026-06-16,VV-VITA-227,160,git
2026-06-17,VV-VITA-227,159,git
2026-06-18,VV-VITA-227,159,git
2026-06-19,VV-VITA-227,159,git
2026-06-20,VV-VITA-227,159,git
2026-06-21,VV-VITA-227,159,git
2026-06-22,VV-VITA-227,156,git
2026-06-23,VV-VITA-227,156,git
2026-06-24,VV-VITA-227,0,git
2026-06-25,VV-VITA-227,0,git
2026-06-26,VV-VITA-227,0,git
2026-06-27,VV-VITA-227,0,git
2026-06-28,VV-VITA-227,0,git
2026-06-29,VV-VITA-227,0,git
2026-06-30,VV-VITA-227,0,git
2026-07-01,VV-VITA-227,0,git
2026-07-02,VV-VITA-227,0,git
2026-07-03,VV-VITA-227,0,git
2026-07-04,VV-VITA-227,0,git
2026-07-05,VV-VITA-227,0,git
2026-07-06,VV-VITA-227,0,git
2026-07-07,VV-VITA-227,0,git
2026-07-08,VV-VITA-227,0,git
2026-07-09,VV-VITA-227,0,git
2026-07-10,VV-VITA-227,0,git
2026-07-11,VV-VITA-227,0,git
2026-07-12,VV-VITA-227,0,git
2026-07-13,VV-VITA-227,0,git
2026-07-14,VV-VITA-227,0,git
2026-07-15,VV-VITA-227,0,git
2026-07-16,VV-VITA-227,0,matrixify
2026-06-04,VV-VITA-228,1280,git
2026-06-05,VV-VITA-228,1271,git
2026-06-06,VV-VITA-228,1268,git
2026-06-07,VV-VITA-228,1261,git
2026-06-08,VV-VITA-228,1258,git
2026-06-09,VV-VITA-228,1258,git
2026-06-10,VV-VITA-228,1257,git
2026-06-11,VV-VITA-228,1255,git
2026-06-12,VV-VITA-228,1246,git
2026-06-13,VV-VITA-228,1239,git
2026-06-14,VV-VITA-228,1234,git
2026-06-15,VV-VITA-228,1227,git
2026-06-16,VV-VITA-228,4282,git
2026-06-17,VV-VITA-228,4279,git
2026-06-18,VV-VITA-228,4270,git
2026-06-19,VV-VITA-228,4263,git
2026-06-20,VV-VITA-228,4262,git
2026-06-21,VV-VITA-228,4254,git
2026-06-22,VV-VITA-228,4248,git
2026-06-23,VV-VITA-228,4247,git
2026-06-24,VV-VITA-228,4237,git
2026-06-25,VV-VITA-228,4235,git
2026-06-26,VV-VITA-228,4220,git
2026-06-27,VV-VITA-228,3003,git
2026-06-28,VV-VITA-228,2997,git
2026-06-29,VV-VITA-228,2996,git
2026-06-30,VV-VITA-228,2994,git
2026-07-01,VV-VITA-228,2992,git
2026-07-02,VV-VITA-228,2991,git
2026-07-03,VV-VITA-228,2990,git
2026-07-04,VV-VITA-228,2990,git
2026-07-05,VV-VITA-228,2989,git
2026-07-06,VV-VITA-228,2984,git
2026-07-07,VV-VITA-228,2982,git
2026-07-08,VV-VITA-228,2983,git
2026-07-09,VV-VITA-228,2980,git
2026-07-10,VV-VITA-228,2975,git
2026-07-11,VV-VITA-228,2963,git
2026-07-12,VV-VITA-228,2962,git
2026-07-13,VV-VITA-228,2959,git
2026-07-14,VV-VITA-228,2957,git
2026-07-15,VV-VITA-228,2954,git
2026-07-16,VV-VITA-228,2951,matrixify
2026-06-04,VV-VITA-230,0,git
2026-06-05,VV-VITA-230,0,git
2026-06-06,VV-VITA-230,0,git
2026-06-07,VV-VITA-230,0,git
2026-06-08,VV-VITA-230,0,git
2026-06-09,VV-VITA-230,0,git
2026-06-10,VV-VITA-230,0,git
2026-06-11,VV-VITA-230,0,git
2026-06-12,VV-VITA-230,0,git
2026-06-13,VV-VITA-230,0,git
2026-06-14,VV-VITA-230,0,git
2026-06-15,VV-VITA-230,0,git
2026-06-16,VV-VITA-230,0,git
2026-06-17,VV-VITA-230,0,git
2026-06-18,VV-VITA-230,0,git
2026-06-19,VV-VITA-230,0,git
2026-06-20,VV-VITA-230,0,git
2026-06-21,VV-VITA-230,0,git
2026-06-22,VV-VITA-230,0,git
2026-06-23,VV-VITA-230,0,git
2026-06-24,VV-VITA-230,0,git
2026-06-25,VV-VITA-230,0,git
2026-06-26,VV-VITA-230,-1,git
2026-06-27,VV-VITA-230,-1,git
2026-06-28,VV-VITA-230,-1,git
2026-06-29,VV-VITA-230,-1,git
2026-06-30,VV-VITA-230,-1,git
2026-07-01,VV-VITA-230,0,git
2026-07-02,VV-VITA-230,0,git
2026-07-03,VV-VITA-230,0,git
2026-07-04,VV-VITA-230,0,git
2026-07-05,VV-VITA-230,0,git
2026-07-06,VV-VITA-230,0,git
2026-07-07,VV-VITA-230,0,git
2026-07-08,VV-VITA-230,-1,git
2026-07-09,VV-VITA-230,0,git
2026-07-10,VV-VITA-230,0,git
2026-07-11,VV-VITA-230,0,git
2026-07-12,VV-VITA-230,0,git
2026-07-13,VV-VITA-230,0,git
2026-07-14,VV-VITA-230,0,git
2026-07-15,VV-VITA-230,0,git
2026-07-16,VV-VITA-230,0,matrixify
2026-06-04,VV-VITA-231,1092,git
2026-06-05,VV-VITA-231,1086,git
2026-06-06,VV-VITA-231,1083,git
2026-06-07,VV-VITA-231,901,git
2026-06-08,VV-VITA-231,889,git
2026-06-09,VV-VITA-231,876,git
2026-06-10,VV-VITA-231,879,git
2026-06-11,VV-VITA-231,876,git
2026-06-12,VV-VITA-231,848,git
2026-06-13,VV-VITA-231,843,git
2026-06-14,VV-VITA-231,836,git
2026-06-15,VV-VITA-231,832,git
2026-06-16,VV-VITA-231,8014,git
2026-06-17,VV-VITA-231,8002,git
2026-06-18,VV-VITA-231,7996,git
2026-06-19,VV-VITA-231,7972,git
2026-06-20,VV-VITA-231,7960,git
2026-06-21,VV-VITA-231,7955,git
2026-06-22,VV-VITA-231,7163,git
2026-06-23,VV-VITA-231,7147,git
2026-06-24,VV-VITA-231,6405,git
2026-06-25,VV-VITA-231,6376,git
2026-06-26,VV-VITA-231,6348,git
2026-06-27,VV-VITA-231,6295,git
2026-06-28,VV-VITA-231,6290,git
2026-06-29,VV-VITA-231,6280,git
2026-06-30,VV-VITA-231,6274,git
2026-07-01,VV-VITA-231,6270,git
2026-07-02,VV-VITA-231,6268,git
2026-07-03,VV-VITA-231,6259,git
2026-07-04,VV-VITA-231,6254,git
2026-07-05,VV-VITA-231,6243,git
2026-07-06,VV-VITA-231,5455,git
2026-07-07,VV-VITA-231,5446,git
2026-07-08,VV-VITA-231,5436,git
2026-07-09,VV-VITA-231,5425,git
2026-07-10,VV-VITA-231,5423,git
2026-07-11,VV-VITA-231,5380,git
2026-07-12,VV-VITA-231,5370,git
2026-07-13,VV-VITA-231,5367,git
2026-07-14,VV-VITA-231,5357,git
2026-07-15,VV-VITA-231,5352,git
2026-07-16,VV-VITA-231,5337,matrixify
2026-06-04,VV-VITA-236,0,git
2026-06-05,VV-VITA-236,0,git
2026-06-06,VV-VITA-236,0,git
2026-06-07,VV-VITA-236,0,git
2026-06-08,VV-VITA-236,0,git
2026-06-09,VV-VITA-236,0,git
2026-06-10,VV-VITA-236,0,git
2026-06-11,VV-VITA-236,0,git
2026-06-12,VV-VITA-236,0,git
2026-06-13,VV-VITA-236,0,git
2026-06-14,VV-VITA-236,0,git
2026-06-15,VV-VITA-236,0,git
2026-06-16,VV-VITA-236,0,git
2026-06-17,VV-VITA-236,0,git
2026-06-18,VV-VITA-236,0,git
2026-06-19,VV-VITA-236,0,git
2026-06-20,VV-VITA-236,0,git
2026-06-21,VV-VITA-236,0,git
2026-06-22,VV-VITA-236,0,git
2026-06-23,VV-VITA-236,0,git
2026-06-24,VV-VITA-236,0,git
2026-06-25,VV-VITA-236,0,git
2026-06-26,VV-VITA-236,0,git
2026-06-27,VV-VITA-236,0,git
2026-06-28,VV-VITA-236,0,git
2026-06-29,VV-VITA-236,0,git
2026-06-30,VV-VITA-236,0,git
2026-07-01,VV-VITA-236,0,git
2026-07-02,VV-VITA-236,0,git
2026-07-03,VV-VITA-236,0,git
2026-07-04,VV-VITA-236,0,git
2026-07-05,VV-VITA-236,0,git
2026-07-06,VV-VITA-236,0,git
2026-07-07,VV-VITA-236,0,git
2026-07-08,VV-VITA-236,0,git
2026-07-09,VV-VITA-236,0,git
2026-07-10,VV-VITA-236,0,git
2026-07-11,VV-VITA-236,0,git
2026-07-12,VV-VITA-236,0,git
2026-07-13,VV-VITA-236,0,git
2026-07-14,VV-VITA-236,0,git
2026-07-15,VV-VITA-236,0,git
2026-07-16,VV-VITA-236,0,matrixify
2026-06-04,VV-VITA-237,266,git
2026-06-05,VV-VITA-237,266,git
2026-06-06,VV-VITA-237,266,git
2026-06-07,VV-VITA-237,94,git
2026-06-08,VV-VITA-237,92,git
2026-06-09,VV-VITA-237,92,git
2026-06-10,VV-VITA-237,88,git
2026-06-11,VV-VITA-237,88,git
2026-06-12,VV-VITA-237,85,git
2026-06-13,VV-VITA-237,83,git
2026-06-14,VV-VITA-237,79,git
2026-06-15,VV-VITA-237,77,git
2026-06-16,VV-VITA-237,1597,git
2026-06-17,VV-VITA-237,1595,git
2026-06-18,VV-VITA-237,1586,git
2026-06-19,VV-VITA-237,1581,git
2026-06-20,VV-VITA-237,1581,git
2026-06-21,VV-VITA-237,1578,git
2026-06-22,VV-VITA-237,1576,git
2026-06-23,VV-VITA-237,1571,git
2026-06-24,VV-VITA-237,294,git
2026-06-25,VV-VITA-237,287,git
2026-06-26,VV-VITA-237,283,git
2026-06-27,VV-VITA-237,189,git
2026-06-28,VV-VITA-237,186,git
2026-06-29,VV-VITA-237,185,git
2026-06-30,VV-VITA-237,185,git
2026-07-01,VV-VITA-237,181,git
2026-07-02,VV-VITA-237,175,git
2026-07-03,VV-VITA-237,168,git
2026-07-04,VV-VITA-237,157,git
2026-07-05,VV-VITA-237,156,git
2026-07-06,VV-VITA-237,150,git
2026-07-07,VV-VITA-237,148,git
2026-07-08,VV-VITA-237,144,git
2026-07-09,VV-VITA-237,143,git
2026-07-10,VV-VITA-237,140,git
2026-07-11,VV-VITA-237,140,git
2026-07-12,VV-VITA-237,140,git
2026-07-13,VV-VITA-237,137,git
2026-07-14,VV-VITA-237,131,git
2026-07-15,VV-VITA-237,128,git
2026-07-16,VV-VITA-237,126,matrixify
2026-06-04,VV-VITA-243,4173,git
2026-06-05,VV-VITA-243,4153,git
2026-06-06,VV-VITA-243,4150,git
2026-06-07,VV-VITA-243,4143,git
2026-06-08,VV-VITA-243,4139,git
2026-06-09,VV-VITA-243,4132,git
2026-06-10,VV-VITA-243,4121,git
2026-06-11,VV-VITA-243,4118,git
2026-06-12,VV-VITA-243,4112,git
2026-06-13,VV-VITA-243,4106,git
2026-06-14,VV-VITA-243,4100,git
2026-06-15,VV-VITA-243,4097,git
2026-06-16,VV-VITA-243,12715,git
2026-06-17,VV-VITA-243,12709,git
2026-06-18,VV-VITA-243,12709,git
2026-06-19,VV-VITA-243,12702,git
2026-06-20,VV-VITA-243,12701,git
2026-06-21,VV-VITA-243,12700,git
2026-06-22,VV-VITA-243,11487,git
2026-06-23,VV-VITA-243,11479,git
2026-06-24,VV-VITA-243,11471,git
2026-06-25,VV-VITA-243,11464,git
2026-06-26,VV-VITA-243,11456,git
2026-06-27,VV-VITA-243,8557,git
2026-06-28,VV-VITA-243,8553,git
2026-06-29,VV-VITA-243,8546,git
2026-06-30,VV-VITA-243,8533,git
2026-07-01,VV-VITA-243,8526,git
2026-07-02,VV-VITA-243,8514,git
2026-07-03,VV-VITA-243,8504,git
2026-07-04,VV-VITA-243,8487,git
2026-07-05,VV-VITA-243,8478,git
2026-07-06,VV-VITA-243,8458,git
2026-07-07,VV-VITA-243,8441,git
2026-07-08,VV-VITA-243,8429,git
2026-07-09,VV-VITA-243,8415,git
2026-07-10,VV-VITA-243,8401,git
2026-07-11,VV-VITA-243,8384,git
2026-07-12,VV-VITA-243,8377,git
2026-07-13,VV-VITA-243,8349,git
2026-07-14,VV-VITA-243,8347,git
2026-07-15,VV-VITA-243,8340,git
2026-07-16,VV-VITA-243,8336,matrixify
2026-06-04,VV-VITA-247,269,git
2026-06-05,VV-VITA-247,269,git
2026-06-06,VV-VITA-247,267,git
2026-06-07,VV-VITA-247,267,git
2026-06-08,VV-VITA-247,267,git
2026-06-09,VV-VITA-247,266,git
2026-06-10,VV-VITA-247,262,git
2026-06-11,VV-VITA-247,258,git
2026-06-12,VV-VITA-247,254,git
2026-06-13,VV-VITA-247,254,git
2026-06-14,VV-VITA-247,252,git
2026-06-15,VV-VITA-247,252,git
2026-06-16,VV-VITA-247,393,git
2026-06-17,VV-VITA-247,392,git
2026-06-18,VV-VITA-247,389,git
2026-06-19,VV-VITA-247,389,git
2026-06-20,VV-VITA-247,389,git
2026-06-21,VV-VITA-247,388,git
2026-06-22,VV-VITA-247,244,git
2026-06-23,VV-VITA-247,243,git
2026-06-24,VV-VITA-247,241,git
2026-06-25,VV-VITA-247,239,git
2026-06-26,VV-VITA-247,239,git
2026-06-27,VV-VITA-247,118,git
2026-06-28,VV-VITA-247,114,git
2026-06-29,VV-VITA-247,110,git
2026-06-30,VV-VITA-247,107,git
2026-07-01,VV-VITA-247,107,git
2026-07-02,VV-VITA-247,105,git
2026-07-03,VV-VITA-247,104,git
2026-07-04,VV-VITA-247,102,git
2026-07-05,VV-VITA-247,102,git
2026-07-06,VV-VITA-247,101,git
2026-07-07,VV-VITA-247,99,git
2026-07-08,VV-VITA-247,95,git
2026-07-09,VV-VITA-247,93,git
2026-07-10,VV-VITA-247,89,git
2026-07-11,VV-VITA-247,88,git
2026-07-12,VV-VITA-247,88,git
2026-07-13,VV-VITA-247,88,git
2026-07-14,VV-VITA-247,88,git
2026-07-15,VV-VITA-247,83,git
2026-07-16,VV-VITA-247,82,matrixify
2026-06-04,VV-VITA-248,5180,git
2026-06-05,VV-VITA-248,5176,git
2026-06-06,VV-VITA-248,5176,git
2026-06-07,VV-VITA-248,5175,git
2026-06-08,VV-VITA-248,5175,git
2026-06-09,VV-VITA-248,5169,git
2026-06-10,VV-VITA-248,5168,git
2026-06-11,VV-VITA-248,5168,git
2026-06-12,VV-VITA-248,5169,git
2026-06-13,VV-VITA-248,5169,git
2026-06-14,VV-VITA-248,2767,git
2026-06-15,VV-VITA-248,2766,git
2026-06-16,VV-VITA-248,7558,git
2026-06-17,VV-VITA-248,7551,git
2026-06-18,VV-VITA-248,7550,git
2026-06-19,VV-VITA-248,7549,git
2026-06-20,VV-VITA-248,7549,git
2026-06-21,VV-VITA-248,7547,git
2026-06-22,VV-VITA-248,6743,git
2026-06-23,VV-VITA-248,6739,git
2026-06-24,VV-VITA-248,6735,git
2026-06-25,VV-VITA-248,6731,git
2026-06-26,VV-VITA-248,6729,git
2026-06-27,VV-VITA-248,4755,git
2026-06-28,VV-VITA-248,4753,git
2026-06-29,VV-VITA-248,7153,git
2026-06-30,VV-VITA-248,7153,git
2026-07-01,VV-VITA-248,7151,git
2026-07-02,VV-VITA-248,7151,git
2026-07-03,VV-VITA-248,7145,git
2026-07-04,VV-VITA-248,7145,git
2026-07-05,VV-VITA-248,7145,git
2026-07-06,VV-VITA-248,8985,git
2026-07-07,VV-VITA-248,8984,git
2026-07-08,VV-VITA-248,8984,git
2026-07-09,VV-VITA-248,8983,git
2026-07-10,VV-VITA-248,8983,git
2026-07-11,VV-VITA-248,8982,git
2026-07-12,VV-VITA-248,8980,git
2026-07-13,VV-VITA-248,8977,git
2026-07-14,VV-VITA-248,8975,git
2026-07-15,VV-VITA-248,8971,git
2026-07-16,VV-VITA-248,8968,matrixify
2026-06-04,VV-VITA-249,854,git
2026-06-05,VV-VITA-249,851,git
2026-06-06,VV-VITA-249,851,git
2026-06-07,VV-VITA-249,850,git
2026-06-08,VV-VITA-249,848,git
2026-06-09,VV-VITA-249,845,git
2026-06-10,VV-VITA-249,844,git
2026-06-11,VV-VITA-249,844,git
2026-06-12,VV-VITA-249,826,git
2026-06-13,VV-VITA-249,825,git
2026-06-14,VV-VITA-249,360,git
2026-06-15,VV-VITA-249,358,git
2026-06-16,VV-VITA-249,1738,git
2026-06-17,VV-VITA-249,1738,git
2026-06-18,VV-VITA-249,1737,git
2026-06-19,VV-VITA-249,1737,git
2026-06-20,VV-VITA-249,1734,git
2026-06-21,VV-VITA-249,1734,git
2026-06-22,VV-VITA-249,1381,git
2026-06-23,VV-VITA-249,1379,git
2026-06-24,VV-VITA-249,1378,git
2026-06-25,VV-VITA-249,1378,git
2026-06-26,VV-VITA-249,1363,git
2026-06-27,VV-VITA-249,1345,git
2026-06-28,VV-VITA-249,1343,git
2026-06-29,VV-VITA-249,1340,git
2026-06-30,VV-VITA-249,1340,git
2026-07-01,VV-VITA-249,1337,git
2026-07-02,VV-VITA-249,1336,git
2026-07-03,VV-VITA-249,1334,git
2026-07-04,VV-VITA-249,1334,git
2026-07-05,VV-VITA-249,1332,git
2026-07-06,VV-VITA-249,1332,git
2026-07-07,VV-VITA-249,1331,git
2026-07-08,VV-VITA-249,1330,git
2026-07-09,VV-VITA-249,1329,git
2026-07-10,VV-VITA-249,1328,git
2026-07-11,VV-VITA-249,1316,git
2026-07-12,VV-VITA-249,1315,git
2026-07-13,VV-VITA-249,1313,git
2026-07-14,VV-VITA-249,1308,git
2026-07-15,VV-VITA-249,1306,git
2026-07-16,VV-VITA-249,1303,matrixify
2026-06-04,VV-VITA-250,1222,git
2026-06-05,VV-VITA-250,737,git
2026-06-06,VV-VITA-250,737,git
2026-06-07,VV-VITA-250,544,git
2026-06-08,VV-VITA-250,543,git
2026-06-09,VV-VITA-250,543,git
2026-06-10,VV-VITA-250,543,git
2026-06-11,VV-VITA-250,543,git
2026-06-12,VV-VITA-250,540,git
2026-06-13,VV-VITA-250,540,git
2026-06-14,VV-VITA-250,539,git
2026-06-15,VV-VITA-250,539,git
2026-06-16,VV-VITA-250,3414,git
2026-06-17,VV-VITA-250,3414,git
2026-06-18,VV-VITA-250,3414,git
2026-06-19,VV-VITA-250,3412,git
2026-06-20,VV-VITA-250,3412,git
2026-06-21,VV-VITA-250,3411,git
2026-06-22,VV-VITA-250,2880,git
2026-06-23,VV-VITA-250,2880,git
2026-06-24,VV-VITA-250,2736,git
2026-06-25,VV-VITA-250,2736,git
2026-06-26,VV-VITA-250,2736,git
2026-06-27,VV-VITA-250,2716,git
2026-06-28,VV-VITA-250,2716,git
2026-06-29,VV-VITA-250,2713,git
2026-06-30,VV-VITA-250,2713,git
2026-07-01,VV-VITA-250,2711,git
2026-07-02,VV-VITA-250,2711,git
2026-07-03,VV-VITA-250,2711,git
2026-07-04,VV-VITA-250,2711,git
2026-07-05,VV-VITA-250,2711,git
2026-07-06,VV-VITA-250,2711,git
2026-07-07,VV-VITA-250,2711,git
2026-07-08,VV-VITA-250,2711,git
2026-07-09,VV-VITA-250,2711,git
2026-07-10,VV-VITA-250,2711,git
2026-07-11,VV-VITA-250,2705,git
2026-07-12,VV-VITA-250,2705,git
2026-07-13,VV-VITA-250,2704,git
2026-07-14,VV-VITA-250,2704,git
2026-07-15,VV-VITA-250,2704,git
2026-07-16,VV-VITA-250,2702,matrixify
2026-06-04,VV-VITA-252,351,git
2026-06-05,VV-VITA-252,351,git
2026-06-06,VV-VITA-252,349,git
2026-06-07,VV-VITA-252,348,git
2026-06-08,VV-VITA-252,348,git
2026-06-09,VV-VITA-252,348,git
2026-06-10,VV-VITA-252,348,git
2026-06-11,VV-VITA-252,348,git
2026-06-12,VV-VITA-252,346,git
2026-06-13,VV-VITA-252,226,git
2026-06-14,VV-VITA-252,226,git
2026-06-15,VV-VITA-252,223,git
2026-06-16,VV-VITA-252,223,git
2026-06-17,VV-VITA-252,223,git
2026-06-18,VV-VITA-252,222,git
2026-06-19,VV-VITA-252,218,git
2026-06-20,VV-VITA-252,218,git
2026-06-21,VV-VITA-252,35,git
2026-06-22,VV-VITA-252,33,git
2026-06-23,VV-VITA-252,32,git
2026-06-24,VV-VITA-252,31,git
2026-06-25,VV-VITA-252,31,git
2026-06-26,VV-VITA-252,29,git
2026-06-27,VV-VITA-252,-10,git
2026-06-28,VV-VITA-252,-10,git
2026-06-29,VV-VITA-252,110,git
2026-06-30,VV-VITA-252,110,git
2026-07-01,VV-VITA-252,110,git
2026-07-02,VV-VITA-252,110,git
2026-07-03,VV-VITA-252,110,git
2026-07-04,VV-VITA-252,110,git
2026-07-05,VV-VITA-252,109,git
2026-07-06,VV-VITA-252,109,git
2026-07-07,VV-VITA-252,108,git
2026-07-08,VV-VITA-252,108,git
2026-07-09,VV-VITA-252,108,git
2026-07-10,VV-VITA-252,108,git
2026-07-11,VV-VITA-252,108,git
2026-07-12,VV-VITA-252,107,git
2026-07-13,VV-VITA-252,107,git
2026-07-14,VV-VITA-252,107,git
2026-07-15,VV-VITA-252,107,git
2026-07-16,VV-VITA-252,106,matrixify
2026-06-04,VV-VITA-256,5447,git
2026-06-05,VV-VITA-256,4543,git
2026-06-06,VV-VITA-256,4539,git
2026-06-07,VV-VITA-256,4177,git
2026-06-08,VV-VITA-256,4172,git
2026-06-09,VV-VITA-256,4164,git
2026-06-10,VV-VITA-256,4164,git
2026-06-11,VV-VITA-256,4164,git
2026-06-12,VV-VITA-256,4159,git
2026-06-13,VV-VITA-256,4158,git
2026-06-14,VV-VITA-256,4156,git
2026-06-15,VV-VITA-256,4156,git
2026-06-16,VV-VITA-256,5951,git
2026-06-17,VV-VITA-256,5950,git
2026-06-18,VV-VITA-256,5946,git
2026-06-19,VV-VITA-256,5945,git
2026-06-20,VV-VITA-256,4925,git
2026-06-21,VV-VITA-256,4921,git
2026-06-22,VV-VITA-256,4497,git
2026-06-23,VV-VITA-256,4495,git
2026-06-24,VV-VITA-256,4494,git
2026-06-25,VV-VITA-256,4490,git
2026-06-26,VV-VITA-256,4488,git
2026-06-27,VV-VITA-256,1762,git
2026-06-28,VV-VITA-256,1762,git
2026-06-29,VV-VITA-256,1762,git
2026-06-30,VV-VITA-256,1762,git
2026-07-01,VV-VITA-256,1762,git
2026-07-02,VV-VITA-256,1761,git
2026-07-03,VV-VITA-256,1757,git
2026-07-04,VV-VITA-256,1754,git
2026-07-05,VV-VITA-256,1750,git
2026-07-06,VV-VITA-256,3904,git
2026-07-07,VV-VITA-256,3902,git
2026-07-08,VV-VITA-256,3902,git
2026-07-09,VV-VITA-256,3892,git
2026-07-10,VV-VITA-256,3891,git
2026-07-11,VV-VITA-256,3891,git
2026-07-12,VV-VITA-256,3886,git
2026-07-13,VV-VITA-256,3878,git
2026-07-14,VV-VITA-256,3871,git
2026-07-15,VV-VITA-256,3865,git
2026-07-16,VV-VITA-256,3865,matrixify
2026-06-04,VV-VITA-257,3041,git
2026-06-05,VV-VITA-257,3038,git
2026-06-06,VV-VITA-257,3038,git
2026-06-07,VV-VITA-257,2735,git
2026-06-08,VV-VITA-257,2731,git
2026-06-09,VV-VITA-257,2728,git
2026-06-10,VV-VITA-257,2722,git
2026-06-11,VV-VITA-257,2718,git
2026-06-12,VV-VITA-257,2717,git
2026-06-13,VV-VITA-257,2710,git
2026-06-14,VV-VITA-257,2708,git
2026-06-15,VV-VITA-257,2704,git
2026-06-16,VV-VITA-257,3417,git
2026-06-17,VV-VITA-257,3416,git
2026-06-18,VV-VITA-257,3411,git
2026-06-19,VV-VITA-257,3404,git
2026-06-20,VV-VITA-257,2380,git
2026-06-21,VV-VITA-257,2380,git
2026-06-22,VV-VITA-257,1894,git
2026-06-23,VV-VITA-257,1894,git
2026-06-24,VV-VITA-257,1892,git
2026-06-25,VV-VITA-257,1891,git
2026-06-26,VV-VITA-257,1891,git
2026-06-27,VV-VITA-257,674,git
2026-06-28,VV-VITA-257,664,git
2026-06-29,VV-VITA-257,663,git
2026-06-30,VV-VITA-257,657,git
2026-07-01,VV-VITA-257,652,git
2026-07-02,VV-VITA-257,652,git
2026-07-03,VV-VITA-257,646,git
2026-07-04,VV-VITA-257,641,git
2026-07-05,VV-VITA-257,640,git
2026-07-06,VV-VITA-257,636,git
2026-07-07,VV-VITA-257,634,git
2026-07-08,VV-VITA-257,633,git
2026-07-09,VV-VITA-257,631,git
2026-07-10,VV-VITA-257,631,git
2026-07-11,VV-VITA-257,630,git
2026-07-12,VV-VITA-257,630,git
2026-07-13,VV-VITA-257,629,git
2026-07-14,VV-VITA-257,627,git
2026-07-15,VV-VITA-257,625,git
2026-07-16,VV-VITA-257,625,matrixify
2026-06-04,VV-VITA-258,320,git
2026-06-05,VV-VITA-258,320,git
2026-06-06,VV-VITA-258,320,git
2026-06-07,VV-VITA-258,320,git
2026-06-08,VV-VITA-258,320,git
2026-06-09,VV-VITA-258,315,git
2026-06-10,VV-VITA-258,315,git
2026-06-11,VV-VITA-258,315,git
2026-06-12,VV-VITA-258,315,git
2026-06-13,VV-VITA-258,314,git
2026-06-14,VV-VITA-258,313,git
2026-06-15,VV-VITA-258,312,git
2026-06-16,VV-VITA-258,431,git
2026-06-17,VV-VITA-258,430,git
2026-06-18,VV-VITA-258,429,git
2026-06-19,VV-VITA-258,429,git
2026-06-20,VV-VITA-258,427,git
2026-06-21,VV-VITA-258,427,git
2026-06-22,VV-VITA-258,126,git
2026-06-23,VV-VITA-258,126,git
2026-06-24,VV-VITA-258,124,git
2026-06-25,VV-VITA-258,124,git
2026-06-26,VV-VITA-258,124,git
2026-06-27,VV-VITA-258,102,git
2026-06-28,VV-VITA-258,102,git
2026-06-29,VV-VITA-258,98,git
2026-06-30,VV-VITA-258,97,git
2026-07-01,VV-VITA-258,97,git
2026-07-02,VV-VITA-258,97,git
2026-07-03,VV-VITA-258,97,git
2026-07-04,VV-VITA-258,89,git
2026-07-05,VV-VITA-258,89,git
2026-07-06,VV-VITA-258,89,git
2026-07-07,VV-VITA-258,87,git
2026-07-08,VV-VITA-258,87,git
2026-07-09,VV-VITA-258,87,git
2026-07-10,VV-VITA-258,87,git
2026-07-11,VV-VITA-258,87,git
2026-07-12,VV-VITA-258,84,git
2026-07-13,VV-VITA-258,80,git
2026-07-14,VV-VITA-258,77,git
2026-07-15,VV-VITA-258,77,git
2026-07-16,VV-VITA-258,77,matrixify
2026-06-04,VV-VITA-259,410,git
2026-06-05,VV-VITA-259,410,git
2026-06-06,VV-VITA-259,410,git
2026-06-07,VV-VITA-259,410,git
2026-06-08,VV-VITA-259,410,git
2026-06-09,VV-VITA-259,410,git
2026-06-10,VV-VITA-259,410,git
2026-06-11,VV-VITA-259,408,git
2026-06-12,VV-VITA-259,408,git
2026-06-13,VV-VITA-259,407,git
2026-06-14,VV-VITA-259,406,git
2026-06-15,VV-VITA-259,406,git
2026-06-16,VV-VITA-259,643,git
2026-06-17,VV-VITA-259,643,git
2026-06-18,VV-VITA-259,640,git
2026-06-19,VV-VITA-259,634,git
2026-06-20,VV-VITA-259,634,git
2026-06-21,VV-VITA-259,274,git
2026-06-22,VV-VITA-259,270,git
2026-06-23,VV-VITA-259,270,git
2026-06-24,VV-VITA-259,210,git
2026-06-25,VV-VITA-259,210,git
2026-06-26,VV-VITA-259,204,git
2026-06-27,VV-VITA-259,147,git
2026-06-28,VV-VITA-259,145,git
2026-06-29,VV-VITA-259,144,git
2026-06-30,VV-VITA-259,142,git
2026-07-01,VV-VITA-259,142,git
2026-07-02,VV-VITA-259,142,git
2026-07-03,VV-VITA-259,142,git
2026-07-04,VV-VITA-259,136,git
2026-07-05,VV-VITA-259,135,git
2026-07-06,VV-VITA-259,135,git
2026-07-07,VV-VITA-259,135,git
2026-07-08,VV-VITA-259,129,git
2026-07-09,VV-VITA-259,128,git
2026-07-10,VV-VITA-259,128,git
2026-07-11,VV-VITA-259,128,git
2026-07-12,VV-VITA-259,126,git
2026-07-13,VV-VITA-259,126,git
2026-07-14,VV-VITA-259,126,git
2026-07-15,VV-VITA-259,126,git
2026-07-16,VV-VITA-259,123,matrixify
2026-06-04,VV-VITA-262,330,git
2026-06-05,VV-VITA-262,330,git
2026-06-06,VV-VITA-262,330,git
2026-06-07,VV-VITA-262,330,git
2026-06-08,VV-VITA-262,330,git
2026-06-09,VV-VITA-262,330,git
2026-06-10,VV-VITA-262,330,git
2026-06-11,VV-VITA-262,330,git
2026-06-12,VV-VITA-262,330,git
2026-06-13,VV-VITA-262,330,git
2026-06-14,VV-VITA-262,330,git
2026-06-15,VV-VITA-262,330,git
2026-06-16,VV-VITA-262,446,git
2026-06-17,VV-VITA-262,446,git
2026-06-18,VV-VITA-262,446,git
2026-06-19,VV-VITA-262,442,git
2026-06-20,VV-VITA-262,456,git
2026-06-21,VV-VITA-262,453,git
2026-06-22,VV-VITA-262,220,git
2026-06-23,VV-VITA-262,206,git
2026-06-24,VV-VITA-262,206,git
2026-06-25,VV-VITA-262,204,git
2026-06-26,VV-VITA-262,204,git
2026-06-27,VV-VITA-262,98,git
2026-06-28,VV-VITA-262,98,git
2026-06-29,VV-VITA-262,98,git
2026-06-30,VV-VITA-262,98,git
2026-07-01,VV-VITA-262,98,git
2026-07-02,VV-VITA-262,98,git
2026-07-03,VV-VITA-262,98,git
2026-07-04,VV-VITA-262,98,git
2026-07-05,VV-VITA-262,98,git
2026-07-06,VV-VITA-262,98,git
2026-07-07,VV-VITA-262,98,git
2026-07-08,VV-VITA-262,98,git
2026-07-09,VV-VITA-262,98,git
2026-07-10,VV-VITA-262,94,git
2026-07-11,VV-VITA-262,89,git
2026-07-12,VV-VITA-262,89,git
2026-07-13,VV-VITA-262,88,git
2026-07-14,VV-VITA-262,88,git
2026-07-15,VV-VITA-262,88,git
2026-07-16,VV-VITA-262,88,matrixify
2026-06-04,VV-VITA-264,808,git
2026-06-05,VV-VITA-264,616,git
2026-06-06,VV-VITA-264,616,git
2026-06-07,VV-VITA-264,615,git
2026-06-08,VV-VITA-264,615,git
2026-06-09,VV-VITA-264,615,git
2026-06-10,VV-VITA-264,615,git
2026-06-11,VV-VITA-264,613,git
2026-06-12,VV-VITA-264,613,git
2026-06-13,VV-VITA-264,612,git
2026-06-14,VV-VITA-264,610,git
2026-06-15,VV-VITA-264,607,git
2026-06-16,VV-VITA-264,798,git
2026-06-17,VV-VITA-264,794,git
2026-06-18,VV-VITA-264,793,git
2026-06-19,VV-VITA-264,793,git
2026-06-20,VV-VITA-264,793,git
2026-06-21,VV-VITA-264,792,git
2026-06-22,VV-VITA-264,648,git
2026-06-23,VV-VITA-264,648,git
2026-06-24,VV-VITA-264,648,git
2026-06-25,VV-VITA-264,648,git
2026-06-26,VV-VITA-264,648,git
2026-06-27,VV-VITA-264,175,git
2026-06-28,VV-VITA-264,175,git
2026-06-29,VV-VITA-264,175,git
2026-06-30,VV-VITA-264,174,git
2026-07-01,VV-VITA-264,168,git
2026-07-02,VV-VITA-264,166,git
2026-07-03,VV-VITA-264,166,git
2026-07-04,VV-VITA-264,165,git
2026-07-05,VV-VITA-264,163,git
2026-07-06,VV-VITA-264,163,git
2026-07-07,VV-VITA-264,163,git
2026-07-08,VV-VITA-264,161,git
2026-07-09,VV-VITA-264,160,git
2026-07-10,VV-VITA-264,160,git
2026-07-11,VV-VITA-264,160,git
2026-07-12,VV-VITA-264,160,git
2026-07-13,VV-VITA-264,160,git
2026-07-14,VV-VITA-264,160,git
2026-07-15,VV-VITA-264,162,git
2026-07-16,VV-VITA-264,162,matrixify
2026-06-13,VV-VITA-265,0,git
2026-06-14,VV-VITA-265,0,git
2026-06-15,VV-VITA-265,0,git
2026-06-16,VV-VITA-265,9,git
2026-06-17,VV-VITA-265,9,git
2026-06-18,VV-VITA-265,9,git
2026-06-19,VV-VITA-265,9,git
2026-06-20,VV-VITA-265,9,git
2026-06-21,VV-VITA-265,9,git
2026-06-22,VV-VITA-265,10,git
2026-06-23,VV-VITA-265,10,git
2026-06-24,VV-VITA-265,10,git
2026-06-25,VV-VITA-265,10,git
2026-06-26,VV-VITA-265,10,git
2026-06-27,VV-VITA-265,0,git
2026-06-28,VV-VITA-265,0,git
2026-06-29,VV-VITA-265,170,git
2026-06-30,VV-VITA-265,170,git
2026-07-01,VV-VITA-265,170,git
2026-07-02,VV-VITA-265,0,git
2026-07-03,VV-VITA-265,0,git
2026-07-04,VV-VITA-265,0,git
2026-07-05,VV-VITA-265,0,git
2026-07-06,VV-VITA-265,0,git
2026-07-07,VV-VITA-265,170,git
2026-07-08,VV-VITA-265,170,git
2026-07-09,VV-VITA-265,170,git
2026-07-10,VV-VITA-265,170,git
2026-07-11,VV-VITA-265,170,git
2026-07-12,VV-VITA-265,170,git
2026-07-13,VV-VITA-265,170,git
2026-07-14,VV-VITA-265,170,git
2026-07-15,VV-VITA-265,170,git
2026-07-16,VV-VITA-265,169,matrixify
2026-06-04,VV-VITA-266,29910,git
2026-06-05,VV-VITA-266,29906,git
2026-06-06,VV-VITA-266,29904,git
2026-06-07,VV-VITA-266,29899,git
2026-06-08,VV-VITA-266,29897,git
2026-06-09,VV-VITA-266,29893,git
2026-06-10,VV-VITA-266,29892,git
2026-06-11,VV-VITA-266,29888,git
2026-06-16,VV-VITA-266,0,git
2026-06-17,VV-VITA-266,0,git
2026-06-18,VV-VITA-266,0,git
2026-06-20,VV-VITA-266,29883,git
2026-06-21,VV-VITA-266,29880,git
2026-06-22,VV-VITA-266,29880,git
2026-06-23,VV-VITA-266,29880,git
2026-06-24,VV-VITA-266,29880,git
2026-06-25,VV-VITA-266,29877,git
2026-06-26,VV-VITA-266,29876,git
2026-06-29,VV-VITA-266,-10,git
2026-06-30,VV-VITA-266,-10,git
2026-07-01,VV-VITA-266,-10,git
2026-07-02,VV-VITA-266,-10,git
2026-07-03,VV-VITA-266,-10,git
2026-07-04,VV-VITA-266,-10,git
2026-07-05,VV-VITA-266,-10,git
2026-07-06,VV-VITA-266,-10,git
2026-07-07,VV-VITA-266,-10,git
2026-07-08,VV-VITA-266,-10,git
2026-07-09,VV-VITA-266,-10,git
2026-07-10,VV-VITA-266,-10,git
2026-07-11,VV-VITA-266,-11,git
2026-07-12,VV-VITA-266,-11,git
2026-07-13,VV-VITA-266,-11,git
2026-07-14,VV-VITA-266,-11,git
2026-07-15,VV-VITA-266,-10,git
2026-07-16,VV-VITA-266,-11,matrixify
2026-06-13,VV-VITA-274,0,git
2026-06-14,VV-VITA-274,0,git
2026-06-15,VV-VITA-274,0,git
2026-06-16,VV-VITA-274,591,git
2026-06-17,VV-VITA-274,591,git
2026-06-18,VV-VITA-274,591,git
2026-06-19,VV-VITA-274,591,git
2026-06-20,VV-VITA-274,591,git
2026-06-21,VV-VITA-274,411,git
2026-06-22,VV-VITA-274,411,git
2026-06-23,VV-VITA-274,411,git
2026-06-24,VV-VITA-274,411,git
2026-06-25,VV-VITA-274,411,git
2026-06-26,VV-VITA-274,411,git
2026-06-27,VV-VITA-274,348,git
2026-06-28,VV-VITA-274,348,git
2026-06-29,VV-VITA-274,348,git
2026-06-30,VV-VITA-274,348,git
2026-07-01,VV-VITA-274,348,git
2026-07-02,VV-VITA-274,0,git
2026-07-03,VV-VITA-274,0,git
2026-07-04,VV-VITA-274,0,git
2026-07-05,VV-VITA-274,0,git
2026-07-06,VV-VITA-274,0,git
2026-07-07,VV-VITA-274,358,git
2026-07-08,VV-VITA-274,358,git
2026-07-09,VV-VITA-274,358,git
2026-07-10,VV-VITA-274,358,git
2026-07-11,VV-VITA-274,358,git
2026-07-12,VV-VITA-274,358,git
2026-07-13,VV-VITA-274,358,git
2026-07-14,VV-VITA-274,346,git
2026-07-15,VV-VITA-274,346,git
2026-07-16,VV-VITA-274,346,matrixify
2026-06-04,VV-VITA-276,1043,git
2026-06-05,VV-VITA-276,503,git
2026-06-06,VV-VITA-276,500,git
2026-06-07,VV-VITA-276,199,git
2026-06-08,VV-VITA-276,192,git
2026-06-09,VV-VITA-276,186,git
2026-06-10,VV-VITA-276,175,git
2026-06-11,VV-VITA-276,171,git
2026-06-12,VV-VITA-276,171,git
2026-06-13,VV-VITA-276,167,git
2026-06-14,VV-VITA-276,40,git
2026-06-15,VV-VITA-276,35,git
2026-06-16,VV-VITA-276,1817,git
2026-06-17,VV-VITA-276,1814,git
2026-06-18,VV-VITA-276,1799,git
2026-06-19,VV-VITA-276,1799,git
2026-06-20,VV-VITA-276,1796,git
2026-06-21,VV-VITA-276,1791,git
2026-06-22,VV-VITA-276,1785,git
2026-06-23,VV-VITA-276,1779,git
2026-06-24,VV-VITA-276,90,git
2026-06-25,VV-VITA-276,83,git
2026-06-26,VV-VITA-276,61,git
2026-06-27,VV-VITA-276,14,git
2026-06-28,VV-VITA-276,8,git
2026-06-29,VV-VITA-276,6,git
2026-06-30,VV-VITA-276,5,git
2026-07-01,VV-VITA-276,0,git
2026-07-02,VV-VITA-276,0,git
2026-07-03,VV-VITA-276,0,git
2026-07-04,VV-VITA-276,0,git
2026-07-05,VV-VITA-276,0,git
2026-07-06,VV-VITA-276,0,git
2026-07-07,VV-VITA-276,-1,git
2026-07-08,VV-VITA-276,-1,git
2026-07-09,VV-VITA-276,-2,git
2026-07-10,VV-VITA-276,-3,git
2026-07-11,VV-VITA-276,-3,git
2026-07-12,VV-VITA-276,-3,git
2026-07-13,VV-VITA-276,-3,git
2026-07-14,VV-VITA-276,-3,git
2026-07-15,VV-VITA-276,-3,git
2026-07-16,VV-VITA-276,-2,matrixify
2026-06-04,VV-VITA-277,593,git
2026-06-05,VV-VITA-277,593,git
2026-06-06,VV-VITA-277,593,git
2026-06-07,VV-VITA-277,592,git
2026-06-08,VV-VITA-277,592,git
2026-06-09,VV-VITA-277,592,git
2026-06-10,VV-VITA-277,592,git
2026-06-11,VV-VITA-277,590,git
2026-06-12,VV-VITA-277,591,git
2026-06-13,VV-VITA-277,591,git
2026-06-14,VV-VITA-277,591,git
2026-06-15,VV-VITA-277,589,git
2026-06-16,VV-VITA-277,1163,git
2026-06-17,VV-VITA-277,1163,git
2026-06-18,VV-VITA-277,1162,git
2026-06-19,VV-VITA-277,1158,git
2026-06-20,VV-VITA-277,1156,git
2026-06-21,VV-VITA-277,1155,git
2026-06-22,VV-VITA-277,723,git
2026-06-23,VV-VITA-277,722,git
2026-06-24,VV-VITA-277,722,git
2026-06-25,VV-VITA-277,722,git
2026-06-26,VV-VITA-277,722,git
2026-06-27,VV-VITA-277,559,git
2026-06-28,VV-VITA-277,558,git
2026-06-29,VV-VITA-277,558,git
2026-06-30,VV-VITA-277,557,git
2026-07-01,VV-VITA-277,557,git
2026-07-02,VV-VITA-277,555,git
2026-07-03,VV-VITA-277,555,git
2026-07-04,VV-VITA-277,554,git
2026-07-05,VV-VITA-277,553,git
2026-07-06,VV-VITA-277,553,git
2026-07-07,VV-VITA-277,549,git
2026-07-08,VV-VITA-277,549,git
2026-07-09,VV-VITA-277,549,git
2026-07-10,VV-VITA-277,549,git
2026-07-11,VV-VITA-277,549,git
2026-07-12,VV-VITA-277,549,git
2026-07-13,VV-VITA-277,549,git
2026-07-14,VV-VITA-277,549,git
2026-07-15,VV-VITA-277,547,git
2026-07-16,VV-VITA-277,538,matrixify
2026-06-04,VV-VITA-284,1678,git
2026-06-05,VV-VITA-284,1676,git
2026-06-06,VV-VITA-284,1676,git
2026-06-07,VV-VITA-284,1676,git
2026-06-08,VV-VITA-284,1672,git
2026-06-09,VV-VITA-284,1672,git
2026-06-10,VV-VITA-284,1672,git
2026-06-11,VV-VITA-284,1672,git
2026-06-12,VV-VITA-284,1671,git
2026-06-13,VV-VITA-284,1671,git
2026-06-14,VV-VITA-284,1671,git
2026-06-15,VV-VITA-284,1671,git
2026-06-16,VV-VITA-284,1790,git
2026-06-17,VV-VITA-284,1790,git
2026-06-18,VV-VITA-284,1790,git
2026-06-19,VV-VITA-284,1790,git
2026-06-20,VV-VITA-284,1790,git
2026-06-21,VV-VITA-284,1789,git
2026-06-22,VV-VITA-284,1489,git
2026-06-23,VV-VITA-284,1489,git
2026-06-24,VV-VITA-284,1488,git
2026-06-25,VV-VITA-284,1488,git
2026-06-26,VV-VITA-284,1488,git
2026-06-27,VV-VITA-284,108,git
2026-06-28,VV-VITA-284,108,git
2026-06-29,VV-VITA-284,108,git
2026-06-30,VV-VITA-284,108,git
2026-07-01,VV-VITA-284,108,git
2026-07-02,VV-VITA-284,108,git
2026-07-03,VV-VITA-284,108,git
2026-07-04,VV-VITA-284,108,git
2026-07-05,VV-VITA-284,108,git
2026-07-06,VV-VITA-284,108,git
2026-07-07,VV-VITA-284,108,git
2026-07-08,VV-VITA-284,108,git
2026-07-09,VV-VITA-284,108,git
2026-07-10,VV-VITA-284,108,git
2026-07-11,VV-VITA-284,108,git
2026-07-12,VV-VITA-284,108,git
2026-07-13,VV-VITA-284,108,git
2026-07-14,VV-VITA-284,107,git
2026-07-15,VV-VITA-284,107,git
2026-07-16,VV-VITA-284,107,matrixify
2026-06-04,VV-VITA-286,-10,git
2026-06-05,VV-VITA-286,-10,git
2026-06-06,VV-VITA-286,-10,git
2026-06-07,VV-VITA-286,-10,git
2026-06-08,VV-VITA-286,-10,git
2026-06-09,VV-VITA-286,-10,git
2026-06-10,VV-VITA-286,420,git
2026-06-11,VV-VITA-286,419,git
2026-06-12,VV-VITA-286,416,git
2026-06-13,VV-VITA-286,410,git
2026-06-14,VV-VITA-286,70,git
2026-06-15,VV-VITA-286,65,git
2026-06-16,VV-VITA-286,63,git
2026-06-17,VV-VITA-286,63,git
2026-06-18,VV-VITA-286,62,git
2026-06-19,VV-VITA-286,62,git
2026-06-20,VV-VITA-286,62,git
2026-06-21,VV-VITA-286,52,git
2026-06-22,VV-VITA-286,48,git
2026-06-23,VV-VITA-286,42,git
2026-06-24,VV-VITA-286,39,git
2026-06-25,VV-VITA-286,38,git
2026-06-26,VV-VITA-286,39,git
2026-06-27,VV-VITA-286,-10,git
2026-06-28,VV-VITA-286,-10,git
2026-06-29,VV-VITA-286,330,git
2026-06-30,VV-VITA-286,330,git
2026-07-01,VV-VITA-286,329,git
2026-07-02,VV-VITA-286,329,git
2026-07-03,VV-VITA-286,329,git
2026-07-04,VV-VITA-286,322,git
2026-07-05,VV-VITA-286,321,git
2026-07-06,VV-VITA-286,58,git
2026-07-07,VV-VITA-286,58,git
2026-07-08,VV-VITA-286,58,git
2026-07-09,VV-VITA-286,58,git
2026-07-10,VV-VITA-286,58,git
2026-07-11,VV-VITA-286,58,git
2026-07-12,VV-VITA-286,55,git
2026-07-13,VV-VITA-286,54,git
2026-07-14,VV-VITA-286,53,git
2026-07-15,VV-VITA-286,54,git
2026-07-16,VV-VITA-286,50,matrixify
2026-06-04,VV-VITA-287,498,git
2026-06-05,VV-VITA-287,493,git
2026-06-06,VV-VITA-287,493,git
2026-06-07,VV-VITA-287,490,git
2026-06-08,VV-VITA-287,490,git
2026-06-09,VV-VITA-287,489,git
2026-06-10,VV-VITA-287,489,git
2026-06-11,VV-VITA-287,489,git
2026-06-12,VV-VITA-287,483,git
2026-06-13,VV-VITA-287,483,git
2026-06-14,VV-VITA-287,483,git
2026-06-15,VV-VITA-287,482,git
2026-06-16,VV-VITA-287,1558,git
2026-06-17,VV-VITA-287,1558,git
2026-06-18,VV-VITA-287,1558,git
2026-06-19,VV-VITA-287,1556,git
2026-06-20,VV-VITA-287,1556,git
2026-06-21,VV-VITA-287,1555,git
2026-06-22,VV-VITA-287,1430,git
2026-06-23,VV-VITA-287,1424,git
2026-06-24,VV-VITA-287,1424,git
2026-06-25,VV-VITA-287,1424,git
2026-06-26,VV-VITA-287,1418,git
2026-06-27,VV-VITA-287,1045,git
2026-06-28,VV-VITA-287,1042,git
2026-06-29,VV-VITA-287,1039,git
2026-06-30,VV-VITA-287,1035,git
2026-07-01,VV-VITA-287,1032,git
2026-07-02,VV-VITA-287,1029,git
2026-07-03,VV-VITA-287,1029,git
2026-07-04,VV-VITA-287,1028,git
2026-07-05,VV-VITA-287,1027,git
2026-07-06,VV-VITA-287,1026,git
2026-07-07,VV-VITA-287,1020,git
2026-07-08,VV-VITA-287,1016,git
2026-07-09,VV-VITA-287,1016,git
2026-07-10,VV-VITA-287,1015,git
2026-07-11,VV-VITA-287,1015,git
2026-07-12,VV-VITA-287,1015,git
2026-07-13,VV-VITA-287,1014,git
2026-07-14,VV-VITA-287,1012,git
2026-07-15,VV-VITA-287,1008,git
2026-07-16,VV-VITA-287,1006,matrixify
2026-06-04,VV-VITA-294,0,git
2026-06-05,VV-VITA-294,0,git
2026-06-06,VV-VITA-294,0,git
2026-06-07,VV-VITA-294,0,git
2026-06-08,VV-VITA-294,0,git
2026-06-09,VV-VITA-294,0,git
2026-06-10,VV-VITA-294,0,git
2026-06-11,VV-VITA-294,0,git
2026-06-12,VV-VITA-294,0,git
2026-06-13,VV-VITA-294,0,git
2026-06-14,VV-VITA-294,0,git
2026-06-15,VV-VITA-294,0,git
2026-06-16,VV-VITA-294,0,git
2026-06-17,VV-VITA-294,0,git
2026-06-18,VV-VITA-294,0,git
2026-06-19,VV-VITA-294,0,git
2026-06-20,VV-VITA-294,0,git
2026-06-21,VV-VITA-294,0,git
2026-06-22,VV-VITA-294,0,git
2026-06-23,VV-VITA-294,0,git
2026-06-24,VV-VITA-294,0,git
2026-06-25,VV-VITA-294,0,git
2026-06-26,VV-VITA-294,0,git
2026-06-27,VV-VITA-294,0,git
2026-06-28,VV-VITA-294,0,git
2026-06-29,VV-VITA-294,0,git
2026-06-30,VV-VITA-294,0,git
2026-07-01,VV-VITA-294,0,git
2026-07-02,VV-VITA-294,0,git
2026-07-03,VV-VITA-294,0,git
2026-07-04,VV-VITA-294,0,git
2026-07-05,VV-VITA-294,0,git
2026-07-06,VV-VITA-294,0,git
2026-07-07,VV-VITA-294,0,git
2026-07-08,VV-VITA-294,0,git
2026-07-09,VV-VITA-294,0,git
2026-07-10,VV-VITA-294,0,git
2026-07-11,VV-VITA-294,0,git
2026-07-12,VV-VITA-294,0,git
2026-07-13,VV-VITA-294,0,git
2026-07-14,VV-VITA-294,0,git
2026-07-15,VV-VITA-294,0,git
2026-07-16,VV-VITA-294,0,matrixify
2026-06-04,VV-VITA-294 [TEST],0,git
2026-06-05,VV-VITA-294 [TEST],0,git
2026-06-06,VV-VITA-294 [TEST],0,git
2026-06-07,VV-VITA-294 [TEST],0,git
2026-06-08,VV-VITA-294 [TEST],0,git
2026-06-09,VV-VITA-294 [TEST],0,git
2026-06-10,VV-VITA-294 [TEST],0,git
2026-06-11,VV-VITA-294 [TEST],0,git
2026-06-12,VV-VITA-294 [TEST],0,git
2026-06-13,VV-VITA-294 [TEST],0,git
2026-06-14,VV-VITA-294 [TEST],0,git
2026-06-15,VV-VITA-294 [TEST],0,git
2026-06-16,VV-VITA-294 [TEST],0,git
2026-06-17,VV-VITA-294 [TEST],0,git
2026-06-18,VV-VITA-294 [TEST],0,git
2026-06-04,VV-VITA-295,347,git
2026-06-05,VV-VITA-295,287,git
2026-06-06,VV-VITA-295,287,git
2026-06-07,VV-VITA-295,107,git
2026-06-08,VV-VITA-295,103,git
2026-06-09,VV-VITA-295,103,git
2026-06-10,VV-VITA-295,103,git
2026-06-11,VV-VITA-295,102,git
2026-06-12,VV-VITA-295,96,git
2026-06-13,VV-VITA-295,96,git
2026-06-14,VV-VITA-295,95,git
2026-06-15,VV-VITA-295,95,git
2026-06-16,VV-VITA-295,454,git
2026-06-17,VV-VITA-295,454,git
2026-06-18,VV-VITA-295,454,git
2026-06-19,VV-VITA-295,454,git
2026-06-20,VV-VITA-295,454,git
2026-06-21,VV-VITA-295,453,git
2026-06-22,VV-VITA-295,452,git
2026-06-23,VV-VITA-295,452,git
2026-06-24,VV-VITA-295,452,git
2026-06-25,VV-VITA-295,447,git
2026-06-26,VV-VITA-295,447,git
2026-06-27,VV-VITA-295,340,git
2026-06-28,VV-VITA-295,338,git
2026-06-29,VV-VITA-295,338,git
2026-06-30,VV-VITA-295,338,git
2026-07-01,VV-VITA-295,38,git
2026-07-02,VV-VITA-295,38,git
2026-07-03,VV-VITA-295,38,git
2026-07-04,VV-VITA-295,38,git
2026-07-05,VV-VITA-295,38,git
2026-07-06,VV-VITA-295,38,git
2026-07-07,VV-VITA-295,37,git
2026-07-08,VV-VITA-295,37,git
2026-07-09,VV-VITA-295,37,git
2026-07-10,VV-VITA-295,37,git
2026-07-11,VV-VITA-295,37,git
2026-07-12,VV-VITA-295,37,git
2026-07-13,VV-VITA-295,37,git
2026-07-14,VV-VITA-295,37,git
2026-07-15,VV-VITA-295,34,git
2026-07-16,VV-VITA-295,34,matrixify
2026-06-04,VV-VITA-297,0,git
2026-06-05,VV-VITA-297,0,git
2026-06-06,VV-VITA-297,0,git
2026-06-07,VV-VITA-297,0,git
2026-06-08,VV-VITA-297,0,git
2026-06-09,VV-VITA-297,0,git
2026-06-10,VV-VITA-297,0,git
2026-06-11,VV-VITA-297,0,git
2026-06-12,VV-VITA-297,0,git
2026-06-13,VV-VITA-297,0,git
2026-06-14,VV-VITA-297,0,git
2026-06-15,VV-VITA-297,0,git
2026-06-16,VV-VITA-297,0,git
2026-06-17,VV-VITA-297,0,git
2026-06-18,VV-VITA-297,0,git
2026-06-19,VV-VITA-297,0,git
2026-06-20,VV-VITA-297,0,git
2026-06-21,VV-VITA-297,0,git
2026-06-22,VV-VITA-297,0,git
2026-06-23,VV-VITA-297,0,git
2026-06-24,VV-VITA-297,0,git
2026-06-25,VV-VITA-297,0,git
2026-06-26,VV-VITA-297,0,git
2026-06-27,VV-VITA-297,0,git
2026-06-28,VV-VITA-297,0,git
2026-06-29,VV-VITA-297,0,git
2026-06-30,VV-VITA-297,0,git
2026-07-01,VV-VITA-297,0,git
2026-07-02,VV-VITA-297,0,git
2026-07-03,VV-VITA-297,0,git
2026-07-04,VV-VITA-297,0,git
2026-07-05,VV-VITA-297,0,git
2026-07-06,VV-VITA-297,0,git
2026-07-07,VV-VITA-297,0,git
2026-07-08,VV-VITA-297,0,git
2026-07-09,VV-VITA-297,0,git
2026-07-10,VV-VITA-297,0,git
2026-07-11,VV-VITA-297,0,git
2026-07-12,VV-VITA-297,0,git
2026-07-13,VV-VITA-297,0,git
2026-07-14,VV-VITA-297,0,git
2026-07-15,VV-VITA-297,0,git
2026-07-16,VV-VITA-297,0,matrixify
2026-06-04,VV-VITA-298,952,git
2026-06-05,VV-VITA-298,951,git
2026-06-06,VV-VITA-298,949,git
2026-06-07,VV-VITA-298,949,git
2026-06-08,VV-VITA-298,948,git
2026-06-09,VV-VITA-298,950,git
2026-06-10,VV-VITA-298,950,git
2026-06-11,VV-VITA-298,947,git
2026-06-12,VV-VITA-298,946,git
2026-06-13,VV-VITA-298,941,git
2026-06-14,VV-VITA-298,941,git
2026-06-15,VV-VITA-298,939,git
2026-06-16,VV-VITA-298,3090,git
2026-06-17,VV-VITA-298,3088,git
2026-06-18,VV-VITA-298,3028,git
2026-06-19,VV-VITA-298,3028,git
2026-06-20,VV-VITA-298,3027,git
2026-06-21,VV-VITA-298,3026,git
2026-06-22,VV-VITA-298,2724,git
2026-06-23,VV-VITA-298,2720,git
2026-06-24,VV-VITA-298,2720,git
2026-06-25,VV-VITA-298,2720,git
2026-06-26,VV-VITA-298,2717,git
2026-06-27,VV-VITA-298,2070,git
2026-06-28,VV-VITA-298,2069,git
2026-06-29,VV-VITA-298,2069,git
2026-06-30,VV-VITA-298,2066,git
2026-07-01,VV-VITA-298,2066,git
2026-07-02,VV-VITA-298,2064,git
2026-07-03,VV-VITA-298,2064,git
2026-07-04,VV-VITA-298,2062,git
2026-07-05,VV-VITA-298,2062,git
2026-07-06,VV-VITA-298,2062,git
2026-07-07,VV-VITA-298,2062,git
2026-07-08,VV-VITA-298,2060,git
2026-07-09,VV-VITA-298,2059,git
2026-07-10,VV-VITA-298,2057,git
2026-07-11,VV-VITA-298,2057,git
2026-07-12,VV-VITA-298,2048,git
2026-07-13,VV-VITA-298,2047,git
2026-07-14,VV-VITA-298,2046,git
2026-07-15,VV-VITA-298,2046,git
2026-07-16,VV-VITA-298,2045,matrixify
2026-06-04,VV-VITA-301,337,git
2026-06-05,VV-VITA-301,336,git
2026-06-06,VV-VITA-301,334,git
2026-06-07,VV-VITA-301,334,git
2026-06-08,VV-VITA-301,330,git
2026-06-09,VV-VITA-301,330,git
2026-06-10,VV-VITA-301,329,git
2026-06-11,VV-VITA-301,327,git
2026-06-12,VV-VITA-301,317,git
2026-06-13,VV-VITA-301,315,git
2026-06-14,VV-VITA-301,311,git
2026-06-15,VV-VITA-301,311,git
2026-06-16,VV-VITA-301,850,git
2026-06-17,VV-VITA-301,847,git
2026-06-18,VV-VITA-301,846,git
2026-06-19,VV-VITA-301,845,git
2026-06-20,VV-VITA-301,844,git
2026-06-21,VV-VITA-301,843,git
2026-06-22,VV-VITA-301,719,git
2026-06-23,VV-VITA-301,719,git
2026-06-24,VV-VITA-301,714,git
2026-06-25,VV-VITA-301,710,git
2026-06-26,VV-VITA-301,707,git
2026-06-27,VV-VITA-301,513,git
2026-06-28,VV-VITA-301,512,git
2026-06-29,VV-VITA-301,507,git
2026-06-30,VV-VITA-301,506,git
2026-07-01,VV-VITA-301,506,git
2026-07-02,VV-VITA-301,505,git
2026-07-03,VV-VITA-301,505,git
2026-07-04,VV-VITA-301,505,git
2026-07-05,VV-VITA-301,505,git
2026-07-06,VV-VITA-301,505,git
2026-07-07,VV-VITA-301,504,git
2026-07-08,VV-VITA-301,502,git
2026-07-09,VV-VITA-301,500,git
2026-07-10,VV-VITA-301,500,git
2026-07-11,VV-VITA-301,497,git
2026-07-12,VV-VITA-301,497,git
2026-07-13,VV-VITA-301,495,git
2026-07-14,VV-VITA-301,495,git
2026-07-15,VV-VITA-301,494,git
2026-07-16,VV-VITA-301,493,matrixify
2026-06-04,VV-VITA-303,336,git
2026-06-05,VV-VITA-303,336,git
2026-06-06,VV-VITA-303,335,git
2026-06-07,VV-VITA-303,34,git
2026-06-08,VV-VITA-303,34,git
2026-06-09,VV-VITA-303,34,git
2026-06-10,VV-VITA-303,34,git
2026-06-11,VV-VITA-303,34,git
2026-06-12,VV-VITA-303,34,git
2026-06-13,VV-VITA-303,34,git
2026-06-14,VV-VITA-303,33,git
2026-06-15,VV-VITA-303,31,git
2026-06-16,VV-VITA-303,89,git
2026-06-17,VV-VITA-303,89,git
2026-06-18,VV-VITA-303,88,git
2026-06-19,VV-VITA-303,87,git
2026-06-20,VV-VITA-303,87,git
2026-06-21,VV-VITA-303,85,git
2026-06-22,VV-VITA-303,83,git
2026-06-23,VV-VITA-303,81,git
2026-06-24,VV-VITA-303,81,git
2026-06-25,VV-VITA-303,77,git
2026-06-26,VV-VITA-303,76,git
2026-06-27,VV-VITA-303,34,git
2026-06-28,VV-VITA-303,34,git
2026-06-29,VV-VITA-303,33,git
2026-06-30,VV-VITA-303,32,git
2026-07-01,VV-VITA-303,31,git
2026-07-02,VV-VITA-303,31,git
2026-07-03,VV-VITA-303,28,git
2026-07-04,VV-VITA-303,26,git
2026-07-05,VV-VITA-303,24,git
2026-07-06,VV-VITA-303,23,git
2026-07-07,VV-VITA-303,23,git
2026-07-08,VV-VITA-303,23,git
2026-07-09,VV-VITA-303,23,git
2026-07-10,VV-VITA-303,21,git
2026-07-11,VV-VITA-303,21,git
2026-07-12,VV-VITA-303,20,git
2026-07-13,VV-VITA-303,19,git
2026-07-14,VV-VITA-303,18,git
2026-07-15,VV-VITA-303,17,git
2026-07-16,VV-VITA-303,12,matrixify
2026-06-04,VV-VITA-304,4913,git
2026-06-05,VV-VITA-304,4912,git
2026-06-06,VV-VITA-304,4912,git
2026-06-07,VV-VITA-304,4560,git
2026-06-08,VV-VITA-304,4558,git
2026-06-09,VV-VITA-304,4555,git
2026-06-10,VV-VITA-304,4554,git
2026-06-11,VV-VITA-304,4554,git
2026-06-12,VV-VITA-304,4554,git
2026-06-13,VV-VITA-304,376,git
2026-06-14,VV-VITA-304,375,git
2026-06-15,VV-VITA-304,375,git
2026-06-16,VV-VITA-304,372,git
2026-06-17,VV-VITA-304,372,git
2026-06-18,VV-VITA-304,372,git
2026-06-19,VV-VITA-304,370,git
2026-06-20,VV-VITA-304,365,git
2026-06-21,VV-VITA-304,365,git
2026-06-22,VV-VITA-304,12,git
2026-06-23,VV-VITA-304,12,git
2026-06-24,VV-VITA-304,7,git
2026-06-25,VV-VITA-304,5,git
2026-06-26,VV-VITA-304,5,git
2026-06-27,VV-VITA-304,-13,git
2026-06-28,VV-VITA-304,-13,git
2026-06-29,VV-VITA-304,4163,git
2026-06-30,VV-VITA-304,4164,git
2026-07-01,VV-VITA-304,4164,git
2026-07-02,VV-VITA-304,4161,git
2026-07-03,VV-VITA-304,4161,git
2026-07-04,VV-VITA-304,4156,git
2026-07-05,VV-VITA-304,4156,git
2026-07-06,VV-VITA-304,4153,git
2026-07-07,VV-VITA-304,4151,git
2026-07-08,VV-VITA-304,4151,git
2026-07-09,VV-VITA-304,4138,git
2026-07-10,VV-VITA-304,4133,git
2026-07-11,VV-VITA-304,4129,git
2026-07-12,VV-VITA-304,4126,git
2026-07-13,VV-VITA-304,4127,git
2026-07-14,VV-VITA-304,4139,git
2026-07-15,VV-VITA-304,4132,git
2026-07-16,VV-VITA-304,4131,matrixify
2026-06-04,VV-VITA-307,1226,git
2026-06-05,VV-VITA-307,1224,git
2026-06-06,VV-VITA-307,1224,git
2026-06-07,VV-VITA-307,884,git
2026-06-08,VV-VITA-307,884,git
2026-06-09,VV-VITA-307,884,git
2026-06-10,VV-VITA-307,883,git
2026-06-11,VV-VITA-307,883,git
2026-06-12,VV-VITA-307,883,git
2026-06-13,VV-VITA-307,883,git
2026-06-14,VV-VITA-307,881,git
2026-06-15,VV-VITA-307,881,git
2026-06-16,VV-VITA-307,1221,git
2026-06-17,VV-VITA-307,1220,git
2026-06-18,VV-VITA-307,1218,git
2026-06-19,VV-VITA-307,1218,git
2026-06-20,VV-VITA-307,1218,git
2026-06-21,VV-VITA-307,1218,git
2026-06-22,VV-VITA-307,1218,git
2026-06-23,VV-VITA-307,1218,git
2026-06-24,VV-VITA-307,1217,git
2026-06-25,VV-VITA-307,1217,git
2026-06-26,VV-VITA-307,1214,git
2026-06-27,VV-VITA-307,320,git
2026-06-28,VV-VITA-307,320,git
2026-06-29,VV-VITA-307,319,git
2026-06-30,VV-VITA-307,323,git
2026-07-01,VV-VITA-307,323,git
2026-07-02,VV-VITA-307,321,git
2026-07-03,VV-VITA-307,321,git
2026-07-04,VV-VITA-307,321,git
2026-07-05,VV-VITA-307,321,git
2026-07-06,VV-VITA-307,321,git
2026-07-07,VV-VITA-307,321,git
2026-07-08,VV-VITA-307,321,git
2026-07-09,VV-VITA-307,321,git
2026-07-10,VV-VITA-307,321,git
2026-07-11,VV-VITA-307,321,git
2026-07-12,VV-VITA-307,321,git
2026-07-13,VV-VITA-307,320,git
2026-07-14,VV-VITA-307,319,git
2026-07-15,VV-VITA-307,319,git
2026-07-16,VV-VITA-307,317,matrixify
2026-06-04,VV-VITA-308,743,git
2026-06-05,VV-VITA-308,743,git
2026-06-06,VV-VITA-308,743,git
2026-06-07,VV-VITA-308,741,git
2026-06-08,VV-VITA-308,741,git
2026-06-09,VV-VITA-308,740,git
2026-06-10,VV-VITA-308,731,git
2026-06-11,VV-VITA-308,731,git
2026-06-12,VV-VITA-308,728,git
2026-06-13,VV-VITA-308,128,git
2026-06-14,VV-VITA-308,128,git
2026-06-15,VV-VITA-308,124,git
2026-06-16,VV-VITA-308,123,git
2026-06-17,VV-VITA-308,123,git
2026-06-18,VV-VITA-308,121,git
2026-06-19,VV-VITA-308,119,git
2026-06-20,VV-VITA-308,115,git
2026-06-21,VV-VITA-308,111,git
2026-06-22,VV-VITA-308,104,git
2026-06-23,VV-VITA-308,104,git
2026-06-24,VV-VITA-308,104,git
2026-06-25,VV-VITA-308,104,git
2026-06-26,VV-VITA-308,104,git
2026-06-27,VV-VITA-308,-10,git
2026-06-28,VV-VITA-308,-10,git
2026-06-29,VV-VITA-308,590,git
2026-06-30,VV-VITA-308,590,git
2026-07-01,VV-VITA-308,590,git
2026-07-02,VV-VITA-308,589,git
2026-07-03,VV-VITA-308,589,git
2026-07-04,VV-VITA-308,588,git
2026-07-05,VV-VITA-308,588,git
2026-07-06,VV-VITA-308,588,git
2026-07-07,VV-VITA-308,588,git
2026-07-08,VV-VITA-308,581,git
2026-07-09,VV-VITA-308,582,git
2026-07-10,VV-VITA-308,582,git
2026-07-11,VV-VITA-308,582,git
2026-07-12,VV-VITA-308,582,git
2026-07-13,VV-VITA-308,582,git
2026-07-14,VV-VITA-308,581,git
2026-07-15,VV-VITA-308,580,git
2026-07-16,VV-VITA-308,580,matrixify
2026-06-04,VV-VITA-31,234,git
2026-06-05,VV-VITA-31,234,git
2026-06-06,VV-VITA-31,234,git
2026-06-07,VV-VITA-31,174,git
2026-06-08,VV-VITA-31,174,git
2026-06-09,VV-VITA-31,174,git
2026-06-10,VV-VITA-31,174,git
2026-06-11,VV-VITA-31,174,git
2026-06-12,VV-VITA-31,171,git
2026-06-13,VV-VITA-31,171,git
2026-06-14,VV-VITA-31,171,git
2026-06-15,VV-VITA-31,170,git
2026-06-16,VV-VITA-31,226,git
2026-06-17,VV-VITA-31,226,git
2026-06-18,VV-VITA-31,224,git
2026-06-19,VV-VITA-31,224,git
2026-06-20,VV-VITA-31,224,git
2026-06-21,VV-VITA-31,224,git
2026-06-22,VV-VITA-31,103,git
2026-06-23,VV-VITA-31,103,git
2026-06-24,VV-VITA-31,102,git
2026-06-25,VV-VITA-31,102,git
2026-06-26,VV-VITA-31,102,git
2026-06-27,VV-VITA-31,44,git
2026-06-28,VV-VITA-31,44,git
2026-06-29,VV-VITA-31,44,git
2026-06-30,VV-VITA-31,43,git
2026-07-01,VV-VITA-31,43,git
2026-07-02,VV-VITA-31,39,git
2026-07-03,VV-VITA-31,39,git
2026-07-04,VV-VITA-31,29,git
2026-07-05,VV-VITA-31,29,git
2026-07-06,VV-VITA-31,26,git
2026-07-07,VV-VITA-31,26,git
2026-07-08,VV-VITA-31,26,git
2026-07-09,VV-VITA-31,25,git
2026-07-10,VV-VITA-31,24,git
2026-07-11,VV-VITA-31,14,git
2026-07-12,VV-VITA-31,14,git
2026-07-13,VV-VITA-31,14,git
2026-07-14,VV-VITA-31,14,git
2026-07-15,VV-VITA-31,10,git
2026-07-16,VV-VITA-31,10,matrixify
2026-06-04,VV-VITA-310,105,git
2026-06-05,VV-VITA-310,103,git
2026-06-06,VV-VITA-310,101,git
2026-06-07,VV-VITA-310,41,git
2026-06-08,VV-VITA-310,40,git
2026-06-09,VV-VITA-310,36,git
2026-06-10,VV-VITA-310,30,git
2026-06-11,VV-VITA-310,30,git
2026-06-12,VV-VITA-310,18,git
2026-06-13,VV-VITA-310,17,git
2026-06-14,VV-VITA-310,17,git
2026-06-15,VV-VITA-310,13,git
2026-06-16,VV-VITA-310,12,git
2026-06-17,VV-VITA-310,5,git
2026-06-18,VV-VITA-310,1,git
2026-06-19,VV-VITA-310,1,git
2026-06-20,VV-VITA-310,1,git
2026-06-21,VV-VITA-310,0,git
2026-06-22,VV-VITA-310,1,git
2026-06-23,VV-VITA-310,0,git
2026-06-24,VV-VITA-310,0,git
2026-06-25,VV-VITA-310,0,git
2026-06-26,VV-VITA-310,0,git
2026-06-27,VV-VITA-310,0,git
2026-06-28,VV-VITA-310,0,git
2026-06-29,VV-VITA-310,0,git
2026-06-30,VV-VITA-310,3,git
2026-07-01,VV-VITA-310,3,git
2026-07-02,VV-VITA-310,-1,git
2026-07-03,VV-VITA-310,-1,git
2026-07-04,VV-VITA-310,-1,git
2026-07-05,VV-VITA-310,-1,git
2026-07-06,VV-VITA-310,119,git
2026-07-07,VV-VITA-310,118,git
2026-07-08,VV-VITA-310,117,git
2026-07-09,VV-VITA-310,113,git
2026-07-10,VV-VITA-310,102,git
2026-07-11,VV-VITA-310,86,git
2026-07-12,VV-VITA-310,86,git
2026-07-13,VV-VITA-310,86,git
2026-07-14,VV-VITA-310,84,git
2026-07-15,VV-VITA-310,80,git
2026-07-16,VV-VITA-310,80,matrixify
2026-06-04,VV-VITA-311,126,git
2026-06-05,VV-VITA-311,124,git
2026-06-06,VV-VITA-311,121,git
2026-06-07,VV-VITA-311,25,git
2026-06-08,VV-VITA-311,24,git
2026-06-09,VV-VITA-311,22,git
2026-06-10,VV-VITA-311,18,git
2026-06-11,VV-VITA-311,17,git
2026-06-12,VV-VITA-311,13,git
2026-06-13,VV-VITA-311,8,git
2026-06-14,VV-VITA-311,6,git
2026-06-15,VV-VITA-311,6,git
2026-06-16,VV-VITA-311,2,git
2026-06-17,VV-VITA-311,0,git
2026-06-18,VV-VITA-311,0,git
2026-06-19,VV-VITA-311,0,git
2026-06-20,VV-VITA-311,0,git
2026-06-21,VV-VITA-311,0,git
2026-06-22,VV-VITA-311,0,git
2026-06-23,VV-VITA-311,0,git
2026-06-24,VV-VITA-311,0,git
2026-06-25,VV-VITA-311,0,git
2026-06-26,VV-VITA-311,0,git
2026-06-27,VV-VITA-311,-10,git
2026-06-28,VV-VITA-311,-10,git
2026-06-29,VV-VITA-311,-10,git
2026-06-30,VV-VITA-311,-10,git
2026-07-01,VV-VITA-311,-10,git
2026-07-02,VV-VITA-311,-10,git
2026-07-03,VV-VITA-311,-9,git
2026-07-04,VV-VITA-311,-9,git
2026-07-05,VV-VITA-311,-9,git
2026-07-06,VV-VITA-311,-9,git
2026-07-07,VV-VITA-311,-9,git
2026-07-08,VV-VITA-311,-9,git
2026-07-09,VV-VITA-311,-9,git
2026-07-10,VV-VITA-311,-9,git
2026-07-11,VV-VITA-311,-9,git
2026-07-12,VV-VITA-311,-9,git
2026-07-13,VV-VITA-311,-9,git
2026-07-14,VV-VITA-311,-9,git
2026-07-15,VV-VITA-311,-9,git
2026-07-16,VV-VITA-311,-9,matrixify
2026-06-04,VV-VITA-313,127,git
2026-06-05,VV-VITA-313,67,git
2026-06-06,VV-VITA-313,66,git
2026-06-07,VV-VITA-313,63,git
2026-06-08,VV-VITA-313,63,git
2026-06-09,VV-VITA-313,63,git
2026-06-10,VV-VITA-313,62,git
2026-06-11,VV-VITA-313,60,git
2026-06-12,VV-VITA-313,56,git
2026-06-13,VV-VITA-313,55,git
2026-06-14,VV-VITA-313,55,git
2026-06-15,VV-VITA-313,53,git
2026-06-16,VV-VITA-313,167,git
2026-06-17,VV-VITA-313,164,git
2026-06-18,VV-VITA-313,163,git
2026-06-19,VV-VITA-313,162,git
2026-06-20,VV-VITA-313,276,git
2026-06-21,VV-VITA-313,272,git
2026-06-22,VV-VITA-313,271,git
2026-06-23,VV-VITA-313,155,git
2026-06-24,VV-VITA-313,156,git
2026-06-25,VV-VITA-313,150,git
2026-06-26,VV-VITA-313,148,git
2026-06-27,VV-VITA-313,91,git
2026-06-28,VV-VITA-313,91,git
2026-06-29,VV-VITA-313,91,git
2026-06-30,VV-VITA-313,90,git
2026-07-01,VV-VITA-313,28,git
2026-07-02,VV-VITA-313,20,git
2026-07-03,VV-VITA-313,20,git
2026-07-04,VV-VITA-313,20,git
2026-07-05,VV-VITA-313,19,git
2026-07-06,VV-VITA-313,14,git
2026-07-07,VV-VITA-313,10,git
2026-07-08,VV-VITA-313,8,git
2026-07-09,VV-VITA-313,6,git
2026-07-10,VV-VITA-313,6,git
2026-07-11,VV-VITA-313,6,git
2026-07-12,VV-VITA-313,5,git
2026-07-13,VV-VITA-313,3,git
2026-07-14,VV-VITA-313,3,git
2026-07-15,VV-VITA-313,2,git
2026-07-16,VV-VITA-313,2,matrixify
2026-06-04,VV-VITA-314,766,git
2026-06-05,VV-VITA-314,764,git
2026-06-06,VV-VITA-314,763,git
2026-06-07,VV-VITA-314,761,git
2026-06-08,VV-VITA-314,758,git
2026-06-09,VV-VITA-314,756,git
2026-06-10,VV-VITA-314,752,git
2026-06-11,VV-VITA-314,6647,git
2026-06-17,VV-VITA-314,0,git
2026-06-18,VV-VITA-314,0,git
2026-06-19,VV-VITA-314,0,git
2026-06-20,VV-VITA-314,-1,git
2026-06-21,VV-VITA-314,-1,git
2026-06-22,VV-VITA-314,497,git
2026-06-23,VV-VITA-314,497,git
2026-06-24,VV-VITA-314,495,git
2026-06-25,VV-VITA-314,494,git
2026-06-26,VV-VITA-314,493,git
2026-06-27,VV-VITA-314,490,git
2026-06-28,VV-VITA-314,485,git
2026-06-29,VV-VITA-314,481,git
2026-06-30,VV-VITA-314,477,git
2026-07-01,VV-VITA-314,474,git
2026-07-02,VV-VITA-314,473,git
2026-07-03,VV-VITA-314,471,git
2026-07-04,VV-VITA-314,471,git
2026-07-05,VV-VITA-314,470,git
2026-07-06,VV-VITA-314,761,git
2026-07-07,VV-VITA-314,756,git
2026-07-08,VV-VITA-314,756,git
2026-07-09,VV-VITA-314,754,git
2026-07-10,VV-VITA-314,751,git
2026-07-11,VV-VITA-314,751,git
2026-07-12,VV-VITA-314,749,git
2026-07-13,VV-VITA-314,748,git
2026-07-14,VV-VITA-314,739,git
2026-07-15,VV-VITA-314,738,git
2026-07-16,VV-VITA-314,736,matrixify
2026-06-04,VV-VITA-316,315,git
2026-06-05,VV-VITA-316,315,git
2026-06-06,VV-VITA-316,315,git
2026-06-07,VV-VITA-316,60,git
2026-06-08,VV-VITA-316,60,git
2026-06-09,VV-VITA-316,60,git
2026-06-10,VV-VITA-316,1595,git
2026-06-11,VV-VITA-316,1594,git
2026-06-12,VV-VITA-316,1594,git
2026-06-13,VV-VITA-316,1594,git
2026-06-14,VV-VITA-316,914,git
2026-06-15,VV-VITA-316,913,git
2026-06-16,VV-VITA-316,1167,git
2026-06-17,VV-VITA-316,1167,git
2026-06-18,VV-VITA-316,1167,git
2026-06-19,VV-VITA-316,1163,git
2026-06-20,VV-VITA-316,1163,git
2026-06-21,VV-VITA-316,1163,git
2026-06-22,VV-VITA-316,738,git
2026-06-23,VV-VITA-316,738,git
2026-06-24,VV-VITA-316,737,git
2026-06-25,VV-VITA-316,737,git
2026-06-26,VV-VITA-316,721,git
2026-06-27,VV-VITA-316,224,git
2026-06-28,VV-VITA-316,224,git
2026-06-29,VV-VITA-316,224,git
2026-06-30,VV-VITA-316,224,git
2026-07-01,VV-VITA-316,224,git
2026-07-02,VV-VITA-316,223,git
2026-07-03,VV-VITA-316,223,git
2026-07-04,VV-VITA-316,217,git
2026-07-05,VV-VITA-316,217,git
2026-07-06,VV-VITA-316,216,git
2026-07-07,VV-VITA-316,216,git
2026-07-08,VV-VITA-316,216,git
2026-07-09,VV-VITA-316,216,git
2026-07-10,VV-VITA-316,212,git
2026-07-11,VV-VITA-316,209,git
2026-07-12,VV-VITA-316,209,git
2026-07-13,VV-VITA-316,209,git
2026-07-14,VV-VITA-316,209,git
2026-07-15,VV-VITA-316,209,git
2026-07-16,VV-VITA-316,209,matrixify
2026-06-04,VV-VITA-317,361,git
2026-06-05,VV-VITA-317,361,git
2026-06-06,VV-VITA-317,359,git
2026-06-07,VV-VITA-317,359,git
2026-06-08,VV-VITA-317,359,git
2026-06-09,VV-VITA-317,358,git
2026-06-10,VV-VITA-317,355,git
2026-06-11,VV-VITA-317,347,git
2026-06-12,VV-VITA-317,355,git
2026-06-13,VV-VITA-317,354,git
2026-06-14,VV-VITA-317,353,git
2026-06-15,VV-VITA-317,349,git
2026-06-16,VV-VITA-317,3934,git
2026-06-17,VV-VITA-317,3934,git
2026-06-18,VV-VITA-317,3934,git
2026-06-19,VV-VITA-317,3927,git
2026-06-20,VV-VITA-317,3597,git
2026-06-21,VV-VITA-317,3597,git
2026-06-22,VV-VITA-317,3597,git
2026-06-23,VV-VITA-317,3597,git
2026-06-24,VV-VITA-317,3593,git
2026-06-25,VV-VITA-317,3591,git
2026-06-26,VV-VITA-317,3591,git
2026-06-27,VV-VITA-317,3566,git
2026-06-28,VV-VITA-317,3566,git
2026-06-29,VV-VITA-317,3566,git
2026-06-30,VV-VITA-317,3566,git
2026-07-01,VV-VITA-317,3565,git
2026-07-02,VV-VITA-317,3565,git
2026-07-03,VV-VITA-317,3564,git
2026-07-04,VV-VITA-317,3562,git
2026-07-05,VV-VITA-317,3562,git
2026-07-06,VV-VITA-317,3562,git
2026-07-07,VV-VITA-317,3560,git
2026-07-08,VV-VITA-317,3560,git
2026-07-09,VV-VITA-317,3560,git
2026-07-10,VV-VITA-317,3560,git
2026-07-11,VV-VITA-317,3560,git
2026-07-12,VV-VITA-317,3560,git
2026-07-13,VV-VITA-317,3558,git
2026-07-14,VV-VITA-317,3558,git
2026-07-15,VV-VITA-317,3555,git
2026-07-16,VV-VITA-317,3555,matrixify
2026-06-04,VV-VITA-318,286,git
2026-06-05,VV-VITA-318,286,git
2026-06-06,VV-VITA-318,286,git
2026-06-07,VV-VITA-318,283,git
2026-06-08,VV-VITA-318,283,git
2026-06-09,VV-VITA-318,280,git
2026-06-10,VV-VITA-318,279,git
2026-06-11,VV-VITA-318,278,git
2026-06-12,VV-VITA-318,276,git
2026-06-13,VV-VITA-318,276,git
2026-06-14,VV-VITA-318,276,git
2026-06-15,VV-VITA-318,276,git
2026-06-16,VV-VITA-318,616,git
2026-06-17,VV-VITA-318,616,git
2026-06-18,VV-VITA-318,616,git
2026-06-19,VV-VITA-318,610,git
2026-06-20,VV-VITA-318,610,git
2026-06-21,VV-VITA-318,610,git
2026-06-22,VV-VITA-318,610,git
2026-06-23,VV-VITA-318,610,git
2026-06-24,VV-VITA-318,610,git
2026-06-25,VV-VITA-318,610,git
2026-06-26,VV-VITA-318,610,git
2026-06-27,VV-VITA-318,323,git
2026-06-28,VV-VITA-318,323,git
2026-06-29,VV-VITA-318,323,git
2026-06-30,VV-VITA-318,323,git
2026-07-01,VV-VITA-318,322,git
2026-07-02,VV-VITA-318,322,git
2026-07-03,VV-VITA-318,322,git
2026-07-04,VV-VITA-318,317,git
2026-07-05,VV-VITA-318,317,git
2026-07-06,VV-VITA-318,312,git
2026-07-07,VV-VITA-318,312,git
2026-07-08,VV-VITA-318,308,git
2026-07-09,VV-VITA-318,305,git
2026-07-10,VV-VITA-318,303,git
2026-07-11,VV-VITA-318,303,git
2026-07-12,VV-VITA-318,303,git
2026-07-13,VV-VITA-318,300,git
2026-07-14,VV-VITA-318,300,git
2026-07-15,VV-VITA-318,300,git
2026-07-16,VV-VITA-318,300,matrixify
2026-06-04,VV-VITA-319,302,git
2026-06-05,VV-VITA-319,302,git
2026-06-06,VV-VITA-319,302,git
2026-06-07,VV-VITA-319,242,git
2026-06-08,VV-VITA-319,241,git
2026-06-09,VV-VITA-319,240,git
2026-06-10,VV-VITA-319,240,git
2026-06-11,VV-VITA-319,240,git
2026-06-12,VV-VITA-319,240,git
2026-06-13,VV-VITA-319,240,git
2026-06-14,VV-VITA-319,59,git
2026-06-15,VV-VITA-319,58,git
2026-06-16,VV-VITA-319,778,git
2026-06-17,VV-VITA-319,775,git
2026-06-18,VV-VITA-319,772,git
2026-06-19,VV-VITA-319,772,git
2026-06-20,VV-VITA-319,772,git
2026-06-21,VV-VITA-319,772,git
2026-06-22,VV-VITA-319,772,git
2026-06-23,VV-VITA-319,772,git
2026-06-24,VV-VITA-319,769,git
2026-06-25,VV-VITA-319,769,git
2026-06-26,VV-VITA-319,769,git
2026-06-27,VV-VITA-319,702,git
2026-06-28,VV-VITA-319,702,git
2026-06-29,VV-VITA-319,701,git
2026-06-30,VV-VITA-319,701,git
2026-07-01,VV-VITA-319,701,git
2026-07-02,VV-VITA-319,701,git
2026-07-03,VV-VITA-319,701,git
2026-07-04,VV-VITA-319,696,git
2026-07-05,VV-VITA-319,695,git
2026-07-06,VV-VITA-319,695,git
2026-07-07,VV-VITA-319,692,git
2026-07-08,VV-VITA-319,689,git
2026-07-09,VV-VITA-319,689,git
2026-07-10,VV-VITA-319,689,git
2026-07-11,VV-VITA-319,687,git
2026-07-12,VV-VITA-319,687,git
2026-07-13,VV-VITA-319,686,git
2026-07-14,VV-VITA-319,686,git
2026-07-15,VV-VITA-319,685,git
2026-07-16,VV-VITA-319,685,matrixify
2026-06-04,VV-VITA-320,8872,git
2026-06-05,VV-VITA-320,8862,git
2026-06-06,VV-VITA-320,8856,git
2026-06-07,VV-VITA-320,8852,git
2026-06-08,VV-VITA-320,8845,git
2026-06-09,VV-VITA-320,8840,git
2026-06-10,VV-VITA-320,7212,git
2026-06-11,VV-VITA-320,7202,git
2026-06-12,VV-VITA-320,7200,git
2026-06-13,VV-VITA-320,240,git
2026-06-14,VV-VITA-320,233,git
2026-06-15,VV-VITA-320,223,git
2026-06-16,VV-VITA-320,208,git
2026-06-17,VV-VITA-320,192,git
2026-06-18,VV-VITA-320,175,git
2026-06-19,VV-VITA-320,164,git
2026-06-20,VV-VITA-320,162,git
2026-06-21,VV-VITA-320,146,git
2026-06-22,VV-VITA-320,127,git
2026-06-23,VV-VITA-320,119,git
2026-06-24,VV-VITA-320,114,git
2026-06-25,VV-VITA-320,108,git
2026-06-26,VV-VITA-320,96,git
2026-06-27,VV-VITA-320,-9,git
2026-06-28,VV-VITA-320,-9,git
2026-06-29,VV-VITA-320,6949,git
2026-06-30,VV-VITA-320,6949,git
2026-07-01,VV-VITA-320,6943,git
2026-07-02,VV-VITA-320,6938,git
2026-07-03,VV-VITA-320,6933,git
2026-07-04,VV-VITA-320,6931,git
2026-07-05,VV-VITA-320,6921,git
2026-07-06,VV-VITA-320,6914,git
2026-07-07,VV-VITA-320,6901,git
2026-07-08,VV-VITA-320,6885,git
2026-07-09,VV-VITA-320,6877,git
2026-07-10,VV-VITA-320,6874,git
2026-07-11,VV-VITA-320,6871,git
2026-07-12,VV-VITA-320,6869,git
2026-07-13,VV-VITA-320,6860,git
2026-07-14,VV-VITA-320,6855,git
2026-07-15,VV-VITA-320,6849,git
2026-07-16,VV-VITA-320,6836,matrixify
2026-06-04,VV-VITA-322,0,git
2026-06-05,VV-VITA-322,0,git
2026-06-06,VV-VITA-322,0,git
2026-06-07,VV-VITA-322,0,git
2026-06-08,VV-VITA-322,0,git
2026-06-09,VV-VITA-322,0,git
2026-06-10,VV-VITA-322,0,git
2026-06-11,VV-VITA-322,0,git
2026-06-12,VV-VITA-322,0,git
2026-06-13,VV-VITA-322,0,git
2026-06-14,VV-VITA-322,0,git
2026-06-15,VV-VITA-322,0,git
2026-06-16,VV-VITA-322,0,git
2026-06-17,VV-VITA-322,0,git
2026-06-18,VV-VITA-322,0,git
2026-06-19,VV-VITA-322,0,git
2026-06-20,VV-VITA-322,0,git
2026-06-21,VV-VITA-322,0,git
2026-06-22,VV-VITA-322,0,git
2026-06-23,VV-VITA-322,0,git
2026-06-24,VV-VITA-322,0,git
2026-06-25,VV-VITA-322,0,git
2026-06-26,VV-VITA-322,0,git
2026-06-27,VV-VITA-322,0,git
2026-06-28,VV-VITA-322,0,git
2026-06-29,VV-VITA-322,0,git
2026-06-30,VV-VITA-322,0,git
2026-07-01,VV-VITA-322,0,git
2026-07-02,VV-VITA-322,0,git
2026-07-03,VV-VITA-322,0,git
2026-07-04,VV-VITA-322,0,git
2026-07-05,VV-VITA-322,0,git
2026-07-06,VV-VITA-322,0,git
2026-07-07,VV-VITA-322,0,git
2026-07-08,VV-VITA-322,0,git
2026-07-09,VV-VITA-322,0,git
2026-07-10,VV-VITA-322,0,git
2026-07-11,VV-VITA-322,0,git
2026-07-12,VV-VITA-322,0,git
2026-07-13,VV-VITA-322,0,git
2026-07-14,VV-VITA-322,0,git
2026-07-15,VV-VITA-322,0,git
2026-07-16,VV-VITA-322,0,matrixify
2026-06-04,VV-VITA-326,725,git
2026-06-05,VV-VITA-326,145,git
2026-06-06,VV-VITA-326,144,git
2026-06-07,VV-VITA-326,143,git
2026-06-08,VV-VITA-326,142,git
2026-06-09,VV-VITA-326,142,git
2026-06-10,VV-VITA-326,141,git
2026-06-11,VV-VITA-326,140,git
2026-06-12,VV-VITA-326,137,git
2026-06-13,VV-VITA-326,135,git
2026-06-14,VV-VITA-326,135,git
2026-06-15,VV-VITA-326,132,git
2026-06-16,VV-VITA-326,827,git
2026-06-17,VV-VITA-326,824,git
2026-06-18,VV-VITA-326,824,git
2026-06-19,VV-VITA-326,822,git
2026-06-20,VV-VITA-326,821,git
2026-06-21,VV-VITA-326,821,git
2026-06-22,VV-VITA-326,705,git
2026-06-23,VV-VITA-326,704,git
2026-06-24,VV-VITA-326,471,git
2026-06-25,VV-VITA-326,470,git
2026-06-26,VV-VITA-326,464,git
2026-06-27,VV-VITA-326,439,git
2026-06-28,VV-VITA-326,437,git
2026-06-29,VV-VITA-326,435,git
2026-06-30,VV-VITA-326,434,git
2026-07-01,VV-VITA-326,432,git
2026-07-02,VV-VITA-326,432,git
2026-07-03,VV-VITA-326,428,git
2026-07-04,VV-VITA-326,422,git
2026-07-05,VV-VITA-326,422,git
2026-07-06,VV-VITA-326,419,git
2026-07-07,VV-VITA-326,418,git
2026-07-08,VV-VITA-326,418,git
2026-07-09,VV-VITA-326,417,git
2026-07-10,VV-VITA-326,417,git
2026-07-11,VV-VITA-326,410,git
2026-07-12,VV-VITA-326,410,git
2026-07-13,VV-VITA-326,408,git
2026-07-14,VV-VITA-326,408,git
2026-07-15,VV-VITA-326,406,git
2026-07-16,VV-VITA-326,406,matrixify
2026-06-04,VV-VITA-327,0,git
2026-06-05,VV-VITA-327,0,git
2026-06-06,VV-VITA-327,0,git
2026-06-07,VV-VITA-327,0,git
2026-06-08,VV-VITA-327,0,git
2026-06-09,VV-VITA-327,0,git
2026-06-10,VV-VITA-327,0,git
2026-06-11,VV-VITA-327,0,git
2026-06-12,VV-VITA-327,0,git
2026-06-13,VV-VITA-327,0,git
2026-06-14,VV-VITA-327,0,git
2026-06-15,VV-VITA-327,0,git
2026-06-16,VV-VITA-327,0,git
2026-06-17,VV-VITA-327,0,git
2026-06-18,VV-VITA-327,0,git
2026-06-19,VV-VITA-327,0,git
2026-06-20,VV-VITA-327,0,git
2026-06-21,VV-VITA-327,0,git
2026-06-22,VV-VITA-327,0,git
2026-06-23,VV-VITA-327,0,git
2026-06-24,VV-VITA-327,0,git
2026-06-25,VV-VITA-327,0,git
2026-06-26,VV-VITA-327,0,git
2026-06-27,VV-VITA-327,0,git
2026-06-28,VV-VITA-327,0,git
2026-06-29,VV-VITA-327,0,git
2026-06-30,VV-VITA-327,0,git
2026-07-01,VV-VITA-327,0,git
2026-07-02,VV-VITA-327,0,git
2026-07-03,VV-VITA-327,0,git
2026-07-04,VV-VITA-327,0,git
2026-07-05,VV-VITA-327,0,git
2026-07-06,VV-VITA-327,0,git
2026-07-07,VV-VITA-327,0,git
2026-07-08,VV-VITA-327,0,git
2026-07-09,VV-VITA-327,0,git
2026-07-10,VV-VITA-327,0,git
2026-07-11,VV-VITA-327,0,git
2026-07-12,VV-VITA-327,0,git
2026-07-13,VV-VITA-327,0,git
2026-07-14,VV-VITA-327,0,git
2026-07-15,VV-VITA-327,0,git
2026-07-16,VV-VITA-327,0,matrixify
2026-06-04,VV-VITA-329,1940,git
2026-06-05,VV-VITA-329,1938,git
2026-06-06,VV-VITA-329,1937,git
2026-06-07,VV-VITA-329,575,git
2026-06-08,VV-VITA-329,574,git
2026-06-09,VV-VITA-329,572,git
2026-06-10,VV-VITA-329,571,git
2026-06-11,VV-VITA-329,571,git
2026-06-12,VV-VITA-329,569,git
2026-06-13,VV-VITA-329,568,git
2026-06-14,VV-VITA-329,568,git
2026-06-15,VV-VITA-329,567,git
2026-06-16,VV-VITA-329,5666,git
2026-06-17,VV-VITA-329,5664,git
2026-06-18,VV-VITA-329,5660,git
2026-06-19,VV-VITA-329,5655,git
2026-06-20,VV-VITA-329,5655,git
2026-06-21,VV-VITA-329,5648,git
2026-06-22,VV-VITA-329,5135,git
2026-06-23,VV-VITA-329,5134,git
2026-06-24,VV-VITA-329,5132,git
2026-06-25,VV-VITA-329,5129,git
2026-06-26,VV-VITA-329,5120,git
2026-06-27,VV-VITA-329,5059,git
2026-06-28,VV-VITA-329,5056,git
2026-06-29,VV-VITA-329,5054,git
2026-06-30,VV-VITA-329,5053,git
2026-07-01,VV-VITA-329,5053,git
2026-07-02,VV-VITA-329,5053,git
2026-07-03,VV-VITA-329,5050,git
2026-07-04,VV-VITA-329,5049,git
2026-07-05,VV-VITA-329,5048,git
2026-07-06,VV-VITA-329,5047,git
2026-07-07,VV-VITA-329,5046,git
2026-07-08,VV-VITA-329,5044,git
2026-07-09,VV-VITA-329,5042,git
2026-07-10,VV-VITA-329,5038,git
2026-07-11,VV-VITA-329,5030,git
2026-07-12,VV-VITA-329,5030,git
2026-07-13,VV-VITA-329,5028,git
2026-07-14,VV-VITA-329,5027,git
2026-07-15,VV-VITA-329,5026,git
2026-07-16,VV-VITA-329,5025,matrixify
2026-06-04,VV-VITA-331,0,git
2026-06-05,VV-VITA-331,0,git
2026-06-06,VV-VITA-331,0,git
2026-06-07,VV-VITA-331,0,git
2026-06-08,VV-VITA-331,0,git
2026-06-09,VV-VITA-331,0,git
2026-06-10,VV-VITA-331,0,git
2026-06-11,VV-VITA-331,0,git
2026-06-12,VV-VITA-331,0,git
2026-06-13,VV-VITA-331,0,git
2026-06-14,VV-VITA-331,0,git
2026-06-15,VV-VITA-331,0,git
2026-06-16,VV-VITA-331,0,git
2026-06-17,VV-VITA-331,0,git
2026-06-18,VV-VITA-331,0,git
2026-06-19,VV-VITA-331,0,git
2026-06-20,VV-VITA-331,0,git
2026-06-21,VV-VITA-331,0,git
2026-06-22,VV-VITA-331,0,git
2026-06-23,VV-VITA-331,0,git
2026-06-24,VV-VITA-331,0,git
2026-06-25,VV-VITA-331,0,git
2026-06-26,VV-VITA-331,0,git
2026-06-27,VV-VITA-331,0,git
2026-06-28,VV-VITA-331,0,git
2026-06-29,VV-VITA-331,0,git
2026-06-30,VV-VITA-331,0,git
2026-07-01,VV-VITA-331,0,git
2026-07-02,VV-VITA-331,0,git
2026-07-03,VV-VITA-331,0,git
2026-07-04,VV-VITA-331,0,git
2026-07-05,VV-VITA-331,0,git
2026-07-06,VV-VITA-331,0,git
2026-07-07,VV-VITA-331,0,git
2026-07-08,VV-VITA-331,0,git
2026-07-09,VV-VITA-331,0,git
2026-07-10,VV-VITA-331,0,git
2026-07-11,VV-VITA-331,0,git
2026-07-12,VV-VITA-331,0,git
2026-07-13,VV-VITA-331,0,git
2026-07-14,VV-VITA-331,0,git
2026-07-15,VV-VITA-331,0,git
2026-07-16,VV-VITA-331,0,matrixify
2026-06-04,VV-VITA-332,0,git
2026-06-05,VV-VITA-332,0,git
2026-06-06,VV-VITA-332,0,git
2026-06-07,VV-VITA-332,0,git
2026-06-08,VV-VITA-332,0,git
2026-06-09,VV-VITA-332,0,git
2026-06-10,VV-VITA-332,0,git
2026-06-11,VV-VITA-332,0,git
2026-06-12,VV-VITA-332,0,git
2026-06-13,VV-VITA-332,0,git
2026-06-14,VV-VITA-332,0,git
2026-06-15,VV-VITA-332,0,git
2026-06-16,VV-VITA-332,0,git
2026-06-17,VV-VITA-332,0,git
2026-06-18,VV-VITA-332,0,git
2026-06-19,VV-VITA-332,0,git
2026-06-20,VV-VITA-332,0,git
2026-06-21,VV-VITA-332,0,git
2026-06-22,VV-VITA-332,0,git
2026-06-23,VV-VITA-332,0,git
2026-06-24,VV-VITA-332,0,git
2026-06-25,VV-VITA-332,0,git
2026-06-26,VV-VITA-332,0,git
2026-06-27,VV-VITA-332,0,git
2026-06-28,VV-VITA-332,0,git
2026-06-29,VV-VITA-332,0,git
2026-06-30,VV-VITA-332,0,git
2026-07-01,VV-VITA-332,0,git
2026-07-02,VV-VITA-332,0,git
2026-07-03,VV-VITA-332,0,git
2026-07-04,VV-VITA-332,0,git
2026-07-05,VV-VITA-332,0,git
2026-07-06,VV-VITA-332,0,git
2026-07-07,VV-VITA-332,0,git
2026-07-08,VV-VITA-332,0,git
2026-07-09,VV-VITA-332,0,git
2026-07-10,VV-VITA-332,0,git
2026-07-11,VV-VITA-332,0,git
2026-07-12,VV-VITA-332,0,git
2026-07-13,VV-VITA-332,0,git
2026-07-14,VV-VITA-332,0,git
2026-07-15,VV-VITA-332,0,git
2026-07-16,VV-VITA-332,0,matrixify
2026-06-04,VV-VITA-333,438,git
2026-06-05,VV-VITA-333,13,git
2026-06-06,VV-VITA-333,12,git
2026-06-07,VV-VITA-333,10,git
2026-06-08,VV-VITA-333,8,git
2026-06-09,VV-VITA-333,6,git
2026-06-10,VV-VITA-333,6,git
2026-06-11,VV-VITA-333,2,git
2026-06-12,VV-VITA-333,4,git
2026-06-13,VV-VITA-333,2,git
2026-06-14,VV-VITA-333,0,git
2026-06-15,VV-VITA-333,0,git
2026-06-16,VV-VITA-333,109,git
2026-06-17,VV-VITA-333,108,git
2026-06-18,VV-VITA-333,107,git
2026-06-19,VV-VITA-333,104,git
2026-06-20,VV-VITA-333,100,git
2026-06-21,VV-VITA-333,100,git
2026-06-22,VV-VITA-333,100,git
2026-06-23,VV-VITA-333,93,git
2026-06-24,VV-VITA-333,93,git
2026-06-25,VV-VITA-333,0,git
2026-06-26,VV-VITA-333,0,git
2026-06-27,VV-VITA-333,0,git
2026-06-28,VV-VITA-333,0,git
2026-06-29,VV-VITA-333,0,git
2026-06-30,VV-VITA-333,0,git
2026-07-01,VV-VITA-333,0,git
2026-07-02,VV-VITA-333,0,git
2026-07-03,VV-VITA-333,0,git
2026-07-04,VV-VITA-333,0,git
2026-07-05,VV-VITA-333,0,git
2026-07-06,VV-VITA-333,0,git
2026-07-07,VV-VITA-333,0,git
2026-07-08,VV-VITA-333,0,git
2026-07-09,VV-VITA-333,0,git
2026-07-10,VV-VITA-333,0,git
2026-07-11,VV-VITA-333,0,git
2026-07-12,VV-VITA-333,0,git
2026-07-13,VV-VITA-333,0,git
2026-07-14,VV-VITA-333,0,git
2026-07-15,VV-VITA-333,0,git
2026-07-16,VV-VITA-333,0,matrixify
2026-06-04,VV-VITA-335,0,git
2026-06-05,VV-VITA-335,0,git
2026-06-06,VV-VITA-335,0,git
2026-06-07,VV-VITA-335,0,git
2026-06-08,VV-VITA-335,0,git
2026-06-09,VV-VITA-335,0,git
2026-06-10,VV-VITA-335,0,git
2026-06-11,VV-VITA-335,0,git
2026-06-12,VV-VITA-335,0,git
2026-06-13,VV-VITA-335,0,git
2026-06-14,VV-VITA-335,0,git
2026-06-15,VV-VITA-335,0,git
2026-06-16,VV-VITA-335,0,git
2026-06-17,VV-VITA-335,0,git
2026-06-18,VV-VITA-335,0,git
2026-06-19,VV-VITA-335,0,git
2026-06-20,VV-VITA-335,0,git
2026-06-21,VV-VITA-335,0,git
2026-06-22,VV-VITA-335,0,git
2026-06-23,VV-VITA-335,0,git
2026-06-24,VV-VITA-335,0,git
2026-06-25,VV-VITA-335,0,git
2026-06-26,VV-VITA-335,0,git
2026-06-27,VV-VITA-335,0,git
2026-06-28,VV-VITA-335,0,git
2026-06-29,VV-VITA-335,0,git
2026-06-30,VV-VITA-335,0,git
2026-07-01,VV-VITA-335,0,git
2026-07-02,VV-VITA-335,0,git
2026-07-03,VV-VITA-335,0,git
2026-07-04,VV-VITA-335,0,git
2026-07-05,VV-VITA-335,0,git
2026-07-06,VV-VITA-335,0,git
2026-07-07,VV-VITA-335,0,git
2026-07-08,VV-VITA-335,0,git
2026-07-09,VV-VITA-335,0,git
2026-07-10,VV-VITA-335,0,git
2026-07-11,VV-VITA-335,0,git
2026-07-12,VV-VITA-335,0,git
2026-07-13,VV-VITA-335,0,git
2026-07-14,VV-VITA-335,0,git
2026-07-15,VV-VITA-335,0,git
2026-07-16,VV-VITA-335,0,matrixify
2026-06-04,VV-VITA-336,-10,git
2026-06-05,VV-VITA-336,-10,git
2026-06-06,VV-VITA-336,-10,git
2026-06-07,VV-VITA-336,-10,git
2026-06-08,VV-VITA-336,-10,git
2026-06-09,VV-VITA-336,-10,git
2026-06-10,VV-VITA-336,-10,git
2026-06-11,VV-VITA-336,-10,git
2026-06-12,VV-VITA-336,1641,git
2026-06-13,VV-VITA-336,1641,git
2026-06-14,VV-VITA-336,1640,git
2026-06-15,VV-VITA-336,1640,git
2026-06-16,VV-VITA-336,1640,git
2026-06-17,VV-VITA-336,1639,git
2026-06-18,VV-VITA-336,1639,git
2026-06-19,VV-VITA-336,1638,git
2026-06-20,VV-VITA-336,1638,git
2026-06-21,VV-VITA-336,1638,git
2026-06-22,VV-VITA-336,1213,git
2026-06-23,VV-VITA-336,1212,git
2026-06-24,VV-VITA-336,22,git
2026-06-25,VV-VITA-336,18,git
2026-06-26,VV-VITA-336,17,git
2026-06-27,VV-VITA-336,-10,git
2026-06-28,VV-VITA-336,-10,git
2026-06-29,VV-VITA-336,-10,git
2026-06-30,VV-VITA-336,-10,git
2026-07-01,VV-VITA-336,-10,git
2026-07-02,VV-VITA-336,-10,git
2026-07-03,VV-VITA-336,-10,git
2026-07-04,VV-VITA-336,-10,git
2026-07-05,VV-VITA-336,-10,git
2026-07-06,VV-VITA-336,1180,git
2026-07-07,VV-VITA-336,1178,git
2026-07-08,VV-VITA-336,1178,git
2026-07-09,VV-VITA-336,1178,git
2026-07-10,VV-VITA-336,1170,git
2026-07-11,VV-VITA-336,1170,git
2026-07-12,VV-VITA-336,1170,git
2026-07-13,VV-VITA-336,1170,git
2026-07-14,VV-VITA-336,1167,git
2026-07-15,VV-VITA-336,1167,git
2026-07-16,VV-VITA-336,1163,matrixify
2026-06-04,VV-VITA-337,0,git
2026-06-05,VV-VITA-337,0,git
2026-06-06,VV-VITA-337,0,git
2026-06-07,VV-VITA-337,0,git
2026-06-08,VV-VITA-337,0,git
2026-06-09,VV-VITA-337,0,git
2026-06-10,VV-VITA-337,0,git
2026-06-11,VV-VITA-337,0,git
2026-06-12,VV-VITA-337,0,git
2026-06-13,VV-VITA-337,0,git
2026-06-14,VV-VITA-337,0,git
2026-06-15,VV-VITA-337,0,git
2026-06-16,VV-VITA-337,0,git
2026-06-17,VV-VITA-337,0,git
2026-06-18,VV-VITA-337,0,git
2026-06-19,VV-VITA-337,0,git
2026-06-20,VV-VITA-337,0,git
2026-06-21,VV-VITA-337,0,git
2026-06-22,VV-VITA-337,0,git
2026-06-23,VV-VITA-337,0,git
2026-06-24,VV-VITA-337,0,git
2026-06-25,VV-VITA-337,0,git
2026-06-26,VV-VITA-337,0,git
2026-06-27,VV-VITA-337,0,git
2026-06-28,VV-VITA-337,0,git
2026-06-29,VV-VITA-337,0,git
2026-06-30,VV-VITA-337,0,git
2026-07-01,VV-VITA-337,0,git
2026-07-02,VV-VITA-337,0,git
2026-07-03,VV-VITA-337,0,git
2026-07-04,VV-VITA-337,0,git
2026-07-05,VV-VITA-337,0,git
2026-07-06,VV-VITA-337,0,git
2026-07-07,VV-VITA-337,0,git
2026-07-08,VV-VITA-337,0,git
2026-07-09,VV-VITA-337,0,git
2026-07-10,VV-VITA-337,0,git
2026-07-11,VV-VITA-337,0,git
2026-07-12,VV-VITA-337,0,git
2026-07-13,VV-VITA-337,0,git
2026-07-14,VV-VITA-337,0,git
2026-07-15,VV-VITA-337,0,git
2026-07-16,VV-VITA-337,0,matrixify
2026-06-04,VV-VITA-338,939,git
2026-06-05,VV-VITA-338,819,git
2026-06-06,VV-VITA-338,819,git
2026-06-07,VV-VITA-338,756,git
2026-06-08,VV-VITA-338,755,git
2026-06-09,VV-VITA-338,751,git
2026-06-10,VV-VITA-338,748,git
2026-06-11,VV-VITA-338,748,git
2026-06-12,VV-VITA-338,748,git
2026-06-13,VV-VITA-338,747,git
2026-06-14,VV-VITA-338,746,git
2026-06-15,VV-VITA-338,745,git
2026-06-16,VV-VITA-338,1103,git
2026-06-17,VV-VITA-338,1101,git
2026-06-18,VV-VITA-338,1101,git
2026-06-19,VV-VITA-338,1093,git
2026-06-20,VV-VITA-338,1087,git
2026-06-21,VV-VITA-338,1084,git
2026-06-22,VV-VITA-338,904,git
2026-06-23,VV-VITA-338,902,git
2026-06-24,VV-VITA-338,899,git
2026-06-25,VV-VITA-338,897,git
2026-06-26,VV-VITA-338,895,git
2026-06-27,VV-VITA-338,328,git
2026-06-28,VV-VITA-338,328,git
2026-06-29,VV-VITA-338,328,git
2026-06-30,VV-VITA-338,328,git
2026-07-01,VV-VITA-338,326,git
2026-07-02,VV-VITA-338,326,git
2026-07-03,VV-VITA-338,324,git
2026-07-04,VV-VITA-338,318,git
2026-07-05,VV-VITA-338,317,git
2026-07-06,VV-VITA-338,316,git
2026-07-07,VV-VITA-338,316,git
2026-07-08,VV-VITA-338,316,git
2026-07-09,VV-VITA-338,312,git
2026-07-10,VV-VITA-338,311,git
2026-07-11,VV-VITA-338,311,git
2026-07-12,VV-VITA-338,311,git
2026-07-13,VV-VITA-338,307,git
2026-07-14,VV-VITA-338,306,git
2026-07-15,VV-VITA-338,306,git
2026-07-16,VV-VITA-338,305,matrixify
2026-06-04,VV-VITA-339,-10,git
2026-06-05,VV-VITA-339,-10,git
2026-06-06,VV-VITA-339,-10,git
2026-06-07,VV-VITA-339,-10,git
2026-06-08,VV-VITA-339,-10,git
2026-06-09,VV-VITA-339,-10,git
2026-06-10,VV-VITA-339,-10,git
2026-06-11,VV-VITA-339,-10,git
2026-06-12,VV-VITA-339,-10,git
2026-06-13,VV-VITA-339,-10,git
2026-06-14,VV-VITA-339,-10,git
2026-06-15,VV-VITA-339,-10,git
2026-06-16,VV-VITA-339,1079,git
2026-06-17,VV-VITA-339,1077,git
2026-06-18,VV-VITA-339,1074,git
2026-06-19,VV-VITA-339,1070,git
2026-06-20,VV-VITA-339,1068,git
2026-06-21,VV-VITA-339,1067,git
2026-06-22,VV-VITA-339,10,git
2026-06-23,VV-VITA-339,10,git
2026-06-24,VV-VITA-339,9,git
2026-06-25,VV-VITA-339,4,git
2026-06-26,VV-VITA-339,0,git
2026-06-27,VV-VITA-339,-10,git
2026-06-28,VV-VITA-339,-10,git
2026-06-29,VV-VITA-339,-10,git
2026-06-30,VV-VITA-339,-10,git
2026-07-01,VV-VITA-339,-10,git
2026-07-02,VV-VITA-339,-10,git
2026-07-03,VV-VITA-339,-10,git
2026-07-04,VV-VITA-339,-10,git
2026-07-05,VV-VITA-339,-10,git
2026-07-06,VV-VITA-339,-10,git
2026-07-07,VV-VITA-339,-10,git
2026-07-08,VV-VITA-339,-10,git
2026-07-09,VV-VITA-339,-10,git
2026-07-10,VV-VITA-339,-10,git
2026-07-11,VV-VITA-339,-10,git
2026-07-12,VV-VITA-339,-10,git
2026-07-13,VV-VITA-339,-10,git
2026-07-14,VV-VITA-339,-10,git
2026-07-15,VV-VITA-339,-10,git
2026-07-16,VV-VITA-339,-10,matrixify
2026-06-04,VV-VITA-340,-10,git
2026-06-05,VV-VITA-340,-12,git
2026-06-06,VV-VITA-340,-12,git
2026-06-07,VV-VITA-340,-12,git
2026-06-08,VV-VITA-340,-12,git
2026-06-09,VV-VITA-340,-12,git
2026-06-10,VV-VITA-340,-10,git
2026-06-11,VV-VITA-340,-10,git
2026-06-12,VV-VITA-340,-10,git
2026-06-13,VV-VITA-340,-10,git
2026-06-14,VV-VITA-340,-11,git
2026-06-15,VV-VITA-340,-11,git
2026-06-16,VV-VITA-340,1788,git
2026-06-17,VV-VITA-340,1788,git
2026-06-18,VV-VITA-340,1787,git
2026-06-19,VV-VITA-340,1787,git
2026-06-20,VV-VITA-340,1786,git
2026-06-21,VV-VITA-340,1786,git
2026-06-22,VV-VITA-340,1784,git
2026-06-23,VV-VITA-340,1784,git
2026-06-24,VV-VITA-340,0,git
2026-06-25,VV-VITA-340,0,git
2026-06-26,VV-VITA-340,0,git
2026-06-27,VV-VITA-340,0,git
2026-06-28,VV-VITA-340,0,git
2026-06-29,VV-VITA-340,0,git
2026-06-30,VV-VITA-340,0,git
2026-07-01,VV-VITA-340,0,git
2026-07-02,VV-VITA-340,0,git
2026-07-03,VV-VITA-340,0,git
2026-07-04,VV-VITA-340,0,git
2026-07-05,VV-VITA-340,0,git
2026-07-06,VV-VITA-340,0,git
2026-07-07,VV-VITA-340,0,git
2026-07-08,VV-VITA-340,0,git
2026-07-09,VV-VITA-340,0,git
2026-07-10,VV-VITA-340,0,git
2026-07-11,VV-VITA-340,0,git
2026-07-12,VV-VITA-340,0,git
2026-07-13,VV-VITA-340,0,git
2026-07-14,VV-VITA-340,0,git
2026-07-15,VV-VITA-340,0,git
2026-07-16,VV-VITA-340,0,matrixify
2026-06-04,VV-VITA-341,0,git
2026-06-05,VV-VITA-341,0,git
2026-06-06,VV-VITA-341,0,git
2026-06-07,VV-VITA-341,0,git
2026-06-08,VV-VITA-341,0,git
2026-06-09,VV-VITA-341,0,git
2026-06-10,VV-VITA-341,0,git
2026-06-11,VV-VITA-341,0,git
2026-06-12,VV-VITA-341,0,git
2026-06-13,VV-VITA-341,0,git
2026-06-14,VV-VITA-341,0,git
2026-06-15,VV-VITA-341,0,git
2026-06-16,VV-VITA-341,0,git
2026-06-17,VV-VITA-341,0,git
2026-06-18,VV-VITA-341,0,git
2026-06-19,VV-VITA-341,0,git
2026-06-20,VV-VITA-341,0,git
2026-06-21,VV-VITA-341,0,git
2026-06-22,VV-VITA-341,0,git
2026-06-23,VV-VITA-341,0,git
2026-06-24,VV-VITA-341,0,git
2026-06-25,VV-VITA-341,0,git
2026-06-26,VV-VITA-341,0,git
2026-06-27,VV-VITA-341,0,git
2026-06-28,VV-VITA-341,0,git
2026-06-29,VV-VITA-341,0,git
2026-06-30,VV-VITA-341,0,git
2026-07-01,VV-VITA-341,0,git
2026-07-02,VV-VITA-341,0,git
2026-07-03,VV-VITA-341,0,git
2026-07-04,VV-VITA-341,0,git
2026-07-05,VV-VITA-341,0,git
2026-07-06,VV-VITA-341,0,git
2026-07-07,VV-VITA-341,0,git
2026-07-08,VV-VITA-341,-1,git
2026-07-09,VV-VITA-341,0,git
2026-07-10,VV-VITA-341,0,git
2026-07-11,VV-VITA-341,0,git
2026-07-12,VV-VITA-341,0,git
2026-07-13,VV-VITA-341,0,git
2026-07-14,VV-VITA-341,0,git
2026-07-15,VV-VITA-341,0,git
2026-07-16,VV-VITA-341,0,matrixify
2026-06-04,VV-VITA-342,222,git
2026-06-05,VV-VITA-342,213,git
2026-06-06,VV-VITA-342,210,git
2026-06-07,VV-VITA-342,209,git
2026-06-08,VV-VITA-342,209,git
2026-06-09,VV-VITA-342,206,git
2026-06-10,VV-VITA-342,203,git
2026-06-11,VV-VITA-342,198,git
2026-06-12,VV-VITA-342,193,git
2026-06-13,VV-VITA-342,193,git
2026-06-14,VV-VITA-342,192,git
2026-06-15,VV-VITA-342,192,git
2026-06-16,VV-VITA-342,1030,git
2026-06-17,VV-VITA-342,1030,git
2026-06-18,VV-VITA-342,1027,git
2026-06-19,VV-VITA-342,1023,git
2026-06-20,VV-VITA-342,1020,git
2026-06-21,VV-VITA-342,1018,git
2026-06-22,VV-VITA-342,1017,git
2026-06-23,VV-VITA-342,1010,git
2026-06-24,VV-VITA-342,1007,git
2026-06-25,VV-VITA-342,1004,git
2026-06-26,VV-VITA-342,993,git
2026-06-27,VV-VITA-342,801,git
2026-06-28,VV-VITA-342,801,git
2026-06-29,VV-VITA-342,800,git
2026-06-30,VV-VITA-342,798,git
2026-07-01,VV-VITA-342,798,git
2026-07-02,VV-VITA-342,798,git
2026-07-03,VV-VITA-342,797,git
2026-07-04,VV-VITA-342,794,git
2026-07-05,VV-VITA-342,794,git
2026-07-06,VV-VITA-342,788,git
2026-07-07,VV-VITA-342,787,git
2026-07-08,VV-VITA-342,783,git
2026-07-09,VV-VITA-342,783,git
2026-07-10,VV-VITA-342,782,git
2026-07-11,VV-VITA-342,776,git
2026-07-12,VV-VITA-342,775,git
2026-07-13,VV-VITA-342,769,git
2026-07-14,VV-VITA-342,768,git
2026-07-15,VV-VITA-342,770,git
2026-07-16,VV-VITA-342,768,matrixify
2026-06-04,VV-VITA-343,0,git
2026-06-05,VV-VITA-343,0,git
2026-06-06,VV-VITA-343,0,git
2026-06-07,VV-VITA-343,0,git
2026-06-08,VV-VITA-343,0,git
2026-06-09,VV-VITA-343,0,git
2026-06-10,VV-VITA-343,0,git
2026-06-11,VV-VITA-343,0,git
2026-06-12,VV-VITA-343,0,git
2026-06-13,VV-VITA-343,0,git
2026-06-14,VV-VITA-343,0,git
2026-06-15,VV-VITA-343,0,git
2026-06-16,VV-VITA-343,0,git
2026-06-17,VV-VITA-343,0,git
2026-06-18,VV-VITA-343,0,git
2026-06-19,VV-VITA-343,0,git
2026-06-20,VV-VITA-343,0,git
2026-06-21,VV-VITA-343,0,git
2026-06-22,VV-VITA-343,0,git
2026-06-23,VV-VITA-343,0,git
2026-06-24,VV-VITA-343,0,git
2026-06-25,VV-VITA-343,0,git
2026-06-26,VV-VITA-343,0,git
2026-06-27,VV-VITA-343,0,git
2026-06-28,VV-VITA-343,0,git
2026-06-29,VV-VITA-343,0,git
2026-06-30,VV-VITA-343,0,git
2026-07-01,VV-VITA-343,0,git
2026-07-02,VV-VITA-343,0,git
2026-07-03,VV-VITA-343,0,git
2026-07-04,VV-VITA-343,0,git
2026-07-05,VV-VITA-343,0,git
2026-07-06,VV-VITA-343,0,git
2026-07-07,VV-VITA-343,0,git
2026-07-08,VV-VITA-343,0,git
2026-07-09,VV-VITA-343,0,git
2026-07-10,VV-VITA-343,0,git
2026-07-11,VV-VITA-343,0,git
2026-07-12,VV-VITA-343,0,git
2026-07-13,VV-VITA-343,0,git
2026-07-14,VV-VITA-343,0,git
2026-07-15,VV-VITA-343,0,git
2026-07-16,VV-VITA-343,0,matrixify
2026-06-04,VV-VITA-344,229,git
2026-06-05,VV-VITA-344,225,git
2026-06-06,VV-VITA-344,220,git
2026-06-07,VV-VITA-344,159,git
2026-06-08,VV-VITA-344,157,git
2026-06-09,VV-VITA-344,157,git
2026-06-10,VV-VITA-344,156,git
2026-06-11,VV-VITA-344,150,git
2026-06-12,VV-VITA-344,152,git
2026-06-13,VV-VITA-344,149,git
2026-06-14,VV-VITA-344,27,git
2026-06-15,VV-VITA-344,19,git
2026-06-16,VV-VITA-344,850,git
2026-06-17,VV-VITA-344,846,git
2026-06-18,VV-VITA-344,843,git
2026-06-19,VV-VITA-344,838,git
2026-06-20,VV-VITA-344,832,git
2026-06-21,VV-VITA-344,830,git
2026-06-22,VV-VITA-344,828,git
2026-06-23,VV-VITA-344,823,git
2026-06-24,VV-VITA-344,818,git
2026-06-25,VV-VITA-344,817,git
2026-06-26,VV-VITA-344,808,git
2026-06-27,VV-VITA-344,785,git
2026-06-28,VV-VITA-344,785,git
2026-06-29,VV-VITA-344,779,git
2026-06-30,VV-VITA-344,781,git
2026-07-01,VV-VITA-344,179,git
2026-07-02,VV-VITA-344,177,git
2026-07-03,VV-VITA-344,175,git
2026-07-04,VV-VITA-344,175,git
2026-07-05,VV-VITA-344,175,git
2026-07-06,VV-VITA-344,172,git
2026-07-07,VV-VITA-344,170,git
2026-07-08,VV-VITA-344,169,git
2026-07-09,VV-VITA-344,168,git
2026-07-10,VV-VITA-344,167,git
2026-07-11,VV-VITA-344,166,git
2026-07-12,VV-VITA-344,162,git
2026-07-13,VV-VITA-344,158,git
2026-07-14,VV-VITA-344,154,git
2026-07-15,VV-VITA-344,153,git
2026-07-16,VV-VITA-344,150,matrixify
2026-06-04,VV-VITA-345,716,git
2026-06-05,VV-VITA-345,714,git
2026-06-06,VV-VITA-345,714,git
2026-06-07,VV-VITA-345,713,git
2026-06-08,VV-VITA-345,712,git
2026-06-09,VV-VITA-345,712,git
2026-06-10,VV-VITA-345,712,git
2026-06-11,VV-VITA-345,712,git
2026-06-12,VV-VITA-345,712,git
2026-06-13,VV-VITA-345,200,git
2026-06-14,VV-VITA-345,200,git
2026-06-15,VV-VITA-345,198,git
2026-06-16,VV-VITA-345,197,git
2026-06-17,VV-VITA-345,194,git
2026-06-18,VV-VITA-345,193,git
2026-06-19,VV-VITA-345,193,git
2026-06-20,VV-VITA-345,193,git
2026-06-21,VV-VITA-345,193,git
2026-06-22,VV-VITA-345,17,git
2026-06-23,VV-VITA-345,16,git
2026-06-24,VV-VITA-345,16,git
2026-06-25,VV-VITA-345,15,git
2026-06-26,VV-VITA-345,15,git
2026-06-27,VV-VITA-345,-10,git
2026-06-28,VV-VITA-345,-10,git
2026-06-29,VV-VITA-345,500,git
2026-06-30,VV-VITA-345,500,git
2026-07-01,VV-VITA-345,500,git
2026-07-02,VV-VITA-345,500,git
2026-07-03,VV-VITA-345,500,git
2026-07-04,VV-VITA-345,499,git
2026-07-05,VV-VITA-345,499,git
2026-07-06,VV-VITA-345,244,git
2026-07-07,VV-VITA-345,240,git
2026-07-08,VV-VITA-345,239,git
2026-07-09,VV-VITA-345,237,git
2026-07-10,VV-VITA-345,237,git
2026-07-11,VV-VITA-345,237,git
2026-07-12,VV-VITA-345,237,git
2026-07-13,VV-VITA-345,237,git
2026-07-14,VV-VITA-345,237,git
2026-07-15,VV-VITA-345,237,git
2026-07-16,VV-VITA-345,236,matrixify
2026-06-04,VV-VITA-346,173,git
2026-06-05,VV-VITA-346,173,git
2026-06-06,VV-VITA-346,173,git
2026-06-07,VV-VITA-346,55,git
2026-06-08,VV-VITA-346,54,git
2026-06-09,VV-VITA-346,54,git
2026-06-10,VV-VITA-346,54,git
2026-06-11,VV-VITA-346,54,git
2026-06-12,VV-VITA-346,54,git
2026-06-13,VV-VITA-346,54,git
2026-06-14,VV-VITA-346,54,git
2026-06-15,VV-VITA-346,54,git
2026-06-16,VV-VITA-346,170,git
2026-06-17,VV-VITA-346,170,git
2026-06-18,VV-VITA-346,170,git
2026-06-19,VV-VITA-346,169,git
2026-06-20,VV-VITA-346,169,git
2026-06-21,VV-VITA-346,169,git
2026-06-22,VV-VITA-346,169,git
2026-06-23,VV-VITA-346,169,git
2026-06-24,VV-VITA-346,169,git
2026-06-25,VV-VITA-346,54,git
2026-06-26,VV-VITA-346,169,git
2026-06-27,VV-VITA-346,104,git
2026-06-28,VV-VITA-346,104,git
2026-06-29,VV-VITA-346,102,git
2026-06-30,VV-VITA-346,102,git
2026-07-01,VV-VITA-346,102,git
2026-07-02,VV-VITA-346,101,git
2026-07-03,VV-VITA-346,101,git
2026-07-04,VV-VITA-346,99,git
2026-07-05,VV-VITA-346,99,git
2026-07-06,VV-VITA-346,98,git
2026-07-07,VV-VITA-346,98,git
2026-07-08,VV-VITA-346,97,git
2026-07-09,VV-VITA-346,97,git
2026-07-10,VV-VITA-346,97,git
2026-07-11,VV-VITA-346,97,git
2026-07-12,VV-VITA-346,97,git
2026-07-13,VV-VITA-346,96,git
2026-07-14,VV-VITA-346,96,git
2026-07-15,VV-VITA-346,96,git
2026-07-16,VV-VITA-346,96,matrixify
2026-06-04,VV-VITA-347,0,git
2026-06-05,VV-VITA-347,0,git
2026-06-06,VV-VITA-347,0,git
2026-06-07,VV-VITA-347,0,git
2026-06-08,VV-VITA-347,0,git
2026-06-09,VV-VITA-347,0,git
2026-06-10,VV-VITA-347,0,git
2026-06-11,VV-VITA-347,0,git
2026-06-12,VV-VITA-347,0,git
2026-06-13,VV-VITA-347,0,git
2026-06-14,VV-VITA-347,0,git
2026-06-15,VV-VITA-347,0,git
2026-06-16,VV-VITA-347,0,git
2026-06-17,VV-VITA-347,0,git
2026-06-18,VV-VITA-347,0,git
2026-06-19,VV-VITA-347,0,git
2026-06-20,VV-VITA-347,0,git
2026-06-21,VV-VITA-347,0,git
2026-06-22,VV-VITA-347,0,git
2026-06-23,VV-VITA-347,0,git
2026-06-24,VV-VITA-347,0,git
2026-06-25,VV-VITA-347,0,git
2026-06-26,VV-VITA-347,0,git
2026-06-27,VV-VITA-347,0,git
2026-06-28,VV-VITA-347,0,git
2026-06-29,VV-VITA-347,0,git
2026-06-30,VV-VITA-347,0,git
2026-07-01,VV-VITA-347,0,git
2026-07-02,VV-VITA-347,0,git
2026-07-03,VV-VITA-347,0,git
2026-07-04,VV-VITA-347,0,git
2026-07-05,VV-VITA-347,0,git
2026-07-06,VV-VITA-347,0,git
2026-07-07,VV-VITA-347,0,git
2026-07-08,VV-VITA-347,0,git
2026-07-09,VV-VITA-347,0,git
2026-07-10,VV-VITA-347,0,git
2026-07-11,VV-VITA-347,0,git
2026-07-12,VV-VITA-347,0,git
2026-07-13,VV-VITA-347,0,git
2026-07-14,VV-VITA-347,0,git
2026-07-15,VV-VITA-347,0,git
2026-07-16,VV-VITA-347,0,matrixify
2026-06-04,VV-VITA-348,0,git
2026-06-05,VV-VITA-348,0,git
2026-06-06,VV-VITA-348,0,git
2026-06-07,VV-VITA-348,0,git
2026-06-08,VV-VITA-348,0,git
2026-06-09,VV-VITA-348,0,git
2026-06-10,VV-VITA-348,0,git
2026-06-11,VV-VITA-348,0,git
2026-06-12,VV-VITA-348,0,git
2026-06-13,VV-VITA-348,0,git
2026-06-14,VV-VITA-348,0,git
2026-06-15,VV-VITA-348,0,git
2026-06-16,VV-VITA-348,0,git
2026-06-17,VV-VITA-348,0,git
2026-06-18,VV-VITA-348,0,git
2026-06-19,VV-VITA-348,0,git
2026-06-20,VV-VITA-348,0,git
2026-06-21,VV-VITA-348,0,git
2026-06-22,VV-VITA-348,0,git
2026-06-23,VV-VITA-348,0,git
2026-06-24,VV-VITA-348,0,git
2026-06-25,VV-VITA-348,0,git
2026-06-26,VV-VITA-348,0,git
2026-06-27,VV-VITA-348,0,git
2026-06-28,VV-VITA-348,0,git
2026-06-29,VV-VITA-348,0,git
2026-06-30,VV-VITA-348,0,git
2026-07-01,VV-VITA-348,0,git
2026-07-02,VV-VITA-348,0,git
2026-07-03,VV-VITA-348,0,git
2026-07-04,VV-VITA-348,0,git
2026-07-05,VV-VITA-348,0,git
2026-07-06,VV-VITA-348,0,git
2026-07-07,VV-VITA-348,0,git
2026-07-08,VV-VITA-348,0,git
2026-07-09,VV-VITA-348,0,git
2026-07-10,VV-VITA-348,0,git
2026-07-11,VV-VITA-348,0,git
2026-07-12,VV-VITA-348,0,git
2026-07-13,VV-VITA-348,0,git
2026-07-14,VV-VITA-348,0,git
2026-07-15,VV-VITA-348,0,git
2026-07-16,VV-VITA-348,0,matrixify
2026-06-04,VV-VITA-349,858,git
2026-06-05,VV-VITA-349,738,git
2026-06-06,VV-VITA-349,738,git
2026-06-07,VV-VITA-349,678,git
2026-06-08,VV-VITA-349,677,git
2026-06-09,VV-VITA-349,677,git
2026-06-10,VV-VITA-349,677,git
2026-06-11,VV-VITA-349,677,git
2026-06-12,VV-VITA-349,677,git
2026-06-13,VV-VITA-349,677,git
2026-06-14,VV-VITA-349,677,git
2026-06-15,VV-VITA-349,677,git
2026-06-16,VV-VITA-349,1036,git
2026-06-17,VV-VITA-349,1036,git
2026-06-18,VV-VITA-349,1034,git
2026-06-19,VV-VITA-349,1034,git
2026-06-20,VV-VITA-349,1034,git
2026-06-21,VV-VITA-349,1034,git
2026-06-22,VV-VITA-349,914,git
2026-06-23,VV-VITA-349,914,git
2026-06-24,VV-VITA-349,914,git
2026-06-25,VV-VITA-349,914,git
2026-06-26,VV-VITA-349,913,git
2026-06-27,VV-VITA-349,346,git
2026-06-28,VV-VITA-349,346,git
2026-06-29,VV-VITA-349,346,git
2026-06-30,VV-VITA-349,345,git
2026-07-01,VV-VITA-349,344,git
2026-07-02,VV-VITA-349,343,git
2026-07-03,VV-VITA-349,343,git
2026-07-04,VV-VITA-349,338,git
2026-07-05,VV-VITA-349,338,git
2026-07-06,VV-VITA-349,335,git
2026-07-07,VV-VITA-349,335,git
2026-07-08,VV-VITA-349,335,git
2026-07-09,VV-VITA-349,335,git
2026-07-10,VV-VITA-349,334,git
2026-07-11,VV-VITA-349,334,git
2026-07-12,VV-VITA-349,333,git
2026-07-13,VV-VITA-349,333,git
2026-07-14,VV-VITA-349,333,git
2026-07-15,VV-VITA-349,333,git
2026-07-16,VV-VITA-349,332,matrixify
2026-06-04,VV-VITA-350,-3,git
2026-06-05,VV-VITA-350,-3,git
2026-06-06,VV-VITA-350,-3,git
2026-06-07,VV-VITA-350,-3,git
2026-06-08,VV-VITA-350,-3,git
2026-06-09,VV-VITA-350,-3,git
2026-06-10,VV-VITA-350,-3,git
2026-06-11,VV-VITA-350,-3,git
2026-06-12,VV-VITA-350,-3,git
2026-06-13,VV-VITA-350,-3,git
2026-06-14,VV-VITA-350,-3,git
2026-06-15,VV-VITA-350,-3,git
2026-06-16,VV-VITA-350,-3,git
2026-06-17,VV-VITA-350,-3,git
2026-06-18,VV-VITA-350,-3,git
2026-06-19,VV-VITA-350,-3,git
2026-06-20,VV-VITA-350,-3,git
2026-06-21,VV-VITA-350,-3,git
2026-06-22,VV-VITA-350,-3,git
2026-06-23,VV-VITA-350,-3,git
2026-06-24,VV-VITA-350,-3,git
2026-06-25,VV-VITA-350,-3,git
2026-06-26,VV-VITA-350,-3,git
2026-06-27,VV-VITA-350,-3,git
2026-06-28,VV-VITA-350,-3,git
2026-06-29,VV-VITA-350,-3,git
2026-06-30,VV-VITA-350,-3,git
2026-07-01,VV-VITA-350,-3,git
2026-07-02,VV-VITA-350,-3,git
2026-07-03,VV-VITA-350,-3,git
2026-07-04,VV-VITA-350,-3,git
2026-07-05,VV-VITA-350,-3,git
2026-07-06,VV-VITA-350,-3,git
2026-07-07,VV-VITA-350,-3,git
2026-07-08,VV-VITA-350,-3,git
2026-07-09,VV-VITA-350,-3,git
2026-07-10,VV-VITA-350,-3,git
2026-07-11,VV-VITA-350,-3,git
2026-07-12,VV-VITA-350,-3,git
2026-07-13,VV-VITA-350,-3,git
2026-07-14,VV-VITA-350,-3,git
2026-07-15,VV-VITA-350,-3,git
2026-07-16,VV-VITA-350,-3,matrixify
2026-06-04,VV-VITA-351,139,git
2026-06-05,VV-VITA-351,-10,git
2026-06-06,VV-VITA-351,-10,git
2026-06-07,VV-VITA-351,-10,git
2026-06-08,VV-VITA-351,-10,git
2026-06-09,VV-VITA-351,-10,git
2026-06-10,VV-VITA-351,-10,git
2026-06-11,VV-VITA-351,-10,git
2026-06-12,VV-VITA-351,-10,git
2026-06-13,VV-VITA-351,-10,git
2026-06-14,VV-VITA-351,-10,git
2026-06-15,VV-VITA-351,-10,git
2026-06-16,VV-VITA-351,-10,git
2026-06-17,VV-VITA-351,-10,git
2026-06-18,VV-VITA-351,-10,git
2026-06-19,VV-VITA-351,-10,git
2026-06-20,VV-VITA-351,-10,git
2026-06-21,VV-VITA-351,-10,git
2026-06-22,VV-VITA-351,-10,git
2026-06-23,VV-VITA-351,-11,git
2026-06-24,VV-VITA-351,-11,git
2026-06-25,VV-VITA-351,-11,git
2026-06-26,VV-VITA-351,-11,git
2026-06-27,VV-VITA-351,-10,git
2026-06-28,VV-VITA-351,-10,git
2026-06-29,VV-VITA-351,-10,git
2026-06-30,VV-VITA-351,-10,git
2026-07-01,VV-VITA-351,-10,git
2026-07-02,VV-VITA-351,-10,git
2026-07-03,VV-VITA-351,-10,git
2026-07-04,VV-VITA-351,-10,git
2026-07-05,VV-VITA-351,-10,git
2026-07-06,VV-VITA-351,-10,git
2026-07-07,VV-VITA-351,-10,git
2026-07-08,VV-VITA-351,-10,git
2026-07-09,VV-VITA-351,-10,git
2026-07-10,VV-VITA-351,-10,git
2026-07-11,VV-VITA-351,-10,git
2026-07-12,VV-VITA-351,-10,git
2026-07-13,VV-VITA-351,-10,git
2026-07-14,VV-VITA-351,-10,git
2026-07-15,VV-VITA-351,-10,git
2026-07-16,VV-VITA-351,-10,matrixify
2026-06-04,VV-VITA-352,-10,git
2026-06-05,VV-VITA-352,-10,git
2026-06-06,VV-VITA-352,-10,git
2026-06-07,VV-VITA-352,-10,git
2026-06-08,VV-VITA-352,-10,git
2026-06-09,VV-VITA-352,-10,git
2026-06-10,VV-VITA-352,977,git
2026-06-11,VV-VITA-352,977,git
2026-06-12,VV-VITA-352,970,git
2026-06-13,VV-VITA-352,967,git
2026-06-14,VV-VITA-352,102,git
2026-06-15,VV-VITA-352,100,git
2026-06-16,VV-VITA-352,97,git
2026-06-17,VV-VITA-352,97,git
2026-06-18,VV-VITA-352,96,git
2026-06-19,VV-VITA-352,96,git
2026-06-20,VV-VITA-352,94,git
2026-06-21,VV-VITA-352,93,git
2026-06-22,VV-VITA-352,91,git
2026-06-23,VV-VITA-352,86,git
2026-06-24,VV-VITA-352,82,git
2026-06-25,VV-VITA-352,78,git
2026-06-26,VV-VITA-352,74,git
2026-06-27,VV-VITA-352,-14,git
2026-06-28,VV-VITA-352,-14,git
2026-06-29,VV-VITA-352,850,git
2026-06-30,VV-VITA-352,853,git
2026-07-01,VV-VITA-352,853,git
2026-07-02,VV-VITA-352,853,git
2026-07-03,VV-VITA-352,849,git
2026-07-04,VV-VITA-352,844,git
2026-07-05,VV-VITA-352,842,git
2026-07-06,VV-VITA-352,839,git
2026-07-07,VV-VITA-352,839,git
2026-07-08,VV-VITA-352,839,git
2026-07-09,VV-VITA-352,839,git
2026-07-10,VV-VITA-352,839,git
2026-07-11,VV-VITA-352,839,git
2026-07-12,VV-VITA-352,838,git
2026-07-13,VV-VITA-352,838,git
2026-07-14,VV-VITA-352,837,git
2026-07-15,VV-VITA-352,837,git
2026-07-16,VV-VITA-352,836,matrixify
2026-06-04,VV-VITA-354,588,git
2026-06-05,VV-VITA-354,162,git
2026-06-06,VV-VITA-354,162,git
2026-06-07,VV-VITA-354,159,git
2026-06-08,VV-VITA-354,156,git
2026-06-09,VV-VITA-354,151,git
2026-06-10,VV-VITA-354,152,git
2026-06-11,VV-VITA-354,151,git
2026-06-12,VV-VITA-354,149,git
2026-06-13,VV-VITA-354,147,git
2026-06-14,VV-VITA-354,143,git
2026-06-15,VV-VITA-354,140,git
2026-06-16,VV-VITA-354,2176,git
2026-06-17,VV-VITA-354,2175,git
2026-06-18,VV-VITA-354,2175,git
2026-06-19,VV-VITA-354,2175,git
2026-06-20,VV-VITA-354,2175,git
2026-06-21,VV-VITA-354,2173,git
2026-06-22,VV-VITA-354,2084,git
2026-06-23,VV-VITA-354,2084,git
2026-06-24,VV-VITA-354,1149,git
2026-06-25,VV-VITA-354,1143,git
2026-06-26,VV-VITA-354,1143,git
2026-06-27,VV-VITA-354,1082,git
2026-06-28,VV-VITA-354,1081,git
2026-06-29,VV-VITA-354,1080,git
2026-06-30,VV-VITA-354,1080,git
2026-07-01,VV-VITA-354,1080,git
2026-07-02,VV-VITA-354,1077,git
2026-07-03,VV-VITA-354,1077,git
2026-07-04,VV-VITA-354,1077,git
2026-07-05,VV-VITA-354,1075,git
2026-07-06,VV-VITA-354,1075,git
2026-07-07,VV-VITA-354,1075,git
2026-07-08,VV-VITA-354,1074,git
2026-07-09,VV-VITA-354,1074,git
2026-07-10,VV-VITA-354,1074,git
2026-07-11,VV-VITA-354,1074,git
2026-07-12,VV-VITA-354,1074,git
2026-07-13,VV-VITA-354,1073,git
2026-07-14,VV-VITA-354,1069,git
2026-07-15,VV-VITA-354,1069,git
2026-07-16,VV-VITA-354,1069,matrixify
2026-06-04,VV-VITA-355,0,git
2026-06-05,VV-VITA-355,0,git
2026-06-06,VV-VITA-355,0,git
2026-06-07,VV-VITA-355,0,git
2026-06-08,VV-VITA-355,0,git
2026-06-09,VV-VITA-355,0,git
2026-06-10,VV-VITA-355,0,git
2026-06-11,VV-VITA-355,0,git
2026-06-12,VV-VITA-355,0,git
2026-06-13,VV-VITA-355,0,git
2026-06-14,VV-VITA-355,0,git
2026-06-15,VV-VITA-355,0,git
2026-06-16,VV-VITA-355,0,git
2026-06-17,VV-VITA-355,0,git
2026-06-18,VV-VITA-355,0,git
2026-06-19,VV-VITA-355,7638,git
2026-06-20,VV-VITA-355,6613,git
2026-06-21,VV-VITA-355,6611,git
2026-06-22,VV-VITA-355,6433,git
2026-06-23,VV-VITA-355,6425,git
2026-06-24,VV-VITA-355,40,git
2026-06-25,VV-VITA-355,39,git
2026-06-26,VV-VITA-355,32,git
2026-06-27,VV-VITA-355,0,git
2026-06-28,VV-VITA-355,0,git
2026-06-29,VV-VITA-355,0,git
2026-06-30,VV-VITA-355,0,git
2026-07-01,VV-VITA-355,0,git
2026-07-02,VV-VITA-355,0,git
2026-07-03,VV-VITA-355,0,git
2026-07-04,VV-VITA-355,0,git
2026-07-05,VV-VITA-355,0,git
2026-07-06,VV-VITA-355,6371,git
2026-07-07,VV-VITA-355,6367,git
2026-07-08,VV-VITA-355,6362,git
2026-07-09,VV-VITA-355,6356,git
2026-07-10,VV-VITA-355,6356,git
2026-07-11,VV-VITA-355,6352,git
2026-07-12,VV-VITA-355,6352,git
2026-07-13,VV-VITA-355,6343,git
2026-07-14,VV-VITA-355,6341,git
2026-07-15,VV-VITA-355,6328,git
2026-07-16,VV-VITA-355,6325,matrixify
2026-06-04,VV-VITA-356,-11,git
2026-06-05,VV-VITA-356,-11,git
2026-06-06,VV-VITA-356,-11,git
2026-06-07,VV-VITA-356,-11,git
2026-06-08,VV-VITA-356,-11,git
2026-06-09,VV-VITA-356,-11,git
2026-06-10,VV-VITA-356,-11,git
2026-06-11,VV-VITA-356,-11,git
2026-06-12,VV-VITA-356,-11,git
2026-06-13,VV-VITA-356,-11,git
2026-06-14,VV-VITA-356,-11,git
2026-06-15,VV-VITA-356,-11,git
2026-06-16,VV-VITA-356,-11,git
2026-06-17,VV-VITA-356,-11,git
2026-06-18,VV-VITA-356,-11,git
2026-06-19,VV-VITA-356,-11,git
2026-06-20,VV-VITA-356,-11,git
2026-06-21,VV-VITA-356,-12,git
2026-06-22,VV-VITA-356,-11,git
2026-06-23,VV-VITA-356,-11,git
2026-06-24,VV-VITA-356,-10,git
2026-06-25,VV-VITA-356,-10,git
2026-06-26,VV-VITA-356,-11,git
2026-06-27,VV-VITA-356,-10,git
2026-06-28,VV-VITA-356,-10,git
2026-06-29,VV-VITA-356,-10,git
2026-06-30,VV-VITA-356,-10,git
2026-07-01,VV-VITA-356,-10,git
2026-07-02,VV-VITA-356,-11,git
2026-07-03,VV-VITA-356,-13,git
2026-07-04,VV-VITA-356,-14,git
2026-07-05,VV-VITA-356,-14,git
2026-07-06,VV-VITA-356,-14,git
2026-07-07,VV-VITA-356,-12,git
2026-07-08,VV-VITA-356,-12,git
2026-07-09,VV-VITA-356,-12,git
2026-07-10,VV-VITA-356,-13,git
2026-07-11,VV-VITA-356,-13,git
2026-07-12,VV-VITA-356,-13,git
2026-07-13,VV-VITA-356,-10,git
2026-07-14,VV-VITA-356,-10,git
2026-07-15,VV-VITA-356,-11,git
2026-07-16,VV-VITA-356,-12,matrixify
2026-06-04,VV-VITA-357,-10,git
2026-06-05,VV-VITA-357,-10,git
2026-06-06,VV-VITA-357,-10,git
2026-06-07,VV-VITA-357,-10,git
2026-06-08,VV-VITA-357,-10,git
2026-06-09,VV-VITA-357,-10,git
2026-06-10,VV-VITA-357,-10,git
2026-06-11,VV-VITA-357,-10,git
2026-06-12,VV-VITA-357,-10,git
2026-06-13,VV-VITA-357,-10,git
2026-06-14,VV-VITA-357,-10,git
2026-06-15,VV-VITA-357,-10,git
2026-06-16,VV-VITA-357,-10,git
2026-06-17,VV-VITA-357,-10,git
2026-06-18,VV-VITA-357,-10,git
2026-06-19,VV-VITA-357,-10,git
2026-06-20,VV-VITA-357,-10,git
2026-06-21,VV-VITA-357,-10,git
2026-06-22,VV-VITA-357,-10,git
2026-06-23,VV-VITA-357,-10,git
2026-06-24,VV-VITA-357,-10,git
2026-06-25,VV-VITA-357,-10,git
2026-06-26,VV-VITA-357,-10,git
2026-06-27,VV-VITA-357,-10,git
2026-06-28,VV-VITA-357,-10,git
2026-06-29,VV-VITA-357,-10,git
2026-06-30,VV-VITA-357,-10,git
2026-07-01,VV-VITA-357,-10,git
2026-07-02,VV-VITA-357,-10,git
2026-07-03,VV-VITA-357,-10,git
2026-07-04,VV-VITA-357,-10,git
2026-07-05,VV-VITA-357,-10,git
2026-07-06,VV-VITA-357,-10,git
2026-07-07,VV-VITA-357,-10,git
2026-07-08,VV-VITA-357,-10,git
2026-07-09,VV-VITA-357,-10,git
2026-07-10,VV-VITA-357,-10,git
2026-07-11,VV-VITA-357,-10,git
2026-07-12,VV-VITA-357,-10,git
2026-07-13,VV-VITA-357,-10,git
2026-07-14,VV-VITA-357,-10,git
2026-07-15,VV-VITA-357,-10,git
2026-07-16,VV-VITA-357,-10,matrixify
2026-06-04,VV-VITA-358,-5,git
2026-06-05,VV-VITA-358,-5,git
2026-06-06,VV-VITA-358,-5,git
2026-06-07,VV-VITA-358,-5,git
2026-06-08,VV-VITA-358,-5,git
2026-06-09,VV-VITA-358,-5,git
2026-06-10,VV-VITA-358,-5,git
2026-06-11,VV-VITA-358,-5,git
2026-06-12,VV-VITA-358,-5,git
2026-06-13,VV-VITA-358,-4,git
2026-06-14,VV-VITA-358,-4,git
2026-06-15,VV-VITA-358,-4,git
2026-06-16,VV-VITA-358,-4,git
2026-06-17,VV-VITA-358,-4,git
2026-06-18,VV-VITA-358,-4,git
2026-06-19,VV-VITA-358,-4,git
2026-06-20,VV-VITA-358,-4,git
2026-06-21,VV-VITA-358,-4,git
2026-06-22,VV-VITA-358,-4,git
2026-06-23,VV-VITA-358,-4,git
2026-06-24,VV-VITA-358,-4,git
2026-06-25,VV-VITA-358,-4,git
2026-06-26,VV-VITA-358,-4,git
2026-06-27,VV-VITA-358,-5,git
2026-06-28,VV-VITA-358,-5,git
2026-06-29,VV-VITA-358,-5,git
2026-06-30,VV-VITA-358,-5,git
2026-07-01,VV-VITA-358,-5,git
2026-07-02,VV-VITA-358,-5,git
2026-07-03,VV-VITA-358,-5,git
2026-07-04,VV-VITA-358,-5,git
2026-07-05,VV-VITA-358,-5,git
2026-07-06,VV-VITA-358,-5,git
2026-07-07,VV-VITA-358,-5,git
2026-07-08,VV-VITA-358,-5,git
2026-07-09,VV-VITA-358,-5,git
2026-07-10,VV-VITA-358,-5,git
2026-07-11,VV-VITA-358,-5,git
2026-07-12,VV-VITA-358,-5,git
2026-07-13,VV-VITA-358,-5,git
2026-07-14,VV-VITA-358,-5,git
2026-07-15,VV-VITA-358,-5,git
2026-07-16,VV-VITA-358,-5,matrixify
2026-06-04,VV-VITA-359,407,git
2026-06-05,VV-VITA-359,406,git
2026-06-06,VV-VITA-359,406,git
2026-06-07,VV-VITA-359,321,git
2026-06-08,VV-VITA-359,320,git
2026-06-09,VV-VITA-359,320,git
2026-06-10,VV-VITA-359,320,git
2026-06-11,VV-VITA-359,320,git
2026-06-12,VV-VITA-359,320,git
2026-06-13,VV-VITA-359,319,git
2026-06-14,VV-VITA-359,319,git
2026-06-15,VV-VITA-359,318,git
2026-06-16,VV-VITA-359,487,git
2026-06-17,VV-VITA-359,487,git
2026-06-18,VV-VITA-359,484,git
2026-06-19,VV-VITA-359,484,git
2026-06-20,VV-VITA-359,483,git
2026-06-21,VV-VITA-359,481,git
2026-06-22,VV-VITA-359,311,git
2026-06-23,VV-VITA-359,310,git
2026-06-24,VV-VITA-359,310,git
2026-06-25,VV-VITA-359,310,git
2026-06-26,VV-VITA-359,309,git
2026-06-27,VV-VITA-359,152,git
2026-06-28,VV-VITA-359,152,git
2026-06-29,VV-VITA-359,152,git
2026-06-30,VV-VITA-359,153,git
2026-07-01,VV-VITA-359,152,git
2026-07-02,VV-VITA-359,152,git
2026-07-03,VV-VITA-359,152,git
2026-07-04,VV-VITA-359,152,git
2026-07-05,VV-VITA-359,152,git
2026-07-06,VV-VITA-359,152,git
2026-07-07,VV-VITA-359,152,git
2026-07-08,VV-VITA-359,151,git
2026-07-09,VV-VITA-359,151,git
2026-07-10,VV-VITA-359,151,git
2026-07-11,VV-VITA-359,151,git
2026-07-12,VV-VITA-359,151,git
2026-07-13,VV-VITA-359,149,git
2026-07-14,VV-VITA-359,149,git
2026-07-15,VV-VITA-359,148,git
2026-07-16,VV-VITA-359,147,matrixify
2026-06-04,VV-VITA-360,-5,git
2026-06-05,VV-VITA-360,-5,git
2026-06-06,VV-VITA-360,-5,git
2026-06-07,VV-VITA-360,-5,git
2026-06-08,VV-VITA-360,-5,git
2026-06-09,VV-VITA-360,-5,git
2026-06-10,VV-VITA-360,-5,git
2026-06-11,VV-VITA-360,-5,git
2026-06-12,VV-VITA-360,-5,git
2026-06-13,VV-VITA-360,-5,git
2026-06-14,VV-VITA-360,-5,git
2026-06-15,VV-VITA-360,-5,git
2026-06-16,VV-VITA-360,1014,git
2026-06-17,VV-VITA-360,1014,git
2026-06-18,VV-VITA-360,1014,git
2026-06-19,VV-VITA-360,1014,git
2026-06-20,VV-VITA-360,1014,git
2026-06-21,VV-VITA-360,1014,git
2026-06-22,VV-VITA-360,1014,git
2026-06-23,VV-VITA-360,1014,git
2026-06-24,VV-VITA-360,0,git
2026-06-25,VV-VITA-360,0,git
2026-06-26,VV-VITA-360,0,git
2026-06-27,VV-VITA-360,0,git
2026-06-28,VV-VITA-360,0,git
2026-06-29,VV-VITA-360,0,git
2026-06-30,VV-VITA-360,0,git
2026-07-01,VV-VITA-360,0,git
2026-07-02,VV-VITA-360,0,git
2026-07-03,VV-VITA-360,0,git
2026-07-04,VV-VITA-360,0,git
2026-07-05,VV-VITA-360,0,git
2026-07-06,VV-VITA-360,0,git
2026-07-07,VV-VITA-360,0,git
2026-07-08,VV-VITA-360,0,git
2026-07-09,VV-VITA-360,0,git
2026-07-10,VV-VITA-360,0,git
2026-07-11,VV-VITA-360,0,git
2026-07-12,VV-VITA-360,0,git
2026-07-13,VV-VITA-360,0,git
2026-07-14,VV-VITA-360,0,git
2026-07-15,VV-VITA-360,0,git
2026-07-16,VV-VITA-360,0,matrixify
2026-06-04,VV-VITA-361,481,git
2026-06-05,VV-VITA-361,479,git
2026-06-06,VV-VITA-361,476,git
2026-06-07,VV-VITA-361,471,git
2026-06-08,VV-VITA-361,470,git
2026-06-09,VV-VITA-361,468,git
2026-06-10,VV-VITA-361,463,git
2026-06-11,VV-VITA-361,453,git
2026-06-12,VV-VITA-361,456,git
2026-06-13,VV-VITA-361,452,git
2026-06-14,VV-VITA-361,448,git
2026-06-15,VV-VITA-361,449,git
2026-06-16,VV-VITA-361,1518,git
2026-06-17,VV-VITA-361,1517,git
2026-06-18,VV-VITA-361,1514,git
2026-06-19,VV-VITA-361,1513,git
2026-06-20,VV-VITA-361,1512,git
2026-06-21,VV-VITA-361,1510,git
2026-06-22,VV-VITA-361,1508,git
2026-06-23,VV-VITA-361,1508,git
2026-06-24,VV-VITA-361,1503,git
2026-06-25,VV-VITA-361,1498,git
2026-06-26,VV-VITA-361,1492,git
2026-06-27,VV-VITA-361,1046,git
2026-06-28,VV-VITA-361,1045,git
2026-06-29,VV-VITA-361,1041,git
2026-06-30,VV-VITA-361,1036,git
2026-07-01,VV-VITA-361,1037,git
2026-07-02,VV-VITA-361,1035,git
2026-07-03,VV-VITA-361,1031,git
2026-07-04,VV-VITA-361,1031,git
2026-07-05,VV-VITA-361,1031,git
2026-07-06,VV-VITA-361,1031,git
2026-07-07,VV-VITA-361,1030,git
2026-07-08,VV-VITA-361,1030,git
2026-07-09,VV-VITA-361,1030,git
2026-07-10,VV-VITA-361,1030,git
2026-07-11,VV-VITA-361,1027,git
2026-07-12,VV-VITA-361,1019,git
2026-07-13,VV-VITA-361,1018,git
2026-07-14,VV-VITA-361,1017,git
2026-07-15,VV-VITA-361,1008,git
2026-07-16,VV-VITA-361,1007,matrixify
2026-06-04,VV-VITA-362,559,git
2026-06-05,VV-VITA-362,559,git
2026-06-06,VV-VITA-362,559,git
2026-06-07,VV-VITA-362,559,git
2026-06-08,VV-VITA-362,559,git
2026-06-09,VV-VITA-362,559,git
2026-06-10,VV-VITA-362,559,git
2026-06-11,VV-VITA-362,558,git
2026-06-12,VV-VITA-362,558,git
2026-06-13,VV-VITA-362,558,git
2026-06-14,VV-VITA-362,557,git
2026-06-15,VV-VITA-362,557,git
2026-06-16,VV-VITA-362,3076,git
2026-06-17,VV-VITA-362,3076,git
2026-06-18,VV-VITA-362,3075,git
2026-06-19,VV-VITA-362,3075,git
2026-06-20,VV-VITA-362,3075,git
2026-06-21,VV-VITA-362,3075,git
2026-06-22,VV-VITA-362,3075,git
2026-06-23,VV-VITA-362,3075,git
2026-06-24,VV-VITA-362,3075,git
2026-06-25,VV-VITA-362,3075,git
2026-06-26,VV-VITA-362,3075,git
2026-06-27,VV-VITA-362,2508,git
2026-06-28,VV-VITA-362,2508,git
2026-06-29,VV-VITA-362,2508,git
2026-06-30,VV-VITA-362,2508,git
2026-07-01,VV-VITA-362,2508,git
2026-07-02,VV-VITA-362,2508,git
2026-07-03,VV-VITA-362,2508,git
2026-07-04,VV-VITA-362,2508,git
2026-07-05,VV-VITA-362,2508,git
2026-07-06,VV-VITA-362,3048,git
2026-07-07,VV-VITA-362,3048,git
2026-07-08,VV-VITA-362,3048,git
2026-07-09,VV-VITA-362,3048,git
2026-07-10,VV-VITA-362,3048,git
2026-07-11,VV-VITA-362,3048,git
2026-07-12,VV-VITA-362,3047,git
2026-07-13,VV-VITA-362,3047,git
2026-07-14,VV-VITA-362,3044,git
2026-07-15,VV-VITA-362,3044,git
2026-07-16,VV-VITA-362,3044,matrixify
2026-06-04,VV-VITA-363,184,git
2026-06-05,VV-VITA-363,183,git
2026-06-06,VV-VITA-363,183,git
2026-06-07,VV-VITA-363,182,git
2026-06-08,VV-VITA-363,182,git
2026-06-09,VV-VITA-363,179,git
2026-06-10,VV-VITA-363,179,git
2026-06-11,VV-VITA-363,179,git
2026-06-12,VV-VITA-363,178,git
2026-06-13,VV-VITA-363,178,git
2026-06-14,VV-VITA-363,176,git
2026-06-15,VV-VITA-363,174,git
2026-06-16,VV-VITA-363,894,git
2026-06-17,VV-VITA-363,894,git
2026-06-18,VV-VITA-363,893,git
2026-06-19,VV-VITA-363,891,git
2026-06-20,VV-VITA-363,890,git
2026-06-21,VV-VITA-363,890,git
2026-06-22,VV-VITA-363,888,git
2026-06-23,VV-VITA-363,888,git
2026-06-24,VV-VITA-363,886,git
2026-06-25,VV-VITA-363,885,git
2026-06-26,VV-VITA-363,877,git
2026-06-27,VV-VITA-363,697,git
2026-06-28,VV-VITA-363,697,git
2026-06-29,VV-VITA-363,695,git
2026-06-30,VV-VITA-363,695,git
2026-07-01,VV-VITA-363,695,git
2026-07-02,VV-VITA-363,695,git
2026-07-03,VV-VITA-363,695,git
2026-07-04,VV-VITA-363,695,git
2026-07-05,VV-VITA-363,695,git
2026-07-06,VV-VITA-363,695,git
2026-07-07,VV-VITA-363,694,git
2026-07-08,VV-VITA-363,694,git
2026-07-09,VV-VITA-363,693,git
2026-07-10,VV-VITA-363,683,git
2026-07-11,VV-VITA-363,679,git
2026-07-12,VV-VITA-363,679,git
2026-07-13,VV-VITA-363,678,git
2026-07-14,VV-VITA-363,688,git
2026-07-15,VV-VITA-363,688,git
2026-07-16,VV-VITA-363,688,matrixify
2026-06-04,VV-VITA-364,9077,git
2026-06-05,VV-VITA-364,7337,git
2026-06-06,VV-VITA-364,7334,git
2026-06-07,VV-VITA-364,6900,git
2026-06-08,VV-VITA-364,6886,git
2026-06-09,VV-VITA-364,6885,git
2026-06-10,VV-VITA-364,6859,git
2026-06-11,VV-VITA-364,6853,git
2026-06-12,VV-VITA-364,6850,git
2026-06-13,VV-VITA-364,6839,git
2026-06-14,VV-VITA-364,6830,git
2026-06-15,VV-VITA-364,6819,git
2026-06-16,VV-VITA-364,7410,git
2026-06-17,VV-VITA-364,7400,git
2026-06-18,VV-VITA-364,7383,git
2026-06-19,VV-VITA-364,7356,git
2026-06-20,VV-VITA-364,5607,git
2026-06-21,VV-VITA-364,5597,git
2026-06-22,VV-VITA-364,5150,git
2026-06-23,VV-VITA-364,5139,git
2026-06-24,VV-VITA-364,5124,git
2026-06-25,VV-VITA-364,5123,git
2026-06-26,VV-VITA-364,5115,git
2026-06-27,VV-VITA-364,466,git
2026-06-28,VV-VITA-364,460,git
2026-06-29,VV-VITA-364,459,git
2026-06-30,VV-VITA-364,449,git
2026-07-01,VV-VITA-364,437,git
2026-07-02,VV-VITA-364,430,git
2026-07-03,VV-VITA-364,418,git
2026-07-04,VV-VITA-364,413,git
2026-07-05,VV-VITA-364,408,git
2026-07-06,VV-VITA-364,403,git
2026-07-07,VV-VITA-364,400,git
2026-07-08,VV-VITA-364,387,git
2026-07-09,VV-VITA-364,381,git
2026-07-10,VV-VITA-364,373,git
2026-07-11,VV-VITA-364,369,git
2026-07-12,VV-VITA-364,366,git
2026-07-13,VV-VITA-364,354,git
2026-07-14,VV-VITA-364,347,git
2026-07-15,VV-VITA-364,337,git
2026-07-16,VV-VITA-364,323,matrixify
2026-06-04,VV-VITA-365,812,git
2026-06-05,VV-VITA-365,612,git
2026-06-06,VV-VITA-365,612,git
2026-06-07,VV-VITA-365,612,git
2026-06-08,VV-VITA-365,612,git
2026-06-09,VV-VITA-365,612,git
2026-06-10,VV-VITA-365,612,git
2026-06-11,VV-VITA-365,612,git
2026-06-12,VV-VITA-365,603,git
2026-06-13,VV-VITA-365,603,git
2026-06-14,VV-VITA-365,602,git
2026-06-15,VV-VITA-365,602,git
2026-06-16,VV-VITA-365,801,git
2026-06-17,VV-VITA-365,801,git
2026-06-18,VV-VITA-365,801,git
2026-06-19,VV-VITA-365,800,git
2026-06-20,VV-VITA-365,800,git
2026-06-21,VV-VITA-365,800,git
2026-06-22,VV-VITA-365,600,git
2026-06-23,VV-VITA-365,596,git
2026-06-24,VV-VITA-365,596,git
2026-06-25,VV-VITA-365,596,git
2026-06-26,VV-VITA-365,578,git
2026-06-27,VV-VITA-365,176,git
2026-06-28,VV-VITA-365,176,git
2026-06-29,VV-VITA-365,176,git
2026-06-30,VV-VITA-365,176,git
2026-07-01,VV-VITA-365,176,git
2026-07-02,VV-VITA-365,176,git
2026-07-03,VV-VITA-365,176,git
2026-07-04,VV-VITA-365,176,git
2026-07-05,VV-VITA-365,176,git
2026-07-06,VV-VITA-365,176,git
2026-07-07,VV-VITA-365,176,git
2026-07-08,VV-VITA-365,176,git
2026-07-09,VV-VITA-365,176,git
2026-07-10,VV-VITA-365,166,git
2026-07-11,VV-VITA-365,151,git
2026-07-12,VV-VITA-365,151,git
2026-07-13,VV-VITA-365,151,git
2026-07-14,VV-VITA-365,161,git
2026-07-15,VV-VITA-365,161,git
2026-07-16,VV-VITA-365,161,matrixify
2026-06-04,VV-VITA-366,-10,git
2026-06-05,VV-VITA-366,-10,git
2026-06-06,VV-VITA-366,-10,git
2026-06-07,VV-VITA-366,-10,git
2026-06-08,VV-VITA-366,-10,git
2026-06-09,VV-VITA-366,-10,git
2026-06-10,VV-VITA-366,-10,git
2026-06-11,VV-VITA-366,-10,git
2026-06-12,VV-VITA-366,-10,git
2026-06-13,VV-VITA-366,-10,git
2026-06-14,VV-VITA-366,-10,git
2026-06-15,VV-VITA-366,-10,git
2026-06-16,VV-VITA-366,-10,git
2026-06-17,VV-VITA-366,-10,git
2026-06-18,VV-VITA-366,1098,git
2026-06-19,VV-VITA-366,1095,git
2026-06-20,VV-VITA-366,943,git
2026-06-21,VV-VITA-366,938,git
2026-06-22,VV-VITA-366,733,git
2026-06-23,VV-VITA-366,729,git
2026-06-24,VV-VITA-366,29,git
2026-06-25,VV-VITA-366,28,git
2026-06-26,VV-VITA-366,27,git
2026-06-27,VV-VITA-366,-10,git
2026-06-28,VV-VITA-366,-10,git
2026-06-29,VV-VITA-366,-10,git
2026-06-30,VV-VITA-366,-10,git
2026-07-01,VV-VITA-366,-10,git
2026-07-02,VV-VITA-366,-10,git
2026-07-03,VV-VITA-366,-10,git
2026-07-04,VV-VITA-366,-10,git
2026-07-05,VV-VITA-366,-10,git
2026-07-06,VV-VITA-366,688,git
2026-07-07,VV-VITA-366,688,git
2026-07-08,VV-VITA-366,687,git
2026-07-09,VV-VITA-366,687,git
2026-07-10,VV-VITA-366,685,git
2026-07-11,VV-VITA-366,684,git
2026-07-12,VV-VITA-366,684,git
2026-07-13,VV-VITA-366,681,git
2026-07-14,VV-VITA-366,680,git
2026-07-15,VV-VITA-366,681,git
2026-07-16,VV-VITA-366,678,matrixify
2026-06-04,VV-VITA-367,687,git
2026-06-05,VV-VITA-367,681,git
2026-06-06,VV-VITA-367,680,git
2026-06-07,VV-VITA-367,639,git
2026-06-08,VV-VITA-367,639,git
2026-06-09,VV-VITA-367,635,git
2026-06-10,VV-VITA-367,632,git
2026-06-11,VV-VITA-367,630,git
2026-06-12,VV-VITA-367,627,git
2026-06-13,VV-VITA-367,630,git
2026-06-14,VV-VITA-367,630,git
2026-06-15,VV-VITA-367,623,git
2026-06-16,VV-VITA-367,1215,git
2026-06-17,VV-VITA-367,1210,git
2026-06-18,VV-VITA-367,1206,git
2026-06-19,VV-VITA-367,1204,git
2026-06-20,VV-VITA-367,1203,git
2026-06-21,VV-VITA-367,1203,git
2026-06-22,VV-VITA-367,1148,git
2026-06-23,VV-VITA-367,1145,git
2026-06-24,VV-VITA-367,1137,git
2026-06-25,VV-VITA-367,1131,git
2026-06-26,VV-VITA-367,1126,git
2026-06-27,VV-VITA-367,558,git
2026-06-28,VV-VITA-367,558,git
2026-06-29,VV-VITA-367,551,git
2026-06-30,VV-VITA-367,550,git
2026-07-01,VV-VITA-367,549,git
2026-07-02,VV-VITA-367,543,git
2026-07-03,VV-VITA-367,539,git
2026-07-04,VV-VITA-367,535,git
2026-07-05,VV-VITA-367,535,git
2026-07-06,VV-VITA-367,1075,git
2026-07-07,VV-VITA-367,1064,git
2026-07-08,VV-VITA-367,1062,git
2026-07-09,VV-VITA-367,1061,git
2026-07-10,VV-VITA-367,1060,git
2026-07-11,VV-VITA-367,1059,git
2026-07-12,VV-VITA-367,1056,git
2026-07-13,VV-VITA-367,1053,git
2026-07-14,VV-VITA-367,1050,git
2026-07-15,VV-VITA-367,1046,git
2026-07-16,VV-VITA-367,1040,matrixify
2026-06-04,VV-VITA-368,284,git
2026-06-05,VV-VITA-368,284,git
2026-06-06,VV-VITA-368,283,git
2026-06-07,VV-VITA-368,283,git
2026-06-08,VV-VITA-368,282,git
2026-06-09,VV-VITA-368,279,git
2026-06-10,VV-VITA-368,279,git
2026-06-11,VV-VITA-368,281,git
2026-06-12,VV-VITA-368,280,git
2026-06-13,VV-VITA-368,280,git
2026-06-14,VV-VITA-368,180,git
2026-06-15,VV-VITA-368,180,git
2026-06-16,VV-VITA-368,412,git
2026-06-17,VV-VITA-368,412,git
2026-06-18,VV-VITA-368,409,git
2026-06-19,VV-VITA-368,409,git
2026-06-20,VV-VITA-368,409,git
2026-06-21,VV-VITA-368,409,git
2026-06-22,VV-VITA-368,304,git
2026-06-23,VV-VITA-368,303,git
2026-06-24,VV-VITA-368,302,git
2026-06-25,VV-VITA-368,302,git
2026-06-26,VV-VITA-368,302,git
2026-06-27,VV-VITA-368,228,git
2026-06-28,VV-VITA-368,228,git
2026-06-29,VV-VITA-368,227,git
2026-06-30,VV-VITA-368,227,git
2026-07-01,VV-VITA-368,227,git
2026-07-02,VV-VITA-368,226,git
2026-07-03,VV-VITA-368,226,git
2026-07-04,VV-VITA-368,221,git
2026-07-05,VV-VITA-368,220,git
2026-07-06,VV-VITA-368,220,git
2026-07-07,VV-VITA-368,219,git
2026-07-08,VV-VITA-368,218,git
2026-07-09,VV-VITA-368,218,git
2026-07-10,VV-VITA-368,217,git
2026-07-11,VV-VITA-368,217,git
2026-07-12,VV-VITA-368,217,git
2026-07-13,VV-VITA-368,217,git
2026-07-14,VV-VITA-368,214,git
2026-07-15,VV-VITA-368,214,git
2026-07-16,VV-VITA-368,214,matrixify
2026-06-04,VV-VITA-369,559,git
2026-06-05,VV-VITA-369,553,git
2026-06-06,VV-VITA-369,551,git
2026-06-07,VV-VITA-369,432,git
2026-06-08,VV-VITA-369,431,git
2026-06-09,VV-VITA-369,424,git
2026-06-10,VV-VITA-369,423,git
2026-06-11,VV-VITA-369,418,git
2026-06-12,VV-VITA-369,418,git
2026-06-13,VV-VITA-369,417,git
2026-06-14,VV-VITA-369,417,git
2026-06-15,VV-VITA-369,416,git
2026-06-16,VV-VITA-369,1107,git
2026-06-17,VV-VITA-369,1100,git
2026-06-18,VV-VITA-369,1099,git
2026-06-19,VV-VITA-369,1099,git
2026-06-20,VV-VITA-369,1099,git
2026-06-21,VV-VITA-369,1098,git
2026-06-22,VV-VITA-369,1094,git
2026-06-23,VV-VITA-369,1092,git
2026-06-24,VV-VITA-369,1092,git
2026-06-25,VV-VITA-369,1088,git
2026-06-26,VV-VITA-369,1088,git
2026-06-27,VV-VITA-369,673,git
2026-06-28,VV-VITA-369,672,git
2026-06-29,VV-VITA-369,671,git
2026-06-30,VV-VITA-369,671,git
2026-07-01,VV-VITA-369,671,git
2026-07-02,VV-VITA-369,668,git
2026-07-03,VV-VITA-369,667,git
2026-07-04,VV-VITA-369,666,git
2026-07-05,VV-VITA-369,666,git
2026-07-06,VV-VITA-369,664,git
2026-07-07,VV-VITA-369,665,git
2026-07-08,VV-VITA-369,665,git
2026-07-09,VV-VITA-369,664,git
2026-07-10,VV-VITA-369,664,git
2026-07-11,VV-VITA-369,663,git
2026-07-12,VV-VITA-369,659,git
2026-07-13,VV-VITA-369,656,git
2026-07-14,VV-VITA-369,655,git
2026-07-15,VV-VITA-369,656,git
2026-07-16,VV-VITA-369,653,matrixify
2026-06-04,VV-VITA-370,190,git
2026-06-05,VV-VITA-370,168,git
2026-06-06,VV-VITA-370,162,git
2026-06-07,VV-VITA-370,145,git
2026-06-08,VV-VITA-370,125,git
2026-06-09,VV-VITA-370,102,git
2026-06-10,VV-VITA-370,89,git
2026-06-11,VV-VITA-370,69,git
2026-06-12,VV-VITA-370,67,git
2026-06-13,VV-VITA-370,46,git
2026-06-14,VV-VITA-370,32,git
2026-06-15,VV-VITA-370,10,git
2026-06-16,VV-VITA-370,148,git
2026-06-17,VV-VITA-370,94,git
2026-06-18,VV-VITA-370,83,git
2026-06-19,VV-VITA-370,951,git
2026-06-20,VV-VITA-370,1888,git
2026-06-21,VV-VITA-370,1862,git
2026-06-22,VV-VITA-370,1848,git
2026-06-23,VV-VITA-370,28,git
2026-06-24,VV-VITA-370,0,git
2026-06-25,VV-VITA-370,0,git
2026-06-26,VV-VITA-370,0,git
2026-06-27,VV-VITA-370,0,git
2026-06-28,VV-VITA-370,0,git
2026-06-29,VV-VITA-370,0,git
2026-06-30,VV-VITA-370,0,git
2026-07-01,VV-VITA-370,0,git
2026-07-02,VV-VITA-370,0,git
2026-07-03,VV-VITA-370,0,git
2026-07-04,VV-VITA-370,0,git
2026-07-05,VV-VITA-370,0,git
2026-07-06,VV-VITA-370,0,git
2026-07-07,VV-VITA-370,0,git
2026-07-08,VV-VITA-370,0,git
2026-07-09,VV-VITA-370,0,git
2026-07-10,VV-VITA-370,0,git
2026-07-11,VV-VITA-370,0,git
2026-07-12,VV-VITA-370,0,git
2026-07-13,VV-VITA-370,0,git
2026-07-14,VV-VITA-370,0,git
2026-07-15,VV-VITA-370,0,git
2026-07-16,VV-VITA-370,0,matrixify
2026-06-04,VV-VITA-371,997,git
2026-06-05,VV-VITA-371,997,git
2026-06-06,VV-VITA-371,997,git
2026-06-07,VV-VITA-371,572,git
2026-06-08,VV-VITA-371,572,git
2026-06-09,VV-VITA-371,567,git
2026-06-10,VV-VITA-371,563,git
2026-06-11,VV-VITA-371,563,git
2026-06-12,VV-VITA-371,559,git
2026-06-13,VV-VITA-371,557,git
2026-06-14,VV-VITA-371,556,git
2026-06-15,VV-VITA-371,555,git
2026-06-16,VV-VITA-371,1063,git
2026-06-17,VV-VITA-371,1063,git
2026-06-18,VV-VITA-371,1063,git
2026-06-19,VV-VITA-371,1062,git
2026-06-20,VV-VITA-371,1061,git
2026-06-21,VV-VITA-371,1061,git
2026-06-22,VV-VITA-371,551,git
2026-06-23,VV-VITA-371,550,git
2026-06-24,VV-VITA-371,550,git
2026-06-25,VV-VITA-371,550,git
2026-06-26,VV-VITA-371,547,git
2026-06-27,VV-VITA-371,493,git
2026-06-28,VV-VITA-371,493,git
2026-06-29,VV-VITA-371,489,git
2026-06-30,VV-VITA-371,489,git
2026-07-01,VV-VITA-371,489,git
2026-07-02,VV-VITA-371,489,git
2026-07-03,VV-VITA-371,487,git
2026-07-04,VV-VITA-371,487,git
2026-07-05,VV-VITA-371,487,git
2026-07-06,VV-VITA-371,487,git
2026-07-07,VV-VITA-371,481,git
2026-07-08,VV-VITA-371,477,git
2026-07-09,VV-VITA-371,477,git
2026-07-10,VV-VITA-371,475,git
2026-07-11,VV-VITA-371,467,git
2026-07-12,VV-VITA-371,466,git
2026-07-13,VV-VITA-371,466,git
2026-07-14,VV-VITA-371,465,git
2026-07-15,VV-VITA-371,464,git
2026-07-16,VV-VITA-371,464,matrixify
2026-06-04,VV-VITA-372,3639,git
2026-06-05,VV-VITA-372,3638,git
2026-06-06,VV-VITA-372,3638,git
2026-06-07,VV-VITA-372,3635,git
2026-06-08,VV-VITA-372,3635,git
2026-06-09,VV-VITA-372,3633,git
2026-06-10,VV-VITA-372,3630,git
2026-06-11,VV-VITA-372,3629,git
2026-06-12,VV-VITA-372,3629,git
2026-06-13,VV-VITA-372,3629,git
2026-06-14,VV-VITA-372,509,git
2026-06-15,VV-VITA-372,508,git
2026-06-16,VV-VITA-372,506,git
2026-06-17,VV-VITA-372,505,git
2026-06-18,VV-VITA-372,505,git
2026-06-19,VV-VITA-372,504,git
2026-06-20,VV-VITA-372,504,git
2026-06-21,VV-VITA-372,503,git
2026-06-22,VV-VITA-372,502,git
2026-06-23,VV-VITA-372,501,git
2026-06-24,VV-VITA-372,498,git
2026-06-25,VV-VITA-372,497,git
2026-06-26,VV-VITA-372,492,git
2026-06-27,VV-VITA-372,-10,git
2026-06-28,VV-VITA-372,-10,git
2026-06-29,VV-VITA-372,3109,git
2026-06-30,VV-VITA-372,3109,git
2026-07-01,VV-VITA-372,3107,git
2026-07-02,VV-VITA-372,3107,git
2026-07-03,VV-VITA-372,3107,git
2026-07-04,VV-VITA-372,3106,git
2026-07-05,VV-VITA-372,3106,git
2026-07-06,VV-VITA-372,3105,git
2026-07-07,VV-VITA-372,3104,git
2026-07-08,VV-VITA-372,3104,git
2026-07-09,VV-VITA-372,3104,git
2026-07-10,VV-VITA-372,3100,git
2026-07-11,VV-VITA-372,3100,git
2026-07-12,VV-VITA-372,3100,git
2026-07-13,VV-VITA-372,3100,git
2026-07-14,VV-VITA-372,3096,git
2026-07-15,VV-VITA-372,3096,git
2026-07-16,VV-VITA-372,3095,matrixify
2026-06-04,VV-VITA-373,170,git
2026-06-05,VV-VITA-373,-10,git
2026-06-06,VV-VITA-373,-10,git
2026-06-07,VV-VITA-373,-10,git
2026-06-08,VV-VITA-373,-10,git
2026-06-09,VV-VITA-373,-10,git
2026-06-10,VV-VITA-373,-10,git
2026-06-11,VV-VITA-373,-10,git
2026-06-12,VV-VITA-373,-10,git
2026-06-13,VV-VITA-373,-10,git
2026-06-14,VV-VITA-373,-10,git
2026-06-15,VV-VITA-373,-10,git
2026-06-16,VV-VITA-373,-10,git
2026-06-17,VV-VITA-373,-10,git
2026-06-18,VV-VITA-373,-10,git
2026-06-19,VV-VITA-373,-10,git
2026-06-20,VV-VITA-373,-10,git
2026-06-21,VV-VITA-373,-10,git
2026-06-22,VV-VITA-373,-10,git
2026-06-23,VV-VITA-373,-10,git
2026-06-24,VV-VITA-373,-10,git
2026-06-25,VV-VITA-373,-10,git
2026-06-26,VV-VITA-373,-10,git
2026-06-27,VV-VITA-373,-10,git
2026-06-28,VV-VITA-373,-10,git
2026-06-29,VV-VITA-373,-10,git
2026-06-30,VV-VITA-373,-10,git
2026-07-01,VV-VITA-373,-10,git
2026-07-02,VV-VITA-373,-10,git
2026-07-03,VV-VITA-373,-10,git
2026-07-04,VV-VITA-373,-10,git
2026-07-05,VV-VITA-373,-10,git
2026-07-06,VV-VITA-373,-10,git
2026-07-07,VV-VITA-373,-10,git
2026-07-08,VV-VITA-373,-10,git
2026-07-09,VV-VITA-373,-10,git
2026-07-10,VV-VITA-373,-10,git
2026-07-11,VV-VITA-373,-10,git
2026-07-12,VV-VITA-373,-10,git
2026-07-13,VV-VITA-373,-10,git
2026-07-14,VV-VITA-373,-10,git
2026-07-15,VV-VITA-373,-10,git
2026-07-16,VV-VITA-373,-10,matrixify
2026-06-04,VV-VITA-374,642,git
2026-06-05,VV-VITA-374,639,git
2026-06-06,VV-VITA-374,639,git
2026-06-07,VV-VITA-374,559,git
2026-06-08,VV-VITA-374,559,git
2026-06-09,VV-VITA-374,559,git
2026-06-10,VV-VITA-374,559,git
2026-06-11,VV-VITA-374,555,git
2026-06-12,VV-VITA-374,555,git
2026-06-13,VV-VITA-374,555,git
2026-06-14,VV-VITA-374,555,git
2026-06-15,VV-VITA-374,554,git
2026-06-16,VV-VITA-374,791,git
2026-06-17,VV-VITA-374,791,git
2026-06-18,VV-VITA-374,789,git
2026-06-19,VV-VITA-374,785,git
2026-06-20,VV-VITA-374,784,git
2026-06-21,VV-VITA-374,781,git
2026-06-22,VV-VITA-374,540,git
2026-06-23,VV-VITA-374,540,git
2026-06-24,VV-VITA-374,539,git
2026-06-25,VV-VITA-374,538,git
2026-06-26,VV-VITA-374,537,git
2026-06-27,VV-VITA-374,212,git
2026-06-28,VV-VITA-374,212,git
2026-06-29,VV-VITA-374,212,git
2026-06-30,VV-VITA-374,212,git
2026-07-01,VV-VITA-374,212,git
2026-07-02,VV-VITA-374,211,git
2026-07-03,VV-VITA-374,211,git
2026-07-04,VV-VITA-374,211,git
2026-07-05,VV-VITA-374,211,git
2026-07-06,VV-VITA-374,211,git
2026-07-07,VV-VITA-374,211,git
2026-07-08,VV-VITA-374,211,git
2026-07-09,VV-VITA-374,211,git
2026-07-10,VV-VITA-374,211,git
2026-07-11,VV-VITA-374,211,git
2026-07-12,VV-VITA-374,211,git
2026-07-13,VV-VITA-374,211,git
2026-07-14,VV-VITA-374,211,git
2026-07-15,VV-VITA-374,211,git
2026-07-16,VV-VITA-374,211,matrixify
2026-06-04,VV-VITA-375,962,git
2026-06-05,VV-VITA-375,961,git
2026-06-06,VV-VITA-375,961,git
2026-06-07,VV-VITA-375,959,git
2026-06-08,VV-VITA-375,959,git
2026-06-09,VV-VITA-375,954,git
2026-06-10,VV-VITA-375,954,git
2026-06-11,VV-VITA-375,952,git
2026-06-12,VV-VITA-375,950,git
2026-06-13,VV-VITA-375,950,git
2026-06-14,VV-VITA-375,949,git
2026-06-15,VV-VITA-375,949,git
2026-06-16,VV-VITA-375,1249,git
2026-06-17,VV-VITA-375,1248,git
2026-06-18,VV-VITA-375,1246,git
2026-06-19,VV-VITA-375,1246,git
2026-06-20,VV-VITA-375,1246,git
2026-06-21,VV-VITA-375,1246,git
2026-06-22,VV-VITA-375,1244,git
2026-06-23,VV-VITA-375,1244,git
2026-06-24,VV-VITA-375,1243,git
2026-06-25,VV-VITA-375,1240,git
2026-06-26,VV-VITA-375,1239,git
2026-06-27,VV-VITA-375,288,git
2026-06-28,VV-VITA-375,287,git
2026-06-29,VV-VITA-375,287,git
2026-06-30,VV-VITA-375,287,git
2026-07-01,VV-VITA-375,287,git
2026-07-02,VV-VITA-375,287,git
2026-07-03,VV-VITA-375,287,git
2026-07-04,VV-VITA-375,286,git
2026-07-05,VV-VITA-375,286,git
2026-07-06,VV-VITA-375,285,git
2026-07-07,VV-VITA-375,285,git
2026-07-08,VV-VITA-375,285,git
2026-07-09,VV-VITA-375,285,git
2026-07-10,VV-VITA-375,285,git
2026-07-11,VV-VITA-375,285,git
2026-07-12,VV-VITA-375,284,git
2026-07-13,VV-VITA-375,284,git
2026-07-14,VV-VITA-375,284,git
2026-07-15,VV-VITA-375,280,git
2026-07-16,VV-VITA-375,279,matrixify
2026-06-04,VV-VITA-376,573,git
2026-06-05,VV-VITA-376,574,git
2026-06-06,VV-VITA-376,574,git
2026-06-07,VV-VITA-376,574,git
2026-06-08,VV-VITA-376,574,git
2026-06-09,VV-VITA-376,574,git
2026-06-10,VV-VITA-376,574,git
2026-06-11,VV-VITA-376,574,git
2026-06-12,VV-VITA-376,574,git
2026-06-13,VV-VITA-376,573,git
2026-06-14,VV-VITA-376,573,git
2026-06-15,VV-VITA-376,571,git
2026-06-16,VV-VITA-376,1260,git
2026-06-17,VV-VITA-376,1260,git
2026-06-18,VV-VITA-376,1260,git
2026-06-19,VV-VITA-376,1259,git
2026-06-20,VV-VITA-376,1259,git
2026-06-21,VV-VITA-376,1259,git
2026-06-22,VV-VITA-376,1259,git
2026-06-23,VV-VITA-376,1259,git
2026-06-24,VV-VITA-376,1259,git
2026-06-25,VV-VITA-376,1259,git
2026-06-26,VV-VITA-376,1255,git
2026-06-27,VV-VITA-376,675,git
2026-06-28,VV-VITA-376,675,git
2026-06-29,VV-VITA-376,675,git
2026-06-30,VV-VITA-376,676,git
2026-07-01,VV-VITA-376,676,git
2026-07-02,VV-VITA-376,675,git
2026-07-03,VV-VITA-376,675,git
2026-07-04,VV-VITA-376,675,git
2026-07-05,VV-VITA-376,675,git
2026-07-06,VV-VITA-376,675,git
2026-07-07,VV-VITA-376,673,git
2026-07-08,VV-VITA-376,673,git
2026-07-09,VV-VITA-376,673,git
2026-07-10,VV-VITA-376,671,git
2026-07-11,VV-VITA-376,658,git
2026-07-12,VV-VITA-376,658,git
2026-07-13,VV-VITA-376,658,git
2026-07-14,VV-VITA-376,658,git
2026-07-15,VV-VITA-376,656,git
2026-07-16,VV-VITA-376,656,matrixify
2026-06-04,VV-VITA-377,460,git
2026-06-05,VV-VITA-377,459,git
2026-06-06,VV-VITA-377,458,git
2026-06-07,VV-VITA-377,456,git
2026-06-08,VV-VITA-377,455,git
2026-06-09,VV-VITA-377,451,git
2026-06-10,VV-VITA-377,450,git
2026-06-11,VV-VITA-377,445,git
2026-06-12,VV-VITA-377,443,git
2026-06-13,VV-VITA-377,442,git
2026-06-14,VV-VITA-377,440,git
2026-06-15,VV-VITA-377,432,git
2026-06-16,VV-VITA-377,1135,git
2026-06-17,VV-VITA-377,1133,git
2026-06-18,VV-VITA-377,1133,git
2026-06-19,VV-VITA-377,1133,git
2026-06-20,VV-VITA-377,1133,git
2026-06-21,VV-VITA-377,1131,git
2026-06-22,VV-VITA-377,948,git
2026-06-23,VV-VITA-377,947,git
2026-06-24,VV-VITA-377,944,git
2026-06-25,VV-VITA-377,944,git
2026-06-26,VV-VITA-377,933,git
2026-06-27,VV-VITA-377,670,git
2026-06-28,VV-VITA-377,667,git
2026-06-29,VV-VITA-377,663,git
2026-06-30,VV-VITA-377,662,git
2026-07-01,VV-VITA-377,657,git
2026-07-02,VV-VITA-377,655,git
2026-07-03,VV-VITA-377,655,git
2026-07-04,VV-VITA-377,655,git
2026-07-05,VV-VITA-377,655,git
2026-07-06,VV-VITA-377,654,git
2026-07-07,VV-VITA-377,652,git
2026-07-08,VV-VITA-377,652,git
2026-07-09,VV-VITA-377,649,git
2026-07-10,VV-VITA-377,648,git
2026-07-11,VV-VITA-377,648,git
2026-07-12,VV-VITA-377,647,git
2026-07-13,VV-VITA-377,647,git
2026-07-14,VV-VITA-377,646,git
2026-07-15,VV-VITA-377,645,git
2026-07-16,VV-VITA-377,645,matrixify
2026-06-04,VV-VITA-378,367,git
2026-06-05,VV-VITA-378,367,git
2026-06-06,VV-VITA-378,367,git
2026-06-07,VV-VITA-378,280,git
2026-06-08,VV-VITA-378,280,git
2026-06-09,VV-VITA-378,281,git
2026-06-10,VV-VITA-378,281,git
2026-06-11,VV-VITA-378,281,git
2026-06-12,VV-VITA-378,281,git
2026-06-13,VV-VITA-378,281,git
2026-06-14,VV-VITA-378,281,git
2026-06-15,VV-VITA-378,280,git
2026-06-16,VV-VITA-378,534,git
2026-06-17,VV-VITA-378,533,git
2026-06-18,VV-VITA-378,533,git
2026-06-19,VV-VITA-378,533,git
2026-06-20,VV-VITA-378,533,git
2026-06-21,VV-VITA-378,533,git
2026-06-22,VV-VITA-378,448,git
2026-06-23,VV-VITA-378,448,git
2026-06-24,VV-VITA-378,448,git
2026-06-25,VV-VITA-378,448,git
2026-06-26,VV-VITA-378,448,git
2026-06-27,VV-VITA-378,244,git
2026-06-28,VV-VITA-378,244,git
2026-06-29,VV-VITA-378,244,git
2026-06-30,VV-VITA-378,244,git
2026-07-01,VV-VITA-378,244,git
2026-07-02,VV-VITA-378,244,git
2026-07-03,VV-VITA-378,243,git
2026-07-04,VV-VITA-378,243,git
2026-07-05,VV-VITA-378,243,git
2026-07-06,VV-VITA-378,243,git
2026-07-07,VV-VITA-378,243,git
2026-07-08,VV-VITA-378,243,git
2026-07-09,VV-VITA-378,243,git
2026-07-10,VV-VITA-378,243,git
2026-07-11,VV-VITA-378,243,git
2026-07-12,VV-VITA-378,243,git
2026-07-13,VV-VITA-378,242,git
2026-07-14,VV-VITA-378,242,git
2026-07-15,VV-VITA-378,242,git
2026-07-16,VV-VITA-378,241,matrixify
2026-06-04,VV-VITA-379,1867,git
2026-06-05,VV-VITA-379,1861,git
2026-06-06,VV-VITA-379,1859,git
2026-06-07,VV-VITA-379,1854,git
2026-06-08,VV-VITA-379,1853,git
2026-06-09,VV-VITA-379,1428,git
2026-06-10,VV-VITA-379,1427,git
2026-06-11,VV-VITA-379,1420,git
2026-06-12,VV-VITA-379,1420,git
2026-06-13,VV-VITA-379,1418,git
2026-06-14,VV-VITA-379,152,git
2026-06-15,VV-VITA-379,150,git
2026-06-16,VV-VITA-379,150,git
2026-06-17,VV-VITA-379,150,git
2026-06-18,VV-VITA-379,150,git
2026-06-19,VV-VITA-379,148,git
2026-06-20,VV-VITA-379,148,git
2026-06-21,VV-VITA-379,147,git
2026-06-22,VV-VITA-379,24,git
2026-06-23,VV-VITA-379,22,git
2026-06-24,VV-VITA-379,18,git
2026-06-25,VV-VITA-379,17,git
2026-06-26,VV-VITA-379,7,git
2026-06-27,VV-VITA-379,-5,git
2026-06-28,VV-VITA-379,-5,git
2026-06-29,VV-VITA-379,1255,git
2026-06-30,VV-VITA-379,1255,git
2026-07-01,VV-VITA-379,1255,git
2026-07-02,VV-VITA-379,1254,git
2026-07-03,VV-VITA-379,1250,git
2026-07-04,VV-VITA-379,1250,git
2026-07-05,VV-VITA-379,1247,git
2026-07-06,VV-VITA-379,1244,git
2026-07-07,VV-VITA-379,1244,git
2026-07-08,VV-VITA-379,1244,git
2026-07-09,VV-VITA-379,1243,git
2026-07-10,VV-VITA-379,1238,git
2026-07-11,VV-VITA-379,1235,git
2026-07-12,VV-VITA-379,1235,git
2026-07-13,VV-VITA-379,1235,git
2026-07-14,VV-VITA-379,1234,git
2026-07-15,VV-VITA-379,1234,git
2026-07-16,VV-VITA-379,1232,matrixify
2026-06-04,VV-VITA-38,833,git
2026-06-05,VV-VITA-38,825,git
2026-06-06,VV-VITA-38,823,git
2026-06-07,VV-VITA-38,821,git
2026-06-08,VV-VITA-38,819,git
2026-06-09,VV-VITA-38,815,git
2026-06-10,VV-VITA-38,814,git
2026-06-11,VV-VITA-38,813,git
2026-06-12,VV-VITA-38,803,git
2026-06-13,VV-VITA-38,800,git
2026-06-14,VV-VITA-38,102,git
2026-06-15,VV-VITA-38,101,git
2026-06-16,VV-VITA-38,97,git
2026-06-17,VV-VITA-38,96,git
2026-06-18,VV-VITA-38,96,git
2026-06-19,VV-VITA-38,92,git
2026-06-20,VV-VITA-38,92,git
2026-06-21,VV-VITA-38,90,git
2026-06-22,VV-VITA-38,89,git
2026-06-23,VV-VITA-38,86,git
2026-06-24,VV-VITA-38,83,git
2026-06-25,VV-VITA-38,81,git
2026-06-26,VV-VITA-38,79,git
2026-06-27,VV-VITA-38,-12,git
2026-06-28,VV-VITA-38,-12,git
2026-06-29,VV-VITA-38,684,git
2026-06-30,VV-VITA-38,685,git
2026-07-01,VV-VITA-38,685,git
2026-07-02,VV-VITA-38,684,git
2026-07-03,VV-VITA-38,684,git
2026-07-04,VV-VITA-38,682,git
2026-07-05,VV-VITA-38,679,git
2026-07-06,VV-VITA-38,676,git
2026-07-07,VV-VITA-38,676,git
2026-07-08,VV-VITA-38,674,git
2026-07-09,VV-VITA-38,670,git
2026-07-10,VV-VITA-38,665,git
2026-07-11,VV-VITA-38,664,git
2026-07-12,VV-VITA-38,662,git
2026-07-13,VV-VITA-38,656,git
2026-07-14,VV-VITA-38,656,git
2026-07-15,VV-VITA-38,654,git
2026-07-16,VV-VITA-38,654,matrixify
2026-06-04,VV-VITA-380,556,git
2026-06-05,VV-VITA-380,556,git
2026-06-06,VV-VITA-380,556,git
2026-06-07,VV-VITA-380,556,git
2026-06-08,VV-VITA-380,556,git
2026-06-09,VV-VITA-380,555,git
2026-06-10,VV-VITA-380,555,git
2026-06-11,VV-VITA-380,555,git
2026-06-12,VV-VITA-380,555,git
2026-06-13,VV-VITA-380,555,git
2026-06-14,VV-VITA-380,555,git
2026-06-15,VV-VITA-380,555,git
2026-06-16,VV-VITA-380,1205,git
2026-06-17,VV-VITA-380,1205,git
2026-06-18,VV-VITA-380,1205,git
2026-06-19,VV-VITA-380,1205,git
2026-06-20,VV-VITA-380,1205,git
2026-06-21,VV-VITA-380,1204,git
2026-06-22,VV-VITA-380,944,git
2026-06-23,VV-VITA-380,942,git
2026-06-24,VV-VITA-380,942,git
2026-06-25,VV-VITA-380,942,git
2026-06-26,VV-VITA-380,942,git
2026-06-27,VV-VITA-380,640,git
2026-06-28,VV-VITA-380,638,git
2026-06-29,VV-VITA-380,638,git
2026-06-30,VV-VITA-380,638,git
2026-07-01,VV-VITA-380,638,git
2026-07-02,VV-VITA-380,637,git
2026-07-03,VV-VITA-380,632,git
2026-07-04,VV-VITA-380,632,git
2026-07-05,VV-VITA-380,632,git
2026-07-06,VV-VITA-380,632,git
2026-07-07,VV-VITA-380,632,git
2026-07-08,VV-VITA-380,625,git
2026-07-09,VV-VITA-380,632,git
2026-07-10,VV-VITA-380,631,git
2026-07-11,VV-VITA-380,630,git
2026-07-12,VV-VITA-380,629,git
2026-07-13,VV-VITA-380,628,git
2026-07-14,VV-VITA-380,626,git
2026-07-15,VV-VITA-380,627,git
2026-07-16,VV-VITA-380,627,matrixify
2026-06-04,VV-VITA-381,-1,git
2026-06-05,VV-VITA-381,-1,git
2026-06-06,VV-VITA-381,-1,git
2026-06-07,VV-VITA-381,-1,git
2026-06-08,VV-VITA-381,-1,git
2026-06-09,VV-VITA-381,-1,git
2026-06-10,VV-VITA-381,-1,git
2026-06-11,VV-VITA-381,-1,git
2026-06-12,VV-VITA-381,-1,git
2026-06-13,VV-VITA-381,-1,git
2026-06-14,VV-VITA-381,-1,git
2026-06-15,VV-VITA-381,-1,git
2026-06-16,VV-VITA-381,-1,git
2026-06-17,VV-VITA-381,-1,git
2026-06-18,VV-VITA-381,246,git
2026-06-19,VV-VITA-381,229,git
2026-06-20,VV-VITA-381,222,git
2026-06-21,VV-VITA-381,212,git
2026-06-22,VV-VITA-381,17,git
2026-06-23,VV-VITA-381,0,git
2026-06-24,VV-VITA-381,0,git
2026-06-25,VV-VITA-381,0,git
2026-06-26,VV-VITA-381,0,git
2026-06-27,VV-VITA-381,-10,git
2026-06-28,VV-VITA-381,-10,git
2026-06-29,VV-VITA-381,-10,git
2026-06-30,VV-VITA-381,-10,git
2026-07-01,VV-VITA-381,-10,git
2026-07-02,VV-VITA-381,-10,git
2026-07-03,VV-VITA-381,-10,git
2026-07-04,VV-VITA-381,-10,git
2026-07-05,VV-VITA-381,-10,git
2026-07-06,VV-VITA-381,-10,git
2026-07-07,VV-VITA-381,-10,git
2026-07-08,VV-VITA-381,-10,git
2026-07-09,VV-VITA-381,-10,git
2026-07-10,VV-VITA-381,-10,git
2026-07-11,VV-VITA-381,-10,git
2026-07-12,VV-VITA-381,-10,git
2026-07-13,VV-VITA-381,-10,git
2026-07-14,VV-VITA-381,-10,git
2026-07-15,VV-VITA-381,-10,git
2026-07-16,VV-VITA-381,-10,matrixify
2026-06-04,VV-VITA-382,381,git
2026-06-05,VV-VITA-382,381,git
2026-06-06,VV-VITA-382,381,git
2026-06-07,VV-VITA-382,380,git
2026-06-08,VV-VITA-382,377,git
2026-06-09,VV-VITA-382,372,git
2026-06-10,VV-VITA-382,369,git
2026-06-11,VV-VITA-382,367,git
2026-06-12,VV-VITA-382,366,git
2026-06-13,VV-VITA-382,366,git
2026-06-14,VV-VITA-382,365,git
2026-06-15,VV-VITA-382,364,git
2026-06-16,VV-VITA-382,517,git
2026-06-17,VV-VITA-382,517,git
2026-06-18,VV-VITA-382,516,git
2026-06-19,VV-VITA-382,515,git
2026-06-20,VV-VITA-382,515,git
2026-06-21,VV-VITA-382,514,git
2026-06-22,VV-VITA-382,514,git
2026-06-23,VV-VITA-382,514,git
2026-06-24,VV-VITA-382,514,git
2026-06-25,VV-VITA-382,514,git
2026-06-26,VV-VITA-382,514,git
2026-06-27,VV-VITA-382,140,git
2026-06-28,VV-VITA-382,140,git
2026-06-29,VV-VITA-382,140,git
2026-06-30,VV-VITA-382,140,git
2026-07-01,VV-VITA-382,140,git
2026-07-02,VV-VITA-382,140,git
2026-07-03,VV-VITA-382,140,git
2026-07-04,VV-VITA-382,140,git
2026-07-05,VV-VITA-382,139,git
2026-07-06,VV-VITA-382,372,git
2026-07-07,VV-VITA-382,372,git
2026-07-08,VV-VITA-382,372,git
2026-07-09,VV-VITA-382,371,git
2026-07-10,VV-VITA-382,371,git
2026-07-11,VV-VITA-382,371,git
2026-07-12,VV-VITA-382,371,git
2026-07-13,VV-VITA-382,371,git
2026-07-14,VV-VITA-382,371,git
2026-07-15,VV-VITA-382,368,git
2026-07-16,VV-VITA-382,366,matrixify
2026-06-04,VV-VITA-383,372,git
2026-06-05,VV-VITA-383,370,git
2026-06-06,VV-VITA-383,370,git
2026-06-07,VV-VITA-383,369,git
2026-06-08,VV-VITA-383,369,git
2026-06-09,VV-VITA-383,365,git
2026-06-10,VV-VITA-383,365,git
2026-06-11,VV-VITA-383,364,git
2026-06-12,VV-VITA-383,364,git
2026-06-13,VV-VITA-383,364,git
2026-06-14,VV-VITA-383,364,git
2026-06-15,VV-VITA-383,364,git
2026-06-16,VV-VITA-383,2092,git
2026-06-17,VV-VITA-383,2092,git
2026-06-18,VV-VITA-383,2090,git
2026-06-19,VV-VITA-383,2089,git
2026-06-20,VV-VITA-383,2089,git
2026-06-21,VV-VITA-383,2089,git
2026-06-22,VV-VITA-383,2089,git
2026-06-23,VV-VITA-383,2089,git
2026-06-24,VV-VITA-383,2087,git
2026-06-25,VV-VITA-383,2084,git
2026-06-26,VV-VITA-383,2084,git
2026-06-27,VV-VITA-383,1712,git
2026-06-28,VV-VITA-383,1712,git
2026-06-29,VV-VITA-383,1712,git
2026-06-30,VV-VITA-383,1712,git
2026-07-01,VV-VITA-383,1712,git
2026-07-02,VV-VITA-383,1712,git
2026-07-03,VV-VITA-383,1712,git
2026-07-04,VV-VITA-383,1712,git
2026-07-05,VV-VITA-383,1712,git
2026-07-06,VV-VITA-383,1710,git
2026-07-07,VV-VITA-383,1709,git
2026-07-08,VV-VITA-383,1708,git
2026-07-09,VV-VITA-383,1708,git
2026-07-10,VV-VITA-383,1708,git
2026-07-11,VV-VITA-383,1708,git
2026-07-12,VV-VITA-383,1707,git
2026-07-13,VV-VITA-383,1707,git
2026-07-14,VV-VITA-383,1707,git
2026-07-15,VV-VITA-383,1707,git
2026-07-16,VV-VITA-383,1707,matrixify
2026-06-04,VV-VITA-384,986,git
2026-06-05,VV-VITA-384,-10,git
2026-06-06,VV-VITA-384,-10,git
2026-06-07,VV-VITA-384,-10,git
2026-06-08,VV-VITA-384,-10,git
2026-06-09,VV-VITA-384,-10,git
2026-06-10,VV-VITA-384,-10,git
2026-06-11,VV-VITA-384,-10,git
2026-06-12,VV-VITA-384,-10,git
2026-06-13,VV-VITA-384,-10,git
2026-06-14,VV-VITA-384,-10,git
2026-06-15,VV-VITA-384,-10,git
2026-06-16,VV-VITA-384,470,git
2026-06-17,VV-VITA-384,470,git
2026-06-18,VV-VITA-384,470,git
2026-06-19,VV-VITA-384,468,git
2026-06-20,VV-VITA-384,468,git
2026-06-21,VV-VITA-384,468,git
2026-06-22,VV-VITA-384,464,git
2026-06-23,VV-VITA-384,464,git
2026-06-24,VV-VITA-384,0,git
2026-06-25,VV-VITA-384,0,git
2026-06-26,VV-VITA-384,0,git
2026-06-27,VV-VITA-384,0,git
2026-06-28,VV-VITA-384,0,git
2026-06-29,VV-VITA-384,0,git
2026-06-30,VV-VITA-384,0,git
2026-07-01,VV-VITA-384,0,git
2026-07-02,VV-VITA-384,0,git
2026-07-03,VV-VITA-384,0,git
2026-07-04,VV-VITA-384,0,git
2026-07-05,VV-VITA-384,0,git
2026-07-06,VV-VITA-384,0,git
2026-07-07,VV-VITA-384,0,git
2026-07-08,VV-VITA-384,0,git
2026-07-09,VV-VITA-384,0,git
2026-07-10,VV-VITA-384,0,git
2026-07-11,VV-VITA-384,0,git
2026-07-12,VV-VITA-384,0,git
2026-07-13,VV-VITA-384,0,git
2026-07-14,VV-VITA-384,0,git
2026-07-15,VV-VITA-384,0,git
2026-07-16,VV-VITA-384,0,matrixify
2026-06-04,VV-VITA-385,875,git
2026-06-05,VV-VITA-385,875,git
2026-06-06,VV-VITA-385,875,git
2026-06-07,VV-VITA-385,875,git
2026-06-08,VV-VITA-385,875,git
2026-06-09,VV-VITA-385,875,git
2026-06-10,VV-VITA-385,875,git
2026-06-11,VV-VITA-385,875,git
2026-06-12,VV-VITA-385,875,git
2026-06-13,VV-VITA-385,875,git
2026-06-14,VV-VITA-385,873,git
2026-06-15,VV-VITA-385,873,git
2026-06-16,VV-VITA-385,1591,git
2026-06-17,VV-VITA-385,1590,git
2026-06-18,VV-VITA-385,1590,git
2026-06-19,VV-VITA-385,1590,git
2026-06-20,VV-VITA-385,1590,git
2026-06-21,VV-VITA-385,1589,git
2026-06-22,VV-VITA-385,1409,git
2026-06-23,VV-VITA-385,1409,git
2026-06-24,VV-VITA-385,748,git
2026-06-25,VV-VITA-385,748,git
2026-06-26,VV-VITA-385,748,git
2026-06-27,VV-VITA-385,706,git
2026-06-28,VV-VITA-385,706,git
2026-06-29,VV-VITA-385,705,git
2026-06-30,VV-VITA-385,705,git
2026-07-01,VV-VITA-385,705,git
2026-07-02,VV-VITA-385,704,git
2026-07-03,VV-VITA-385,703,git
2026-07-04,VV-VITA-385,702,git
2026-07-05,VV-VITA-385,702,git
2026-07-06,VV-VITA-385,1362,git
2026-07-07,VV-VITA-385,1362,git
2026-07-08,VV-VITA-385,1361,git
2026-07-09,VV-VITA-385,1361,git
2026-07-10,VV-VITA-385,1361,git
2026-07-11,VV-VITA-385,1361,git
2026-07-12,VV-VITA-385,1361,git
2026-07-13,VV-VITA-385,1361,git
2026-07-14,VV-VITA-385,1361,git
2026-07-15,VV-VITA-385,1361,git
2026-07-16,VV-VITA-385,1360,matrixify
2026-06-04,VV-VITA-386,1299,git
2026-06-05,VV-VITA-386,1299,git
2026-06-06,VV-VITA-386,1299,git
2026-06-07,VV-VITA-386,1299,git
2026-06-08,VV-VITA-386,1297,git
2026-06-09,VV-VITA-386,1297,git
2026-06-10,VV-VITA-386,1297,git
2026-06-11,VV-VITA-386,1296,git
2026-06-12,VV-VITA-386,1295,git
2026-06-13,VV-VITA-386,1294,git
2026-06-14,VV-VITA-386,1294,git
2026-06-15,VV-VITA-386,1294,git
2026-06-16,VV-VITA-386,2386,git
2026-06-17,VV-VITA-386,2386,git
2026-06-18,VV-VITA-386,2386,git
2026-06-19,VV-VITA-386,2378,git
2026-06-20,VV-VITA-386,2378,git
2026-06-21,VV-VITA-386,2377,git
2026-06-22,VV-VITA-386,2376,git
2026-06-23,VV-VITA-386,2376,git
2026-06-24,VV-VITA-386,2376,git
2026-06-25,VV-VITA-386,2375,git
2026-06-26,VV-VITA-386,2375,git
2026-06-27,VV-VITA-386,1074,git
2026-06-28,VV-VITA-386,1072,git
2026-06-29,VV-VITA-386,1072,git
2026-06-30,VV-VITA-386,1072,git
2026-07-01,VV-VITA-386,1072,git
2026-07-02,VV-VITA-386,1071,git
2026-07-03,VV-VITA-386,1071,git
2026-07-04,VV-VITA-386,1071,git
2026-07-05,VV-VITA-386,1071,git
2026-07-06,VV-VITA-386,1071,git
2026-07-07,VV-VITA-386,1071,git
2026-07-08,VV-VITA-386,1071,git
2026-07-09,VV-VITA-386,1071,git
2026-07-10,VV-VITA-386,1071,git
2026-07-11,VV-VITA-386,1071,git
2026-07-12,VV-VITA-386,1071,git
2026-07-13,VV-VITA-386,1070,git
2026-07-14,VV-VITA-386,1070,git
2026-07-15,VV-VITA-386,1070,git
2026-07-16,VV-VITA-386,1070,matrixify
2026-06-04,VV-VITA-387,1164,git
2026-06-05,VV-VITA-387,1164,git
2026-06-06,VV-VITA-387,1162,git
2026-06-07,VV-VITA-387,1159,git
2026-06-08,VV-VITA-387,1158,git
2026-06-09,VV-VITA-387,1154,git
2026-06-10,VV-VITA-387,1153,git
2026-06-11,VV-VITA-387,1149,git
2026-06-12,VV-VITA-387,1149,git
2026-06-13,VV-VITA-387,1148,git
2026-06-14,VV-VITA-387,1147,git
2026-06-15,VV-VITA-387,1146,git
2026-06-16,VV-VITA-387,1644,git
2026-06-17,VV-VITA-387,1644,git
2026-06-18,VV-VITA-387,1643,git
2026-06-19,VV-VITA-387,1641,git
2026-06-20,VV-VITA-387,1641,git
2026-06-21,VV-VITA-387,1640,git
2026-06-22,VV-VITA-387,1638,git
2026-06-23,VV-VITA-387,1638,git
2026-06-24,VV-VITA-387,1638,git
2026-06-25,VV-VITA-387,1636,git
2026-06-26,VV-VITA-387,1636,git
2026-06-27,VV-VITA-387,491,git
2026-06-28,VV-VITA-387,490,git
2026-06-29,VV-VITA-387,489,git
2026-06-30,VV-VITA-387,490,git
2026-07-01,VV-VITA-387,491,git
2026-07-02,VV-VITA-387,490,git
2026-07-03,VV-VITA-387,490,git
2026-07-04,VV-VITA-387,490,git
2026-07-05,VV-VITA-387,490,git
2026-07-06,VV-VITA-387,490,git
2026-07-07,VV-VITA-387,490,git
2026-07-08,VV-VITA-387,488,git
2026-07-09,VV-VITA-387,488,git
2026-07-10,VV-VITA-387,488,git
2026-07-11,VV-VITA-387,484,git
2026-07-12,VV-VITA-387,484,git
2026-07-13,VV-VITA-387,484,git
2026-07-14,VV-VITA-387,484,git
2026-07-15,VV-VITA-387,485,git
2026-07-16,VV-VITA-387,485,matrixify
2026-06-04,VV-VITA-388,23,git
2026-06-05,VV-VITA-388,21,git
2026-06-06,VV-VITA-388,20,git
2026-06-07,VV-VITA-388,19,git
2026-06-08,VV-VITA-388,16,git
2026-06-09,VV-VITA-388,15,git
2026-06-10,VV-VITA-388,13,git
2026-06-11,VV-VITA-388,13,git
2026-06-12,VV-VITA-388,12,git
2026-06-13,VV-VITA-388,11,git
2026-06-14,VV-VITA-388,6,git
2026-06-15,VV-VITA-388,3,git
2026-06-16,VV-VITA-388,0,git
2026-06-17,VV-VITA-388,0,git
2026-06-18,VV-VITA-388,0,git
2026-06-19,VV-VITA-388,0,git
2026-06-20,VV-VITA-388,0,git
2026-06-21,VV-VITA-388,0,git
2026-06-22,VV-VITA-388,0,git
2026-06-23,VV-VITA-388,0,git
2026-06-24,VV-VITA-388,0,git
2026-06-25,VV-VITA-388,0,git
2026-06-26,VV-VITA-388,0,git
2026-06-27,VV-VITA-388,0,git
2026-06-28,VV-VITA-388,0,git
2026-06-29,VV-VITA-388,0,git
2026-06-30,VV-VITA-388,0,git
2026-07-01,VV-VITA-388,0,git
2026-07-02,VV-VITA-388,0,git
2026-07-03,VV-VITA-388,0,git
2026-07-04,VV-VITA-388,0,git
2026-07-05,VV-VITA-388,0,git
2026-07-06,VV-VITA-388,0,git
2026-07-07,VV-VITA-388,0,git
2026-07-08,VV-VITA-388,0,git
2026-07-09,VV-VITA-388,0,git
2026-07-10,VV-VITA-388,0,git
2026-07-11,VV-VITA-388,0,git
2026-07-12,VV-VITA-388,0,git
2026-07-13,VV-VITA-388,0,git
2026-07-14,VV-VITA-388,-4,git
2026-07-15,VV-VITA-388,-4,git
2026-07-16,VV-VITA-388,-4,matrixify
2026-06-04,VV-VITA-389,287,git
2026-06-05,VV-VITA-389,282,git
2026-06-06,VV-VITA-389,282,git
2026-06-07,VV-VITA-389,278,git
2026-06-08,VV-VITA-389,278,git
2026-06-09,VV-VITA-389,275,git
2026-06-10,VV-VITA-389,271,git
2026-06-11,VV-VITA-389,271,git
2026-06-12,VV-VITA-389,271,git
2026-06-13,VV-VITA-389,265,git
2026-06-14,VV-VITA-389,265,git
2026-06-15,VV-VITA-389,265,git
2026-06-16,VV-VITA-389,413,git
2026-06-17,VV-VITA-389,413,git
2026-06-18,VV-VITA-389,413,git
2026-06-19,VV-VITA-389,412,git
2026-06-20,VV-VITA-389,412,git
2026-06-21,VV-VITA-389,141,git
2026-06-22,VV-VITA-389,137,git
2026-06-23,VV-VITA-389,137,git
2026-06-24,VV-VITA-389,137,git
2026-06-25,VV-VITA-389,137,git
2026-06-26,VV-VITA-389,136,git
2026-06-27,VV-VITA-389,134,git
2026-06-28,VV-VITA-389,133,git
2026-06-29,VV-VITA-389,132,git
2026-06-30,VV-VITA-389,132,git
2026-07-01,VV-VITA-389,128,git
2026-07-02,VV-VITA-389,124,git
2026-07-03,VV-VITA-389,124,git
2026-07-04,VV-VITA-389,124,git
2026-07-05,VV-VITA-389,123,git
2026-07-06,VV-VITA-389,23,git
2026-07-07,VV-VITA-389,23,git
2026-07-08,VV-VITA-389,22,git
2026-07-09,VV-VITA-389,20,git
2026-07-10,VV-VITA-389,20,git
2026-07-11,VV-VITA-389,20,git
2026-07-12,VV-VITA-389,19,git
2026-07-13,VV-VITA-389,19,git
2026-07-14,VV-VITA-389,19,git
2026-07-15,VV-VITA-389,18,git
2026-07-16,VV-VITA-389,18,matrixify
2026-06-04,VV-VITA-39,2948,git
2026-06-05,VV-VITA-39,2948,git
2026-06-06,VV-VITA-39,2948,git
2026-06-07,VV-VITA-39,2947,git
2026-06-08,VV-VITA-39,2945,git
2026-06-09,VV-VITA-39,2944,git
2026-06-10,VV-VITA-39,2944,git
2026-06-11,VV-VITA-39,2944,git
2026-06-12,VV-VITA-39,2944,git
2026-06-13,VV-VITA-39,2941,git
2026-06-14,VV-VITA-39,2941,git
2026-06-15,VV-VITA-39,2941,git
2026-06-16,VV-VITA-39,4741,git
2026-06-17,VV-VITA-39,4741,git
2026-06-18,VV-VITA-39,4733,git
2026-06-19,VV-VITA-39,4731,git
2026-06-20,VV-VITA-39,3411,git
2026-06-21,VV-VITA-39,3407,git
2026-06-22,VV-VITA-39,3403,git
2026-06-23,VV-VITA-39,3400,git
2026-06-24,VV-VITA-39,3399,git
2026-06-25,VV-VITA-39,3399,git
2026-06-26,VV-VITA-39,3381,git
2026-06-27,VV-VITA-39,1753,git
2026-06-28,VV-VITA-39,1752,git
2026-06-29,VV-VITA-39,1752,git
2026-06-30,VV-VITA-39,1750,git
2026-07-01,VV-VITA-39,1749,git
2026-07-02,VV-VITA-39,1746,git
2026-07-03,VV-VITA-39,1746,git
2026-07-04,VV-VITA-39,1746,git
2026-07-05,VV-VITA-39,1746,git
2026-07-06,VV-VITA-39,1742,git
2026-07-07,VV-VITA-39,1742,git
2026-07-08,VV-VITA-39,1742,git
2026-07-09,VV-VITA-39,1741,git
2026-07-10,VV-VITA-39,1741,git
2026-07-11,VV-VITA-39,1728,git
2026-07-12,VV-VITA-39,1728,git
2026-07-13,VV-VITA-39,1727,git
2026-07-14,VV-VITA-39,1725,git
2026-07-15,VV-VITA-39,1725,git
2026-07-16,VV-VITA-39,1725,matrixify
2026-06-04,VV-VITA-390,252,git
2026-06-05,VV-VITA-390,252,git
2026-06-06,VV-VITA-390,252,git
2026-06-07,VV-VITA-390,192,git
2026-06-08,VV-VITA-390,192,git
2026-06-09,VV-VITA-390,192,git
2026-06-10,VV-VITA-390,192,git
2026-06-11,VV-VITA-390,192,git
2026-06-12,VV-VITA-390,192,git
2026-06-13,VV-VITA-390,192,git
2026-06-14,VV-VITA-390,192,git
2026-06-15,VV-VITA-390,192,git
2026-06-16,VV-VITA-390,792,git
2026-06-17,VV-VITA-390,792,git
2026-06-18,VV-VITA-390,791,git
2026-06-19,VV-VITA-390,789,git
2026-06-20,VV-VITA-390,789,git
2026-06-21,VV-VITA-390,789,git
2026-06-22,VV-VITA-390,589,git
2026-06-23,VV-VITA-390,589,git
2026-06-24,VV-VITA-390,388,git
2026-06-25,VV-VITA-390,387,git
2026-06-26,VV-VITA-390,386,git
2026-06-27,VV-VITA-390,385,git
2026-06-28,VV-VITA-390,385,git
2026-06-29,VV-VITA-390,384,git
2026-06-30,VV-VITA-390,382,git
2026-07-01,VV-VITA-390,382,git
2026-07-02,VV-VITA-390,382,git
2026-07-03,VV-VITA-390,382,git
2026-07-04,VV-VITA-390,382,git
2026-07-05,VV-VITA-390,382,git
2026-07-06,VV-VITA-390,382,git
2026-07-07,VV-VITA-390,381,git
2026-07-08,VV-VITA-390,381,git
2026-07-09,VV-VITA-390,380,git
2026-07-10,VV-VITA-390,380,git
2026-07-11,VV-VITA-390,380,git
2026-07-12,VV-VITA-390,379,git
2026-07-13,VV-VITA-390,379,git
2026-07-14,VV-VITA-390,379,git
2026-07-15,VV-VITA-390,379,git
2026-07-16,VV-VITA-390,379,matrixify
2026-06-04,VV-VITA-391,606,git
2026-06-05,VV-VITA-391,547,git
2026-06-06,VV-VITA-391,546,git
2026-06-07,VV-VITA-391,126,git
2026-06-08,VV-VITA-391,124,git
2026-06-09,VV-VITA-391,122,git
2026-06-10,VV-VITA-391,118,git
2026-06-11,VV-VITA-391,118,git
2026-06-12,VV-VITA-391,108,git
2026-06-13,VV-VITA-391,45,git
2026-06-14,VV-VITA-391,42,git
2026-06-15,VV-VITA-391,42,git
2026-06-16,VV-VITA-391,41,git
2026-06-17,VV-VITA-391,41,git
2026-06-18,VV-VITA-391,39,git
2026-06-19,VV-VITA-391,35,git
2026-06-20,VV-VITA-391,32,git
2026-06-21,VV-VITA-391,28,git
2026-06-22,VV-VITA-391,27,git
2026-06-23,VV-VITA-391,27,git
2026-06-24,VV-VITA-391,26,git
2026-06-25,VV-VITA-391,25,git
2026-06-26,VV-VITA-391,21,git
2026-06-27,VV-VITA-391,-10,git
2026-06-28,VV-VITA-391,-10,git
2026-06-29,VV-VITA-391,50,git
2026-06-30,VV-VITA-391,49,git
2026-07-01,VV-VITA-391,48,git
2026-07-02,VV-VITA-391,45,git
2026-07-03,VV-VITA-391,45,git
2026-07-04,VV-VITA-391,45,git
2026-07-05,VV-VITA-391,44,git
2026-07-06,VV-VITA-391,43,git
2026-07-07,VV-VITA-391,43,git
2026-07-08,VV-VITA-391,39,git
2026-07-09,VV-VITA-391,39,git
2026-07-10,VV-VITA-391,39,git
2026-07-11,VV-VITA-391,39,git
2026-07-12,VV-VITA-391,37,git
2026-07-13,VV-VITA-391,36,git
2026-07-14,VV-VITA-391,33,git
2026-07-15,VV-VITA-391,33,git
2026-07-16,VV-VITA-391,32,matrixify
2026-06-13,VV-VITA-392,0,git
2026-06-14,VV-VITA-392,0,git
2026-06-15,VV-VITA-392,0,git
2026-06-16,VV-VITA-392,587,git
2026-06-17,VV-VITA-392,587,git
2026-06-18,VV-VITA-392,587,git
2026-06-19,VV-VITA-392,587,git
2026-06-20,VV-VITA-392,587,git
2026-06-21,VV-VITA-392,227,git
2026-06-22,VV-VITA-392,227,git
2026-06-23,VV-VITA-392,227,git
2026-06-24,VV-VITA-392,226,git
2026-06-25,VV-VITA-392,226,git
2026-06-26,VV-VITA-392,226,git
2026-06-27,VV-VITA-392,169,git
2026-06-28,VV-VITA-392,169,git
2026-06-29,VV-VITA-392,169,git
2026-06-30,VV-VITA-392,169,git
2026-07-01,VV-VITA-392,169,git
2026-07-02,VV-VITA-392,169,git
2026-07-03,VV-VITA-392,165,git
2026-07-04,VV-VITA-392,165,git
2026-07-05,VV-VITA-392,165,git
2026-07-06,VV-VITA-392,164,git
2026-07-07,VV-VITA-392,164,git
2026-07-08,VV-VITA-392,164,git
2026-07-09,VV-VITA-392,164,git
2026-07-10,VV-VITA-392,164,git
2026-07-11,VV-VITA-392,164,git
2026-07-12,VV-VITA-392,164,git
2026-07-13,VV-VITA-392,164,git
2026-07-14,VV-VITA-392,164,git
2026-07-15,VV-VITA-392,164,git
2026-07-16,VV-VITA-392,164,matrixify
2026-06-04,VV-VITA-393,732,git
2026-06-05,VV-VITA-393,732,git
2026-06-06,VV-VITA-393,732,git
2026-06-07,VV-VITA-393,732,git
2026-06-08,VV-VITA-393,731,git
2026-06-09,VV-VITA-393,731,git
2026-06-10,VV-VITA-393,731,git
2026-06-11,VV-VITA-393,731,git
2026-06-12,VV-VITA-393,0,git
2026-06-13,VV-VITA-393,0,git
2026-06-14,VV-VITA-393,0,git
2026-06-15,VV-VITA-393,0,git
2026-06-16,VV-VITA-393,1566,git
2026-06-17,VV-VITA-393,1566,git
2026-06-18,VV-VITA-393,1566,git
2026-06-19,VV-VITA-393,1566,git
2026-06-20,VV-VITA-393,1566,git
2026-06-21,VV-VITA-393,1566,git
2026-06-22,VV-VITA-393,1566,git
2026-06-23,VV-VITA-393,1565,git
2026-06-24,VV-VITA-393,1564,git
2026-06-25,VV-VITA-393,1564,git
2026-06-26,VV-VITA-393,1563,git
2026-06-27,VV-VITA-393,834,git
2026-06-28,VV-VITA-393,834,git
2026-06-29,VV-VITA-393,834,git
2026-06-30,VV-VITA-393,834,git
2026-07-01,VV-VITA-393,834,git
2026-07-02,VV-VITA-393,834,git
2026-07-03,VV-VITA-393,834,git
2026-07-04,VV-VITA-393,834,git
2026-07-05,VV-VITA-393,834,git
2026-07-06,VV-VITA-393,833,git
2026-07-07,VV-VITA-393,833,git
2026-07-08,VV-VITA-393,833,git
2026-07-09,VV-VITA-393,833,git
2026-07-10,VV-VITA-393,833,git
2026-07-11,VV-VITA-393,833,git
2026-07-12,VV-VITA-393,833,git
2026-07-13,VV-VITA-393,833,git
2026-07-14,VV-VITA-393,833,git
2026-07-15,VV-VITA-393,833,git
2026-07-16,VV-VITA-393,831,matrixify
2026-06-04,VV-VITA-394,894,git
2026-06-05,VV-VITA-394,894,git
2026-06-06,VV-VITA-394,894,git
2026-06-07,VV-VITA-394,894,git
2026-06-08,VV-VITA-394,893,git
2026-06-09,VV-VITA-394,891,git
2026-06-10,VV-VITA-394,890,git
2026-06-11,VV-VITA-394,888,git
2026-06-12,VV-VITA-394,0,git
2026-06-13,VV-VITA-394,0,git
2026-06-14,VV-VITA-394,0,git
2026-06-15,VV-VITA-394,0,git
2026-06-16,VV-VITA-394,0,git
2026-06-17,VV-VITA-394,0,git
2026-06-18,VV-VITA-394,0,git
2026-06-19,VV-VITA-394,0,git
2026-06-20,VV-VITA-394,1063,git
2026-06-21,VV-VITA-394,973,git
2026-06-22,VV-VITA-394,968,git
2026-06-23,VV-VITA-394,967,git
2026-06-24,VV-VITA-394,0,git
2026-06-25,VV-VITA-394,967,git
2026-06-26,VV-VITA-394,967,git
2026-06-27,VV-VITA-394,3564,git
2026-06-28,VV-VITA-394,3561,git
2026-06-29,VV-VITA-394,166,git
2026-06-30,VV-VITA-394,166,git
2026-07-01,VV-VITA-394,166,git
2026-07-02,VV-VITA-394,166,git
2026-07-03,VV-VITA-394,161,git
2026-07-04,VV-VITA-394,161,git
2026-07-05,VV-VITA-394,161,git
2026-07-06,VV-VITA-394,161,git
2026-07-07,VV-VITA-394,157,git
2026-07-08,VV-VITA-394,154,git
2026-07-09,VV-VITA-394,157,git
2026-07-10,VV-VITA-394,155,git
2026-07-11,VV-VITA-394,155,git
2026-07-12,VV-VITA-394,155,git
2026-07-13,VV-VITA-394,155,git
2026-07-14,VV-VITA-394,151,git
2026-07-15,VV-VITA-394,153,git
2026-07-16,VV-VITA-394,152,matrixify
2026-06-04,VV-VITA-395,398,git
2026-06-05,VV-VITA-395,392,git
2026-06-06,VV-VITA-395,392,git
2026-06-07,VV-VITA-395,392,git
2026-06-08,VV-VITA-395,392,git
2026-06-09,VV-VITA-395,392,git
2026-06-10,VV-VITA-395,392,git
2026-06-11,VV-VITA-395,388,git
2026-06-12,VV-VITA-395,383,git
2026-06-13,VV-VITA-395,383,git
2026-06-14,VV-VITA-395,383,git
2026-06-15,VV-VITA-395,381,git
2026-06-16,VV-VITA-395,3122,git
2026-06-17,VV-VITA-395,3121,git
2026-06-18,VV-VITA-395,3121,git
2026-06-19,VV-VITA-395,3119,git
2026-06-20,VV-VITA-395,3119,git
2026-06-21,VV-VITA-395,2735,git
2026-06-22,VV-VITA-395,2733,git
2026-06-23,VV-VITA-395,2730,git
2026-06-24,VV-VITA-395,2729,git
2026-06-25,VV-VITA-395,2729,git
2026-06-26,VV-VITA-395,2726,git
2026-06-27,VV-VITA-395,176,git
2026-06-28,VV-VITA-395,176,git
2026-06-29,VV-VITA-395,176,git
2026-06-30,VV-VITA-395,175,git
2026-07-01,VV-VITA-395,175,git
2026-07-02,VV-VITA-395,175,git
2026-07-03,VV-VITA-395,175,git
2026-07-04,VV-VITA-395,175,git
2026-07-05,VV-VITA-395,175,git
2026-07-06,VV-VITA-395,1613,git
2026-07-07,VV-VITA-395,1613,git
2026-07-08,VV-VITA-395,1612,git
2026-07-09,VV-VITA-395,1612,git
2026-07-10,VV-VITA-395,1610,git
2026-07-11,VV-VITA-395,1610,git
2026-07-12,VV-VITA-395,1609,git
2026-07-13,VV-VITA-395,1609,git
2026-07-14,VV-VITA-395,1606,git
2026-07-15,VV-VITA-395,1607,git
2026-07-16,VV-VITA-395,1604,matrixify
2026-06-04,VV-VITA-398,845,git
2026-06-05,VV-VITA-398,845,git
2026-06-06,VV-VITA-398,840,git
2026-06-07,VV-VITA-398,840,git
2026-06-08,VV-VITA-398,834,git
2026-06-09,VV-VITA-398,838,git
2026-06-10,VV-VITA-398,837,git
2026-06-11,VV-VITA-398,836,git
2026-06-12,VV-VITA-398,836,git
2026-06-13,VV-VITA-398,835,git
2026-06-14,VV-VITA-398,835,git
2026-06-15,VV-VITA-398,833,git
2026-06-16,VV-VITA-398,1369,git
2026-06-17,VV-VITA-398,1369,git
2026-06-18,VV-VITA-398,1365,git
2026-06-19,VV-VITA-398,1361,git
2026-06-20,VV-VITA-398,1361,git
2026-06-21,VV-VITA-398,1361,git
2026-06-22,VV-VITA-398,1359,git
2026-06-23,VV-VITA-398,1355,git
2026-06-24,VV-VITA-398,1355,git
2026-06-25,VV-VITA-398,1352,git
2026-06-26,VV-VITA-398,1352,git
2026-06-27,VV-VITA-398,526,git
2026-06-28,VV-VITA-398,522,git
2026-06-29,VV-VITA-398,522,git
2026-06-30,VV-VITA-398,521,git
2026-07-01,VV-VITA-398,520,git
2026-07-02,VV-VITA-398,518,git
2026-07-03,VV-VITA-398,516,git
2026-07-04,VV-VITA-398,516,git
2026-07-05,VV-VITA-398,516,git
2026-07-06,VV-VITA-398,516,git
2026-07-07,VV-VITA-398,516,git
2026-07-08,VV-VITA-398,515,git
2026-07-09,VV-VITA-398,516,git
2026-07-10,VV-VITA-398,516,git
2026-07-11,VV-VITA-398,515,git
2026-07-12,VV-VITA-398,515,git
2026-07-13,VV-VITA-398,515,git
2026-07-14,VV-VITA-398,515,git
2026-07-15,VV-VITA-398,513,git
2026-07-16,VV-VITA-398,513,matrixify
2026-06-04,VV-VITA-399,305,git
2026-06-05,VV-VITA-399,305,git
2026-06-06,VV-VITA-399,305,git
2026-06-07,VV-VITA-399,305,git
2026-06-08,VV-VITA-399,305,git
2026-06-09,VV-VITA-399,305,git
2026-06-10,VV-VITA-399,305,git
2026-06-11,VV-VITA-399,303,git
2026-06-12,VV-VITA-399,303,git
2026-06-13,VV-VITA-399,303,git
2026-06-14,VV-VITA-399,302,git
2026-06-15,VV-VITA-399,302,git
2026-06-16,VV-VITA-399,446,git
2026-06-17,VV-VITA-399,445,git
2026-06-18,VV-VITA-399,445,git
2026-06-19,VV-VITA-399,445,git
2026-06-20,VV-VITA-399,445,git
2026-06-21,VV-VITA-399,445,git
2026-06-22,VV-VITA-399,442,git
2026-06-23,VV-VITA-399,442,git
2026-06-24,VV-VITA-399,442,git
2026-06-25,VV-VITA-399,442,git
2026-06-26,VV-VITA-399,442,git
2026-06-27,VV-VITA-399,132,git
2026-06-28,VV-VITA-399,132,git
2026-06-29,VV-VITA-399,132,git
2026-06-30,VV-VITA-399,132,git
2026-07-01,VV-VITA-399,132,git
2026-07-02,VV-VITA-399,132,git
2026-07-03,VV-VITA-399,131,git
2026-07-04,VV-VITA-399,131,git
2026-07-05,VV-VITA-399,131,git
2026-07-06,VV-VITA-399,131,git
2026-07-07,VV-VITA-399,131,git
2026-07-08,VV-VITA-399,131,git
2026-07-09,VV-VITA-399,130,git
2026-07-10,VV-VITA-399,129,git
2026-07-11,VV-VITA-399,129,git
2026-07-12,VV-VITA-399,129,git
2026-07-13,VV-VITA-399,129,git
2026-07-14,VV-VITA-399,129,git
2026-07-15,VV-VITA-399,129,git
2026-07-16,VV-VITA-399,129,matrixify
2026-06-04,VV-VITA-400,725,git
2026-06-05,VV-VITA-400,725,git
2026-06-06,VV-VITA-400,725,git
2026-06-07,VV-VITA-400,725,git
2026-06-08,VV-VITA-400,725,git
2026-06-09,VV-VITA-400,725,git
2026-06-10,VV-VITA-400,725,git
2026-06-11,VV-VITA-400,725,git
2026-06-12,VV-VITA-400,725,git
2026-06-13,VV-VITA-400,725,git
2026-06-14,VV-VITA-400,725,git
2026-06-15,VV-VITA-400,725,git
2026-06-16,VV-VITA-400,1150,git
2026-06-17,VV-VITA-400,1150,git
2026-06-18,VV-VITA-400,1150,git
2026-06-19,VV-VITA-400,1146,git
2026-06-20,VV-VITA-400,1231,git
2026-06-21,VV-VITA-400,1231,git
2026-06-22,VV-VITA-400,1231,git
2026-06-23,VV-VITA-400,1142,git
2026-06-24,VV-VITA-400,1142,git
2026-06-25,VV-VITA-400,1142,git
2026-06-26,VV-VITA-400,1140,git
2026-06-27,VV-VITA-400,407,git
2026-06-28,VV-VITA-400,407,git
2026-06-29,VV-VITA-400,407,git
2026-06-30,VV-VITA-400,403,git
2026-07-01,VV-VITA-400,403,git
2026-07-02,VV-VITA-400,403,git
2026-07-03,VV-VITA-400,403,git
2026-07-04,VV-VITA-400,403,git
2026-07-05,VV-VITA-400,403,git
2026-07-06,VV-VITA-400,402,git
2026-07-07,VV-VITA-400,402,git
2026-07-08,VV-VITA-400,402,git
2026-07-09,VV-VITA-400,402,git
2026-07-10,VV-VITA-400,402,git
2026-07-11,VV-VITA-400,402,git
2026-07-12,VV-VITA-400,402,git
2026-07-13,VV-VITA-400,401,git
2026-07-14,VV-VITA-400,401,git
2026-07-15,VV-VITA-400,401,git
2026-07-16,VV-VITA-400,401,matrixify
2026-06-13,VV-VITA-401,0,git
2026-06-14,VV-VITA-401,0,git
2026-06-15,VV-VITA-401,0,git
2026-06-16,VV-VITA-401,1060,git
2026-06-17,VV-VITA-401,1060,git
2026-06-18,VV-VITA-401,1060,git
2026-06-19,VV-VITA-401,1060,git
2026-06-20,VV-VITA-401,1060,git
2026-06-21,VV-VITA-401,1060,git
2026-06-22,VV-VITA-401,1060,git
2026-06-23,VV-VITA-401,1059,git
2026-06-24,VV-VITA-401,1059,git
2026-06-25,VV-VITA-401,1059,git
2026-06-26,VV-VITA-401,1059,git
2026-06-27,VV-VITA-401,709,git
2026-06-28,VV-VITA-401,709,git
2026-06-29,VV-VITA-401,709,git
2026-06-30,VV-VITA-401,709,git
2026-07-01,VV-VITA-401,709,git
2026-07-02,VV-VITA-401,709,git
2026-07-03,VV-VITA-401,709,git
2026-07-04,VV-VITA-401,708,git
2026-07-05,VV-VITA-401,708,git
2026-07-06,VV-VITA-401,708,git
2026-07-07,VV-VITA-401,708,git
2026-07-08,VV-VITA-401,708,git
2026-07-09,VV-VITA-401,708,git
2026-07-10,VV-VITA-401,708,git
2026-07-11,VV-VITA-401,708,git
2026-07-12,VV-VITA-401,708,git
2026-07-13,VV-VITA-401,708,git
2026-07-14,VV-VITA-401,708,git
2026-07-15,VV-VITA-401,708,git
2026-07-16,VV-VITA-401,707,matrixify
2026-06-04,VV-VITA-402,751,git
2026-06-05,VV-VITA-402,749,git
2026-06-06,VV-VITA-402,748,git
2026-06-07,VV-VITA-402,748,git
2026-06-08,VV-VITA-402,747,git
2026-06-09,VV-VITA-402,747,git
2026-06-10,VV-VITA-402,746,git
2026-06-11,VV-VITA-402,745,git
2026-06-12,VV-VITA-402,745,git
2026-06-13,VV-VITA-402,745,git
2026-06-14,VV-VITA-402,745,git
2026-06-15,VV-VITA-402,744,git
2026-06-16,VV-VITA-402,1222,git
2026-06-17,VV-VITA-402,1222,git
2026-06-18,VV-VITA-402,1220,git
2026-06-19,VV-VITA-402,1219,git
2026-06-20,VV-VITA-402,1218,git
2026-06-21,VV-VITA-402,1218,git
2026-06-22,VV-VITA-402,1210,git
2026-06-23,VV-VITA-402,1209,git
2026-06-24,VV-VITA-402,1209,git
2026-06-25,VV-VITA-402,746,git
2026-06-26,VV-VITA-402,1209,git
2026-06-27,VV-VITA-402,461,git
2026-06-28,VV-VITA-402,461,git
2026-06-29,VV-VITA-402,460,git
2026-06-30,VV-VITA-402,460,git
2026-07-01,VV-VITA-402,460,git
2026-07-02,VV-VITA-402,460,git
2026-07-03,VV-VITA-402,459,git
2026-07-04,VV-VITA-402,459,git
2026-07-05,VV-VITA-402,459,git
2026-07-06,VV-VITA-402,458,git
2026-07-07,VV-VITA-402,458,git
2026-07-08,VV-VITA-402,455,git
2026-07-09,VV-VITA-402,446,git
2026-07-10,VV-VITA-402,443,git
2026-07-11,VV-VITA-402,441,git
2026-07-12,VV-VITA-402,438,git
2026-07-13,VV-VITA-402,438,git
2026-07-14,VV-VITA-402,438,git
2026-07-15,VV-VITA-402,435,git
2026-07-16,VV-VITA-402,434,matrixify
2026-06-04,VV-VITA-402-plytix,0,git
2026-06-05,VV-VITA-402-plytix,0,git
2026-06-06,VV-VITA-402-plytix,0,git
2026-06-07,VV-VITA-402-plytix,0,git
2026-06-08,VV-VITA-402-plytix,0,git
2026-06-09,VV-VITA-402-plytix,0,git
2026-06-10,VV-VITA-402-plytix,0,git
2026-06-11,VV-VITA-402-plytix,0,git
2026-06-12,VV-VITA-402-plytix,0,git
2026-06-13,VV-VITA-402-plytix,0,git
2026-06-14,VV-VITA-402-plytix,0,git
2026-06-15,VV-VITA-402-plytix,0,git
2026-06-04,VV-VITA-403,647,git
2026-06-05,VV-VITA-403,647,git
2026-06-06,VV-VITA-403,646,git
2026-06-07,VV-VITA-403,186,git
2026-06-08,VV-VITA-403,185,git
2026-06-09,VV-VITA-403,182,git
2026-06-10,VV-VITA-403,180,git
2026-06-11,VV-VITA-403,178,git
2026-06-12,VV-VITA-403,177,git
2026-06-13,VV-VITA-403,177,git
2026-06-14,VV-VITA-403,173,git
2026-06-15,VV-VITA-403,172,git
2026-06-16,VV-VITA-403,264,git
2026-06-17,VV-VITA-403,261,git
2026-06-18,VV-VITA-403,259,git
2026-06-19,VV-VITA-403,258,git
2026-06-20,VV-VITA-403,253,git
2026-06-21,VV-VITA-403,252,git
2026-06-22,VV-VITA-403,92,git
2026-06-23,VV-VITA-403,85,git
2026-06-24,VV-VITA-403,40,git
2026-06-25,VV-VITA-403,37,git
2026-06-26,VV-VITA-403,36,git
2026-06-27,VV-VITA-403,16,git
2026-06-28,VV-VITA-403,12,git
2026-06-29,VV-VITA-403,12,git
2026-06-30,VV-VITA-403,12,git
2026-07-01,VV-VITA-403,12,git
2026-07-02,VV-VITA-403,12,git
2026-07-03,VV-VITA-403,10,git
2026-07-04,VV-VITA-403,9,git
2026-07-05,VV-VITA-403,9,git
2026-07-06,VV-VITA-403,5,git
2026-07-07,VV-VITA-403,3,git
2026-07-08,VV-VITA-403,3,git
2026-07-09,VV-VITA-403,2,git
2026-07-10,VV-VITA-403,1,git
2026-07-11,VV-VITA-403,1,git
2026-07-12,VV-VITA-403,0,git
2026-07-13,VV-VITA-403,0,git
2026-07-14,VV-VITA-403,0,git
2026-07-15,VV-VITA-403,0,git
2026-07-16,VV-VITA-403,0,matrixify
2026-06-04,VV-VITA-404,0,git
2026-06-05,VV-VITA-404,0,git
2026-06-06,VV-VITA-404,0,git
2026-06-07,VV-VITA-404,0,git
2026-06-08,VV-VITA-404,0,git
2026-06-09,VV-VITA-404,0,git
2026-06-10,VV-VITA-404,0,git
2026-06-11,VV-VITA-404,0,git
2026-06-12,VV-VITA-404,0,git
2026-06-13,VV-VITA-404,0,git
2026-06-14,VV-VITA-404,0,git
2026-06-15,VV-VITA-404,0,git
2026-06-16,VV-VITA-404,0,git
2026-06-17,VV-VITA-404,0,git
2026-06-18,VV-VITA-404,0,git
2026-06-19,VV-VITA-404,0,git
2026-06-20,VV-VITA-404,0,git
2026-06-21,VV-VITA-404,0,git
2026-06-22,VV-VITA-404,0,git
2026-06-23,VV-VITA-404,0,git
2026-06-24,VV-VITA-404,0,git
2026-06-25,VV-VITA-404,0,git
2026-06-26,VV-VITA-404,0,git
2026-06-27,VV-VITA-404,0,git
2026-06-28,VV-VITA-404,0,git
2026-06-29,VV-VITA-404,0,git
2026-06-30,VV-VITA-404,0,git
2026-07-01,VV-VITA-404,0,git
2026-07-02,VV-VITA-404,0,git
2026-07-03,VV-VITA-404,0,git
2026-07-04,VV-VITA-404,0,git
2026-07-05,VV-VITA-404,0,git
2026-07-06,VV-VITA-404,0,git
2026-07-07,VV-VITA-404,240,git
2026-07-08,VV-VITA-404,0,git
2026-07-09,VV-VITA-404,240,git
2026-07-10,VV-VITA-404,239,git
2026-07-11,VV-VITA-404,239,git
2026-07-12,VV-VITA-404,239,git
2026-07-13,VV-VITA-404,239,git
2026-07-14,VV-VITA-404,229,git
2026-07-15,VV-VITA-404,229,git
2026-07-16,VV-VITA-404,228,matrixify
2026-06-04,VV-VITA-405,315,git
2026-06-05,VV-VITA-405,315,git
2026-06-06,VV-VITA-405,315,git
2026-06-07,VV-VITA-405,27,git
2026-06-08,VV-VITA-405,25,git
2026-06-09,VV-VITA-405,25,git
2026-06-10,VV-VITA-405,19,git
2026-06-11,VV-VITA-405,18,git
2026-06-12,VV-VITA-405,14,git
2026-06-13,VV-VITA-405,14,git
2026-06-14,VV-VITA-405,14,git
2026-06-15,VV-VITA-405,11,git
2026-06-16,VV-VITA-405,297,git
2026-06-17,VV-VITA-405,295,git
2026-06-18,VV-VITA-405,293,git
2026-06-19,VV-VITA-405,291,git
2026-06-20,VV-VITA-405,291,git
2026-06-21,VV-VITA-405,290,git
2026-06-22,VV-VITA-405,289,git
2026-06-23,VV-VITA-405,288,git
2026-06-24,VV-VITA-405,143,git
2026-06-25,VV-VITA-405,142,git
2026-06-26,VV-VITA-405,141,git
2026-06-27,VV-VITA-405,123,git
2026-06-28,VV-VITA-405,123,git
2026-06-29,VV-VITA-405,122,git
2026-06-30,VV-VITA-405,120,git
2026-07-01,VV-VITA-405,120,git
2026-07-02,VV-VITA-405,120,git
2026-07-03,VV-VITA-405,120,git
2026-07-04,VV-VITA-405,120,git
2026-07-05,VV-VITA-405,120,git
2026-07-06,VV-VITA-405,120,git
2026-07-07,VV-VITA-405,120,git
2026-07-08,VV-VITA-405,119,git
2026-07-09,VV-VITA-405,119,git
2026-07-10,VV-VITA-405,118,git
2026-07-11,VV-VITA-405,118,git
2026-07-12,VV-VITA-405,117,git
2026-07-13,VV-VITA-405,117,git
2026-07-14,VV-VITA-405,116,git
2026-07-15,VV-VITA-405,116,git
2026-07-16,VV-VITA-405,115,matrixify
2026-06-04,VV-VITA-406,6,git
2026-06-05,VV-VITA-406,6,git
2026-06-06,VV-VITA-406,6,git
2026-06-07,VV-VITA-406,6,git
2026-06-08,VV-VITA-406,6,git
2026-06-09,VV-VITA-406,6,git
2026-06-10,VV-VITA-406,6,git
2026-06-11,VV-VITA-406,6,git
2026-06-12,VV-VITA-406,6,git
2026-06-13,VV-VITA-406,6,git
2026-06-14,VV-VITA-406,6,git
2026-06-15,VV-VITA-406,6,git
2026-06-16,VV-VITA-406,6,git
2026-06-17,VV-VITA-406,6,git
2026-06-18,VV-VITA-406,6,git
2026-06-19,VV-VITA-406,6,git
2026-06-20,VV-VITA-406,6,git
2026-06-21,VV-VITA-406,6,git
2026-06-22,VV-VITA-406,6,git
2026-06-23,VV-VITA-406,6,git
2026-06-24,VV-VITA-406,6,git
2026-06-25,VV-VITA-406,6,git
2026-06-26,VV-VITA-406,6,git
2026-06-27,VV-VITA-406,0,git
2026-06-28,VV-VITA-406,0,git
2026-06-29,VV-VITA-406,0,git
2026-06-30,VV-VITA-406,0,git
2026-07-01,VV-VITA-406,0,git
2026-07-02,VV-VITA-406,0,git
2026-07-03,VV-VITA-406,0,git
2026-07-04,VV-VITA-406,0,git
2026-07-05,VV-VITA-406,0,git
2026-07-06,VV-VITA-406,0,git
2026-07-07,VV-VITA-406,0,git
2026-07-08,VV-VITA-406,0,git
2026-07-09,VV-VITA-406,0,git
2026-07-10,VV-VITA-406,0,git
2026-07-11,VV-VITA-406,0,git
2026-07-12,VV-VITA-406,0,git
2026-07-13,VV-VITA-406,0,git
2026-07-14,VV-VITA-406,0,git
2026-07-15,VV-VITA-406,0,git
2026-07-16,VV-VITA-406,0,matrixify
2026-06-04,VV-VITA-407,346,git
2026-06-05,VV-VITA-407,341,git
2026-06-06,VV-VITA-407,339,git
2026-06-07,VV-VITA-407,336,git
2026-06-08,VV-VITA-407,335,git
2026-06-09,VV-VITA-407,334,git
2026-06-10,VV-VITA-407,329,git
2026-06-11,VV-VITA-407,326,git
2026-06-12,VV-VITA-407,325,git
2026-06-13,VV-VITA-407,174,git
2026-06-14,VV-VITA-407,173,git
2026-06-15,VV-VITA-407,166,git
2026-06-16,VV-VITA-407,165,git
2026-06-17,VV-VITA-407,164,git
2026-06-18,VV-VITA-407,162,git
2026-06-19,VV-VITA-407,160,git
2026-06-20,VV-VITA-407,158,git
2026-06-21,VV-VITA-407,158,git
2026-06-22,VV-VITA-407,5,git
2026-06-23,VV-VITA-407,5,git
2026-06-24,VV-VITA-407,3,git
2026-06-25,VV-VITA-407,1,git
2026-06-26,VV-VITA-407,-2,git
2026-06-27,VV-VITA-407,-10,git
2026-06-28,VV-VITA-407,-10,git
2026-06-29,VV-VITA-407,140,git
2026-06-30,VV-VITA-407,139,git
2026-07-01,VV-VITA-407,138,git
2026-07-02,VV-VITA-407,138,git
2026-07-03,VV-VITA-407,138,git
2026-07-04,VV-VITA-407,138,git
2026-07-05,VV-VITA-407,138,git
2026-07-06,VV-VITA-407,138,git
2026-07-07,VV-VITA-407,139,git
2026-07-08,VV-VITA-407,136,git
2026-07-09,VV-VITA-407,139,git
2026-07-10,VV-VITA-407,139,git
2026-07-11,VV-VITA-407,138,git
2026-07-12,VV-VITA-407,138,git
2026-07-13,VV-VITA-407,137,git
2026-07-14,VV-VITA-407,136,git
2026-07-15,VV-VITA-407,136,git
2026-07-16,VV-VITA-407,137,matrixify
2026-06-04,VV-VITA-408,324,git
2026-06-05,VV-VITA-408,322,git
2026-06-06,VV-VITA-408,322,git
2026-06-07,VV-VITA-408,322,git
2026-06-08,VV-VITA-408,320,git
2026-06-09,VV-VITA-408,320,git
2026-06-10,VV-VITA-408,319,git
2026-06-11,VV-VITA-408,316,git
2026-06-12,VV-VITA-408,316,git
2026-06-13,VV-VITA-408,316,git
2026-06-14,VV-VITA-408,316,git
2026-06-15,VV-VITA-408,316,git
2026-06-16,VV-VITA-408,664,git
2026-06-17,VV-VITA-408,664,git
2026-06-18,VV-VITA-408,664,git
2026-06-19,VV-VITA-408,662,git
2026-06-20,VV-VITA-408,659,git
2026-06-21,VV-VITA-408,559,git
2026-06-22,VV-VITA-408,503,git
2026-06-23,VV-VITA-408,503,git
2026-06-24,VV-VITA-408,501,git
2026-06-25,VV-VITA-408,499,git
2026-06-26,VV-VITA-408,499,git
2026-06-27,VV-VITA-408,329,git
2026-06-28,VV-VITA-408,328,git
2026-06-29,VV-VITA-408,328,git
2026-06-30,VV-VITA-408,326,git
2026-07-01,VV-VITA-408,328,git
2026-07-02,VV-VITA-408,328,git
2026-07-03,VV-VITA-408,331,git
2026-07-04,VV-VITA-408,325,git
2026-07-05,VV-VITA-408,325,git
2026-07-06,VV-VITA-408,321,git
2026-07-07,VV-VITA-408,319,git
2026-07-08,VV-VITA-408,320,git
2026-07-09,VV-VITA-408,320,git
2026-07-10,VV-VITA-408,319,git
2026-07-11,VV-VITA-408,319,git
2026-07-12,VV-VITA-408,319,git
2026-07-13,VV-VITA-408,319,git
2026-07-14,VV-VITA-408,317,git
2026-07-15,VV-VITA-408,314,git
2026-07-16,VV-VITA-408,314,matrixify
2026-06-04,VV-VITA-409,1170,git
2026-06-05,VV-VITA-409,1168,git
2026-06-06,VV-VITA-409,1168,git
2026-06-07,VV-VITA-409,1168,git
2026-06-08,VV-VITA-409,1168,git
2026-06-09,VV-VITA-409,1168,git
2026-06-10,VV-VITA-409,1168,git
2026-06-11,VV-VITA-409,1168,git
2026-06-12,VV-VITA-409,1168,git
2026-06-13,VV-VITA-409,1168,git
2026-06-14,VV-VITA-409,1168,git
2026-06-15,VV-VITA-409,1168,git
2026-06-16,VV-VITA-409,2320,git
2026-06-17,VV-VITA-409,2320,git
2026-06-18,VV-VITA-409,2320,git
2026-06-19,VV-VITA-409,2318,git
2026-06-20,VV-VITA-409,2318,git
2026-06-21,VV-VITA-409,2318,git
2026-06-22,VV-VITA-409,2315,git
2026-06-23,VV-VITA-409,2315,git
2026-06-25,VV-VITA-409,1168,git
2026-06-26,VV-VITA-409,0,git
2026-06-27,VV-VITA-409,0,git
2026-06-28,VV-VITA-409,0,git
2026-06-29,VV-VITA-409,0,git
2026-06-30,VV-VITA-409,0,git
2026-07-01,VV-VITA-409,0,git
2026-07-02,VV-VITA-409,0,git
2026-07-03,VV-VITA-409,0,git
2026-07-04,VV-VITA-409,0,git
2026-07-05,VV-VITA-409,0,git
2026-07-06,VV-VITA-409,0,git
2026-07-07,VV-VITA-409,1438,git
2026-07-08,VV-VITA-409,1437,git
2026-07-09,VV-VITA-409,1437,git
2026-07-10,VV-VITA-409,1437,git
2026-07-11,VV-VITA-409,1437,git
2026-07-12,VV-VITA-409,1437,git
2026-07-13,VV-VITA-409,1435,git
2026-07-14,VV-VITA-409,1424,git
2026-07-15,VV-VITA-409,1425,git
2026-07-16,VV-VITA-409,1425,matrixify
2026-06-04,VV-VITA-410,604,git
2026-06-05,VV-VITA-410,604,git
2026-06-06,VV-VITA-410,604,git
2026-06-07,VV-VITA-410,604,git
2026-06-08,VV-VITA-410,604,git
2026-06-09,VV-VITA-410,604,git
2026-06-10,VV-VITA-410,602,git
2026-06-11,VV-VITA-410,601,git
2026-06-12,VV-VITA-410,601,git
2026-06-13,VV-VITA-410,601,git
2026-06-14,VV-VITA-410,601,git
2026-06-15,VV-VITA-410,601,git
2026-06-16,VV-VITA-410,1590,git
2026-06-17,VV-VITA-410,1590,git
2026-06-18,VV-VITA-410,1590,git
2026-06-19,VV-VITA-410,1587,git
2026-06-20,VV-VITA-410,1587,git
2026-06-21,VV-VITA-410,1586,git
2026-06-22,VV-VITA-410,1586,git
2026-06-23,VV-VITA-410,1585,git
2026-06-24,VV-VITA-410,0,git
2026-06-25,VV-VITA-410,1584,git
2026-06-26,VV-VITA-410,1584,git
2026-06-27,VV-VITA-410,979,git
2026-06-28,VV-VITA-410,979,git
2026-06-29,VV-VITA-410,979,git
2026-06-30,VV-VITA-410,979,git
2026-07-01,VV-VITA-410,979,git
2026-07-02,VV-VITA-410,977,git
2026-07-03,VV-VITA-410,977,git
2026-07-04,VV-VITA-410,977,git
2026-07-05,VV-VITA-410,977,git
2026-07-06,VV-VITA-410,1487,git
2026-07-07,VV-VITA-410,1487,git
2026-07-08,VV-VITA-410,1485,git
2026-07-09,VV-VITA-410,1484,git
2026-07-10,VV-VITA-410,1484,git
2026-07-11,VV-VITA-410,1484,git
2026-07-12,VV-VITA-410,1482,git
2026-07-13,VV-VITA-410,1482,git
2026-07-14,VV-VITA-410,1481,git
2026-07-15,VV-VITA-410,1480,git
2026-07-16,VV-VITA-410,1479,matrixify
2026-06-04,VV-VITA-411,313,git
2026-06-05,VV-VITA-411,313,git
2026-06-06,VV-VITA-411,313,git
2026-06-07,VV-VITA-411,313,git
2026-06-08,VV-VITA-411,313,git
2026-06-09,VV-VITA-411,311,git
2026-06-10,VV-VITA-411,305,git
2026-06-11,VV-VITA-411,305,git
2026-06-12,VV-VITA-411,303,git
2026-06-13,VV-VITA-411,303,git
2026-06-14,VV-VITA-411,303,git
2026-06-15,VV-VITA-411,301,git
2026-06-16,VV-VITA-411,554,git
2026-06-17,VV-VITA-411,554,git
2026-06-18,VV-VITA-411,551,git
2026-06-19,VV-VITA-411,551,git
2026-06-20,VV-VITA-411,551,git
2026-06-21,VV-VITA-411,551,git
2026-06-22,VV-VITA-411,551,git
2026-06-23,VV-VITA-411,550,git
2026-06-24,VV-VITA-411,547,git
2026-06-25,VV-VITA-411,545,git
2026-06-26,VV-VITA-411,545,git
2026-06-27,VV-VITA-411,235,git
2026-06-28,VV-VITA-411,235,git
2026-06-29,VV-VITA-411,231,git
2026-06-30,VV-VITA-411,231,git
2026-07-01,VV-VITA-411,230,git
2026-07-02,VV-VITA-411,230,git
2026-07-03,VV-VITA-411,230,git
2026-07-04,VV-VITA-411,229,git
2026-07-05,VV-VITA-411,229,git
2026-07-06,VV-VITA-411,229,git
2026-07-07,VV-VITA-411,229,git
2026-07-08,VV-VITA-411,227,git
2026-07-09,VV-VITA-411,229,git
2026-07-10,VV-VITA-411,228,git
2026-07-11,VV-VITA-411,228,git
2026-07-12,VV-VITA-411,228,git
2026-07-13,VV-VITA-411,228,git
2026-07-14,VV-VITA-411,228,git
2026-07-15,VV-VITA-411,227,git
2026-07-16,VV-VITA-411,227,matrixify
2026-06-04,VV-VITA-412,1406,git
2026-06-05,VV-VITA-412,1406,git
2026-06-06,VV-VITA-412,1406,git
2026-06-07,VV-VITA-412,1174,git
2026-06-08,VV-VITA-412,1174,git
2026-06-09,VV-VITA-412,1174,git
2026-06-10,VV-VITA-412,1174,git
2026-06-11,VV-VITA-412,1174,git
2026-06-12,VV-VITA-412,1174,git
2026-06-13,VV-VITA-412,710,git
2026-06-14,VV-VITA-412,710,git
2026-06-15,VV-VITA-412,710,git
2026-06-16,VV-VITA-412,710,git
2026-06-17,VV-VITA-412,710,git
2026-06-18,VV-VITA-412,710,git
2026-06-19,VV-VITA-412,710,git
2026-06-20,VV-VITA-412,709,git
2026-06-21,VV-VITA-412,706,git
2026-06-22,VV-VITA-412,705,git
2026-06-23,VV-VITA-412,705,git
2026-06-24,VV-VITA-412,705,git
2026-06-25,VV-VITA-412,705,git
2026-06-26,VV-VITA-412,704,git
2026-06-27,VV-VITA-412,0,git
2026-06-28,VV-VITA-412,0,git
2026-06-29,VV-VITA-412,464,git
2026-06-30,VV-VITA-412,464,git
2026-07-01,VV-VITA-412,464,git
2026-07-02,VV-VITA-412,464,git
2026-07-03,VV-VITA-412,464,git
2026-07-04,VV-VITA-412,464,git
2026-07-05,VV-VITA-412,464,git
2026-07-06,VV-VITA-412,463,git
2026-07-07,VV-VITA-412,463,git
2026-07-08,VV-VITA-412,463,git
2026-07-09,VV-VITA-412,463,git
2026-07-10,VV-VITA-412,463,git
2026-07-11,VV-VITA-412,463,git
2026-07-12,VV-VITA-412,463,git
2026-07-13,VV-VITA-412,463,git
2026-07-14,VV-VITA-412,463,git
2026-07-15,VV-VITA-412,463,git
2026-07-16,VV-VITA-412,463,matrixify
2026-06-04,VV-VITA-413,1632,git
2026-06-05,VV-VITA-413,1632,git
2026-06-06,VV-VITA-413,1630,git
2026-06-07,VV-VITA-413,1630,git
2026-06-08,VV-VITA-413,1628,git
2026-06-09,VV-VITA-413,1627,git
2026-06-10,VV-VITA-413,1663,git
2026-06-11,VV-VITA-413,1663,git
2026-06-12,VV-VITA-413,1660,git
2026-06-13,VV-VITA-413,1226,git
2026-06-14,VV-VITA-413,1224,git
2026-06-15,VV-VITA-413,1224,git
2026-06-16,VV-VITA-413,1222,git
2026-06-17,VV-VITA-413,1221,git
2026-06-18,VV-VITA-413,1221,git
2026-06-19,VV-VITA-413,1221,git
2026-06-20,VV-VITA-413,1220,git
2026-06-21,VV-VITA-413,1220,git
2026-06-22,VV-VITA-413,1219,git
2026-06-23,VV-VITA-413,1219,git
2026-06-24,VV-VITA-413,640,git
2026-06-25,VV-VITA-413,636,git
2026-06-26,VV-VITA-413,635,git
2026-06-27,VV-VITA-413,0,git
2026-06-28,VV-VITA-413,0,git
2026-06-29,VV-VITA-413,432,git
2026-06-30,VV-VITA-413,431,git
2026-07-01,VV-VITA-413,431,git
2026-07-02,VV-VITA-413,431,git
2026-07-03,VV-VITA-413,431,git
2026-07-04,VV-VITA-413,431,git
2026-07-05,VV-VITA-413,431,git
2026-07-06,VV-VITA-413,429,git
2026-07-07,VV-VITA-413,428,git
2026-07-08,VV-VITA-413,428,git
2026-07-09,VV-VITA-413,426,git
2026-07-10,VV-VITA-413,425,git
2026-07-11,VV-VITA-413,425,git
2026-07-12,VV-VITA-413,424,git
2026-07-13,VV-VITA-413,424,git
2026-07-14,VV-VITA-413,423,git
2026-07-15,VV-VITA-413,424,git
2026-07-16,VV-VITA-413,424,matrixify
2026-06-04,VV-VITA-414,0,git
2026-06-05,VV-VITA-414,0,git
2026-06-06,VV-VITA-414,0,git
2026-06-07,VV-VITA-414,0,git
2026-06-08,VV-VITA-414,0,git
2026-06-09,VV-VITA-414,0,git
2026-06-10,VV-VITA-414,0,git
2026-06-11,VV-VITA-414,0,git
2026-06-12,VV-VITA-414,1373,git
2026-06-13,VV-VITA-414,652,git
2026-06-14,VV-VITA-414,76,git
2026-06-15,VV-VITA-414,76,git
2026-06-16,VV-VITA-414,76,git
2026-06-17,VV-VITA-414,73,git
2026-06-18,VV-VITA-414,73,git
2026-06-19,VV-VITA-414,73,git
2026-06-20,VV-VITA-414,73,git
2026-06-21,VV-VITA-414,73,git
2026-06-22,VV-VITA-414,73,git
2026-06-23,VV-VITA-414,71,git
2026-06-24,VV-VITA-414,70,git
2026-06-25,VV-VITA-414,70,git
2026-06-26,VV-VITA-414,70,git
2026-06-27,VV-VITA-414,0,git
2026-06-28,VV-VITA-414,0,git
2026-06-29,VV-VITA-414,576,git
2026-06-30,VV-VITA-414,575,git
2026-07-01,VV-VITA-414,575,git
2026-07-02,VV-VITA-414,575,git
2026-07-03,VV-VITA-414,575,git
2026-07-04,VV-VITA-414,575,git
2026-07-05,VV-VITA-414,575,git
2026-07-06,VV-VITA-414,575,git
2026-07-07,VV-VITA-414,575,git
2026-07-08,VV-VITA-414,575,git
2026-07-09,VV-VITA-414,575,git
2026-07-10,VV-VITA-414,575,git
2026-07-11,VV-VITA-414,575,git
2026-07-12,VV-VITA-414,575,git
2026-07-13,VV-VITA-414,575,git
2026-07-14,VV-VITA-414,575,git
2026-07-15,VV-VITA-414,574,git
2026-07-16,VV-VITA-414,574,matrixify
2026-06-04,VV-VITA-415,0,git
2026-06-05,VV-VITA-415,0,git
2026-06-06,VV-VITA-415,0,git
2026-06-07,VV-VITA-415,0,git
2026-06-08,VV-VITA-415,0,git
2026-06-09,VV-VITA-415,0,git
2026-06-10,VV-VITA-415,0,git
2026-06-11,VV-VITA-415,0,git
2026-06-12,VV-VITA-415,1530,git
2026-06-13,VV-VITA-415,1526,git
2026-06-14,VV-VITA-415,263,git
2026-06-15,VV-VITA-415,263,git
2026-06-16,VV-VITA-415,263,git
2026-06-17,VV-VITA-415,263,git
2026-06-18,VV-VITA-415,263,git
2026-06-19,VV-VITA-415,263,git
2026-06-20,VV-VITA-415,263,git
2026-06-21,VV-VITA-415,261,git
2026-06-22,VV-VITA-415,261,git
2026-06-23,VV-VITA-415,261,git
2026-06-24,VV-VITA-415,261,git
2026-06-25,VV-VITA-415,261,git
2026-06-26,VV-VITA-415,260,git
2026-06-27,VV-VITA-415,0,git
2026-06-28,VV-VITA-415,0,git
2026-06-29,VV-VITA-415,360,git
2026-06-30,VV-VITA-415,360,git
2026-07-01,VV-VITA-415,360,git
2026-07-02,VV-VITA-415,360,git
2026-07-03,VV-VITA-415,359,git
2026-07-04,VV-VITA-415,359,git
2026-07-05,VV-VITA-415,359,git
2026-07-06,VV-VITA-415,359,git
2026-07-07,VV-VITA-415,359,git
2026-07-08,VV-VITA-415,358,git
2026-07-09,VV-VITA-415,358,git
2026-07-10,VV-VITA-415,357,git
2026-07-11,VV-VITA-415,356,git
2026-07-12,VV-VITA-415,356,git
2026-07-13,VV-VITA-415,355,git
2026-07-14,VV-VITA-415,355,git
2026-07-15,VV-VITA-415,355,git
2026-07-16,VV-VITA-415,355,matrixify
2026-06-04,VV-VITA-417,990,git
2026-06-05,VV-VITA-417,980,git
2026-06-06,VV-VITA-417,980,git
2026-06-07,VV-VITA-417,740,git
2026-06-08,VV-VITA-417,739,git
2026-06-09,VV-VITA-417,737,git
2026-06-10,VV-VITA-417,730,git
2026-06-11,VV-VITA-417,716,git
2026-06-12,VV-VITA-417,712,git
2026-06-13,VV-VITA-417,4670,git
2026-06-14,VV-VITA-417,4661,git
2026-06-15,VV-VITA-417,4655,git
2026-06-16,VV-VITA-417,4647,git
2026-06-17,VV-VITA-417,4642,git
2026-06-18,VV-VITA-417,4619,git
2026-06-19,VV-VITA-417,4615,git
2026-06-20,VV-VITA-417,4611,git
2026-06-21,VV-VITA-417,4408,git
2026-06-22,VV-VITA-417,3915,git
2026-06-23,VV-VITA-417,3900,git
2026-06-24,VV-VITA-417,3272,git
2026-06-25,VV-VITA-417,3264,git
2026-06-26,VV-VITA-417,3261,git
2026-06-27,VV-VITA-417,0,git
2026-06-28,VV-VITA-417,0,git
2026-06-29,VV-VITA-417,0,git
2026-06-30,VV-VITA-417,45,git
2026-07-01,VV-VITA-417,47,git
2026-07-02,VV-VITA-417,41,git
2026-07-03,VV-VITA-417,40,git
2026-07-04,VV-VITA-417,41,git
2026-07-05,VV-VITA-417,41,git
2026-07-06,VV-VITA-417,614,git
2026-07-07,VV-VITA-417,611,git
2026-07-08,VV-VITA-417,607,git
2026-07-09,VV-VITA-417,609,git
2026-07-10,VV-VITA-417,604,git
2026-07-11,VV-VITA-417,599,git
2026-07-12,VV-VITA-417,596,git
2026-07-13,VV-VITA-417,594,git
2026-07-14,VV-VITA-417,585,git
2026-07-15,VV-VITA-417,591,git
2026-07-16,VV-VITA-417,591,matrixify
2026-07-14,VV-VITA-418,0,git
2026-07-15,VV-VITA-418,0,git
2026-07-16,VV-VITA-418,0,matrixify
2026-07-14,VV-VITA-420,0,git
2026-07-15,VV-VITA-420,0,git
2026-07-16,VV-VITA-420,0,matrixify
2026-07-14,VV-VITA-421,0,git
2026-07-15,VV-VITA-421,0,git
2026-07-16,VV-VITA-421,0,matrixify
2026-07-14,VV-VITA-422,0,git
2026-07-15,VV-VITA-422,0,git
2026-07-16,VV-VITA-422,0,matrixify
2026-07-14,VV-VITA-423,0,git
2026-07-15,VV-VITA-423,0,git
2026-07-16,VV-VITA-423,0,matrixify
2026-07-14,VV-VITA-424,0,git
2026-07-15,VV-VITA-424,0,git
2026-07-16,VV-VITA-424,0,matrixify
2026-07-14,VV-VITA-425,0,git
2026-07-15,VV-VITA-425,0,git
2026-07-16,VV-VITA-425,0,matrixify
2026-07-14,VV-VITA-426,0,git
2026-07-15,VV-VITA-426,0,git
2026-07-16,VV-VITA-426,0,matrixify
2026-06-04,VV-VITA-46,0,git
2026-06-05,VV-VITA-46,0,git
2026-06-06,VV-VITA-46,0,git
2026-06-07,VV-VITA-46,0,git
2026-06-08,VV-VITA-46,0,git
2026-06-09,VV-VITA-46,0,git
2026-06-10,VV-VITA-46,0,git
2026-06-11,VV-VITA-46,0,git
2026-06-12,VV-VITA-46,0,git
2026-06-13,VV-VITA-46,0,git
2026-06-14,VV-VITA-46,0,git
2026-06-15,VV-VITA-46,0,git
2026-06-16,VV-VITA-46,0,git
2026-06-17,VV-VITA-46,0,git
2026-06-18,VV-VITA-46,3196,git
2026-06-19,VV-VITA-46,3185,git
2026-06-20,VV-VITA-46,3183,git
2026-06-21,VV-VITA-46,3183,git
2026-06-22,VV-VITA-46,3183,git
2026-06-23,VV-VITA-46,3173,git
2026-06-24,VV-VITA-46,28,git
2026-06-25,VV-VITA-46,22,git
2026-06-26,VV-VITA-46,10,git
2026-06-27,VV-VITA-46,-5,git
2026-06-28,VV-VITA-46,-5,git
2026-06-29,VV-VITA-46,-5,git
2026-06-30,VV-VITA-46,0,git
2026-07-01,VV-VITA-46,0,git
2026-07-02,VV-VITA-46,0,git
2026-07-03,VV-VITA-46,0,git
2026-07-04,VV-VITA-46,0,git
2026-07-05,VV-VITA-46,0,git
2026-07-06,VV-VITA-46,3145,git
2026-07-07,VV-VITA-46,3139,git
2026-07-08,VV-VITA-46,3121,git
2026-07-09,VV-VITA-46,3116,git
2026-07-10,VV-VITA-46,3115,git
2026-07-11,VV-VITA-46,3115,git
2026-07-12,VV-VITA-46,3114,git
2026-07-13,VV-VITA-46,3112,git
2026-07-14,VV-VITA-46,3108,git
2026-07-15,VV-VITA-46,3103,git
2026-07-16,VV-VITA-46,3103,matrixify
2026-06-04,VV-VITA-49,439,git
2026-06-05,VV-VITA-49,138,git
2026-06-06,VV-VITA-49,137,git
2026-06-07,VV-VITA-49,134,git
2026-06-08,VV-VITA-49,130,git
2026-06-09,VV-VITA-49,125,git
2026-06-10,VV-VITA-49,123,git
2026-06-11,VV-VITA-49,123,git
2026-06-12,VV-VITA-49,121,git
2026-06-13,VV-VITA-49,118,git
2026-06-14,VV-VITA-49,114,git
2026-06-15,VV-VITA-49,108,git
2026-06-16,VV-VITA-49,162,git
2026-06-17,VV-VITA-49,159,git
2026-06-18,VV-VITA-49,156,git
2026-06-19,VV-VITA-49,149,git
2026-06-20,VV-VITA-49,148,git
2026-06-21,VV-VITA-49,85,git
2026-06-22,VV-VITA-49,82,git
2026-06-23,VV-VITA-49,78,git
2026-06-24,VV-VITA-49,74,git
2026-06-25,VV-VITA-49,74,git
2026-06-26,VV-VITA-49,74,git
2026-06-27,VV-VITA-49,26,git
2026-06-28,VV-VITA-49,22,git
2026-06-29,VV-VITA-49,19,git
2026-06-30,VV-VITA-49,18,git
2026-07-01,VV-VITA-49,17,git
2026-07-02,VV-VITA-49,15,git
2026-07-03,VV-VITA-49,13,git
2026-07-04,VV-VITA-49,11,git
2026-07-05,VV-VITA-49,10,git
2026-07-06,VV-VITA-49,3,git
2026-07-07,VV-VITA-49,0,git
2026-07-08,VV-VITA-49,0,git
2026-07-09,VV-VITA-49,0,git
2026-07-10,VV-VITA-49,-1,git
2026-07-11,VV-VITA-49,-1,git
2026-07-12,VV-VITA-49,-1,git
2026-07-13,VV-VITA-49,-1,git
2026-07-14,VV-VITA-49,-1,git
2026-07-15,VV-VITA-49,0,git
2026-07-16,VV-VITA-49,-2,matrixify
2026-06-04,VV-VITA-50,-10,git
2026-06-05,VV-VITA-50,-10,git
2026-06-06,VV-VITA-50,-10,git
2026-06-07,VV-VITA-50,-10,git
2026-06-08,VV-VITA-50,-10,git
2026-06-09,VV-VITA-50,-10,git
2026-06-10,VV-VITA-50,-10,git
2026-06-11,VV-VITA-50,-10,git
2026-06-12,VV-VITA-50,-10,git
2026-06-13,VV-VITA-50,-10,git
2026-06-14,VV-VITA-50,-10,git
2026-06-15,VV-VITA-50,-10,git
2026-06-16,VV-VITA-50,-10,git
2026-06-17,VV-VITA-50,-10,git
2026-06-18,VV-VITA-50,-10,git
2026-06-19,VV-VITA-50,-10,git
2026-06-20,VV-VITA-50,948,git
2026-06-21,VV-VITA-50,946,git
2026-06-22,VV-VITA-50,396,git
2026-06-23,VV-VITA-50,387,git
2026-06-24,VV-VITA-50,26,git
2026-06-25,VV-VITA-50,26,git
2026-06-26,VV-VITA-50,21,git
2026-06-27,VV-VITA-50,-14,git
2026-06-28,VV-VITA-50,-14,git
2026-06-29,VV-VITA-50,-14,git
2026-06-30,VV-VITA-50,-10,git
2026-07-01,VV-VITA-50,-10,git
2026-07-02,VV-VITA-50,-10,git
2026-07-03,VV-VITA-50,-10,git
2026-07-04,VV-VITA-50,-10,git
2026-07-05,VV-VITA-50,-10,git
2026-07-06,VV-VITA-50,349,git
2026-07-07,VV-VITA-50,349,git
2026-07-08,VV-VITA-50,346,git
2026-07-09,VV-VITA-50,344,git
2026-07-10,VV-VITA-50,339,git
2026-07-11,VV-VITA-50,338,git
2026-07-12,VV-VITA-50,336,git
2026-07-13,VV-VITA-50,332,git
2026-07-14,VV-VITA-50,330,git
2026-07-15,VV-VITA-50,329,git
2026-07-16,VV-VITA-50,326,matrixify
2026-06-04,VV-VITA-57-V,289,git
2026-06-05,VV-VITA-57-V,287,git
2026-06-06,VV-VITA-57-V,287,git
2026-06-07,VV-VITA-57-V,143,git
2026-06-08,VV-VITA-57-V,142,git
2026-06-09,VV-VITA-57-V,140,git
2026-06-10,VV-VITA-57-V,139,git
2026-06-11,VV-VITA-57-V,138,git
2026-06-12,VV-VITA-57-V,138,git
2026-06-13,VV-VITA-57-V,137,git
2026-06-14,VV-VITA-57-V,137,git
2026-06-15,VV-VITA-57-V,135,git
2026-06-16,VV-VITA-57-V,711,git
2026-06-17,VV-VITA-57-V,706,git
2026-06-18,VV-VITA-57-V,706,git
2026-06-19,VV-VITA-57-V,704,git
2026-06-20,VV-VITA-57-V,704,git
2026-06-21,VV-VITA-57-V,703,git
2026-06-22,VV-VITA-57-V,558,git
2026-06-23,VV-VITA-57-V,558,git
2026-06-24,VV-VITA-57-V,558,git
2026-06-25,VV-VITA-57-V,558,git
2026-06-26,VV-VITA-57-V,557,git
2026-06-27,VV-VITA-57-V,556,git
2026-06-28,VV-VITA-57-V,555,git
2026-06-29,VV-VITA-57-V,555,git
2026-06-30,VV-VITA-57-V,554,git
2026-07-01,VV-VITA-57-V,554,git
2026-07-02,VV-VITA-57-V,554,git
2026-07-03,VV-VITA-57-V,554,git
2026-07-04,VV-VITA-57-V,554,git
2026-07-05,VV-VITA-57-V,554,git
2026-07-06,VV-VITA-57-V,552,git
2026-07-07,VV-VITA-57-V,551,git
2026-07-08,VV-VITA-57-V,551,git
2026-07-09,VV-VITA-57-V,551,git
2026-07-10,VV-VITA-57-V,548,git
2026-07-11,VV-VITA-57-V,548,git
2026-07-12,VV-VITA-57-V,546,git
2026-07-13,VV-VITA-57-V,546,git
2026-07-14,VV-VITA-57-V,546,git
2026-07-15,VV-VITA-57-V,543,git
2026-07-16,VV-VITA-57-V,541,matrixify
2026-06-04,VV-VITA-57-V2,384,git
2026-06-05,VV-VITA-57-V2,383,git
2026-06-06,VV-VITA-57-V2,383,git
2026-06-07,VV-VITA-57-V2,383,git
2026-06-08,VV-VITA-57-V2,383,git
2026-06-09,VV-VITA-57-V2,382,git
2026-06-10,VV-VITA-57-V2,381,git
2026-06-11,VV-VITA-57-V2,381,git
2026-06-12,VV-VITA-57-V2,381,git
2026-06-13,VV-VITA-57-V2,380,git
2026-06-14,VV-VITA-57-V2,380,git
2026-06-15,VV-VITA-57-V2,379,git
2026-06-16,VV-VITA-57-V2,549,git
2026-06-17,VV-VITA-57-V2,548,git
2026-06-18,VV-VITA-57-V2,548,git
2026-06-19,VV-VITA-57-V2,548,git
2026-06-20,VV-VITA-57-V2,547,git
2026-06-21,VV-VITA-57-V2,545,git
2026-06-22,VV-VITA-57-V2,542,git
2026-06-23,VV-VITA-57-V2,541,git
2026-06-24,VV-VITA-57-V2,540,git
2026-06-25,VV-VITA-57-V2,540,git
2026-06-26,VV-VITA-57-V2,540,git
2026-06-27,VV-VITA-57-V2,154,git
2026-06-28,VV-VITA-57-V2,152,git
2026-06-29,VV-VITA-57-V2,152,git
2026-06-30,VV-VITA-57-V2,152,git
2026-07-01,VV-VITA-57-V2,152,git
2026-07-02,VV-VITA-57-V2,149,git
2026-07-03,VV-VITA-57-V2,149,git
2026-07-04,VV-VITA-57-V2,147,git
2026-07-05,VV-VITA-57-V2,147,git
2026-07-06,VV-VITA-57-V2,147,git
2026-07-07,VV-VITA-57-V2,147,git
2026-07-08,VV-VITA-57-V2,147,git
2026-07-09,VV-VITA-57-V2,147,git
2026-07-10,VV-VITA-57-V2,147,git
2026-07-11,VV-VITA-57-V2,146,git
2026-07-12,VV-VITA-57-V2,146,git
2026-07-13,VV-VITA-57-V2,145,git
2026-07-14,VV-VITA-57-V2,145,git
2026-07-15,VV-VITA-57-V2,143,git
2026-07-16,VV-VITA-57-V2,141,matrixify
2026-06-04,VV-VITA-63,446,git
2026-06-05,VV-VITA-63,444,git
2026-06-06,VV-VITA-63,444,git
2026-06-07,VV-VITA-63,348,git
2026-06-08,VV-VITA-63,348,git
2026-06-09,VV-VITA-63,348,git
2026-06-10,VV-VITA-63,348,git
2026-06-11,VV-VITA-63,343,git
2026-06-12,VV-VITA-63,343,git
2026-06-13,VV-VITA-63,342,git
2026-06-14,VV-VITA-63,342,git
2026-06-15,VV-VITA-63,340,git
2026-06-16,VV-VITA-63,696,git
2026-06-17,VV-VITA-63,696,git
2026-06-18,VV-VITA-63,696,git
2026-06-19,VV-VITA-63,695,git
2026-06-20,VV-VITA-63,695,git
2026-06-21,VV-VITA-63,694,git
2026-06-22,VV-VITA-63,575,git
2026-06-23,VV-VITA-63,575,git
2026-06-24,VV-VITA-63,575,git
2026-06-25,VV-VITA-63,574,git
2026-06-26,VV-VITA-63,574,git
2026-06-27,VV-VITA-63,342,git
2026-06-28,VV-VITA-63,342,git
2026-06-29,VV-VITA-63,341,git
2026-06-30,VV-VITA-63,340,git
2026-07-01,VV-VITA-63,341,git
2026-07-02,VV-VITA-63,341,git
2026-07-03,VV-VITA-63,341,git
2026-07-04,VV-VITA-63,341,git
2026-07-05,VV-VITA-63,340,git
2026-07-06,VV-VITA-63,339,git
2026-07-07,VV-VITA-63,337,git
2026-07-08,VV-VITA-63,337,git
2026-07-09,VV-VITA-63,336,git
2026-07-10,VV-VITA-63,336,git
2026-07-11,VV-VITA-63,335,git
2026-07-12,VV-VITA-63,335,git
2026-07-13,VV-VITA-63,330,git
2026-07-14,VV-VITA-63,330,git
2026-07-15,VV-VITA-63,330,git
2026-07-16,VV-VITA-63,328,matrixify
2026-06-04,VV-VITA-86,-10,git
2026-06-05,VV-VITA-86,-10,git
2026-06-06,VV-VITA-86,-10,git
2026-06-07,VV-VITA-86,-10,git
2026-06-08,VV-VITA-86,-10,git
2026-06-09,VV-VITA-86,-10,git
2026-06-10,VV-VITA-86,-10,git
2026-06-11,VV-VITA-86,-10,git
2026-06-12,VV-VITA-86,-10,git
2026-06-13,VV-VITA-86,-10,git
2026-06-14,VV-VITA-86,-10,git
2026-06-15,VV-VITA-86,-10,git
2026-06-16,VV-VITA-86,-10,git
2026-06-17,VV-VITA-86,-10,git
2026-06-18,VV-VITA-86,-10,git
2026-06-19,VV-VITA-86,-10,git
2026-06-20,VV-VITA-86,-10,git
2026-06-21,VV-VITA-86,-10,git
2026-06-22,VV-VITA-86,-10,git
2026-06-23,VV-VITA-86,-10,git
2026-06-24,VV-VITA-86,-10,git
2026-06-25,VV-VITA-86,-10,git
2026-06-26,VV-VITA-86,-10,git
2026-06-27,VV-VITA-86,-10,git
2026-06-28,VV-VITA-86,-10,git
2026-06-29,VV-VITA-86,-10,git
2026-06-30,VV-VITA-86,-10,git
2026-07-01,VV-VITA-86,-10,git
2026-07-02,VV-VITA-86,-10,git
2026-07-03,VV-VITA-86,-10,git
2026-07-04,VV-VITA-86,-10,git
2026-07-05,VV-VITA-86,-10,git
2026-07-06,VV-VITA-86,-10,git
2026-07-07,VV-VITA-86,-10,git
2026-07-08,VV-VITA-86,-10,git
2026-07-09,VV-VITA-86,-10,git
2026-07-10,VV-VITA-86,-10,git
2026-07-11,VV-VITA-86,-10,git
2026-07-12,VV-VITA-86,-10,git
2026-07-13,VV-VITA-86,-10,git
2026-07-14,VV-VITA-86,-10,git
2026-07-15,VV-VITA-86,-10,git
2026-07-16,VV-VITA-86,-12,matrixify
2026-06-04,VV-VITA-88,1083,git
2026-06-05,VV-VITA-88,1079,git
2026-06-06,VV-VITA-88,1079,git
2026-06-07,VV-VITA-88,989,git
2026-06-08,VV-VITA-88,989,git
2026-06-09,VV-VITA-88,989,git
2026-06-10,VV-VITA-88,984,git
2026-06-11,VV-VITA-88,984,git
2026-06-12,VV-VITA-88,978,git
2026-06-13,VV-VITA-88,975,git
2026-06-14,VV-VITA-88,974,git
2026-06-15,VV-VITA-88,974,git
2026-06-16,VV-VITA-88,1154,git
2026-06-17,VV-VITA-88,1153,git
2026-06-18,VV-VITA-88,1153,git
2026-06-19,VV-VITA-88,1153,git
2026-06-20,VV-VITA-88,1153,git
2026-06-21,VV-VITA-88,1151,git
2026-06-22,VV-VITA-88,791,git
2026-06-23,VV-VITA-88,788,git
2026-06-24,VV-VITA-88,787,git
2026-06-25,VV-VITA-88,781,git
2026-06-26,VV-VITA-88,777,git
2026-06-27,VV-VITA-88,150,git
2026-06-28,VV-VITA-88,150,git
2026-06-29,VV-VITA-88,150,git
2026-06-30,VV-VITA-88,153,git
2026-07-01,VV-VITA-88,153,git
2026-07-02,VV-VITA-88,149,git
2026-07-03,VV-VITA-88,149,git
2026-07-04,VV-VITA-88,149,git
2026-07-05,VV-VITA-88,149,git
2026-07-06,VV-VITA-88,148,git
2026-07-07,VV-VITA-88,148,git
2026-07-08,VV-VITA-88,146,git
2026-07-09,VV-VITA-88,145,git
2026-07-10,VV-VITA-88,143,git
2026-07-11,VV-VITA-88,142,git
2026-07-12,VV-VITA-88,142,git
2026-07-13,VV-VITA-88,136,git
2026-07-14,VV-VITA-88,136,git
2026-07-15,VV-VITA-88,136,git
2026-07-16,VV-VITA-88,136,matrixify
2026-06-04,VV-VITA-90,600,git
2026-06-05,VV-VITA-90,593,git
2026-06-06,VV-VITA-90,588,git
2026-06-07,VV-VITA-90,292,git
2026-06-08,VV-VITA-90,288,git
2026-06-09,VV-VITA-90,282,git
2026-06-10,VV-VITA-90,276,git
2026-06-11,VV-VITA-90,269,git
2026-06-12,VV-VITA-90,260,git
2026-06-13,VV-VITA-90,249,git
2026-06-14,VV-VITA-90,239,git
2026-06-15,VV-VITA-90,223,git
2026-06-16,VV-VITA-90,3664,git
2026-06-17,VV-VITA-90,3655,git
2026-06-18,VV-VITA-90,3645,git
2026-06-19,VV-VITA-90,3629,git
2026-06-20,VV-VITA-90,3623,git
2026-06-21,VV-VITA-90,3613,git
2026-06-22,VV-VITA-90,3454,git
2026-06-23,VV-VITA-90,3442,git
2026-06-24,VV-VITA-90,2137,git
2026-06-25,VV-VITA-90,2131,git
2026-06-26,VV-VITA-90,2123,git
2026-06-27,VV-VITA-90,2073,git
2026-06-28,VV-VITA-90,2073,git
2026-06-29,VV-VITA-90,2071,git
2026-06-30,VV-VITA-90,2070,git
2026-07-01,VV-VITA-90,2071,git
2026-07-02,VV-VITA-90,2070,git
2026-07-03,VV-VITA-90,2068,git
2026-07-04,VV-VITA-90,2068,git
2026-07-05,VV-VITA-90,2067,git
2026-07-06,VV-VITA-90,2065,git
2026-07-07,VV-VITA-90,2065,git
2026-07-08,VV-VITA-90,2065,git
2026-07-09,VV-VITA-90,2065,git
2026-07-10,VV-VITA-90,2064,git
2026-07-11,VV-VITA-90,2064,git
2026-07-12,VV-VITA-90,2064,git
2026-07-13,VV-VITA-90,2064,git
2026-07-14,VV-VITA-90,2061,git
2026-07-15,VV-VITA-90,2062,git
2026-07-16,VV-VITA-90,2062,matrixify
2026-06-04,VV-VITA-93,251,git
2026-06-05,VV-VITA-93,250,git
2026-06-06,VV-VITA-93,246,git
2026-06-07,VV-VITA-93,99,git
2026-06-08,VV-VITA-93,99,git
2026-06-09,VV-VITA-93,99,git
2026-06-10,VV-VITA-93,88,git
2026-06-11,VV-VITA-93,87,git
2026-06-12,VV-VITA-93,87,git
2026-06-13,VV-VITA-93,87,git
2026-06-14,VV-VITA-93,87,git
2026-06-15,VV-VITA-93,86,git
2026-06-16,VV-VITA-93,230,git
2026-06-17,VV-VITA-93,230,git
2026-06-18,VV-VITA-93,226,git
2026-06-19,VV-VITA-93,221,git
2026-06-20,VV-VITA-93,221,git
2026-06-21,VV-VITA-93,220,git
2026-06-22,VV-VITA-93,215,git
2026-06-23,VV-VITA-93,214,git
2026-06-24,VV-VITA-93,214,git
2026-06-25,VV-VITA-93,214,git
2026-06-26,VV-VITA-93,207,git
2026-06-27,VV-VITA-93,114,git
2026-06-28,VV-VITA-93,113,git
2026-06-29,VV-VITA-93,112,git
2026-06-30,VV-VITA-93,112,git
2026-07-01,VV-VITA-93,111,git
2026-07-02,VV-VITA-93,111,git
2026-07-03,VV-VITA-93,111,git
2026-07-04,VV-VITA-93,111,git
2026-07-05,VV-VITA-93,111,git
2026-07-06,VV-VITA-93,107,git
2026-07-07,VV-VITA-93,107,git
2026-07-08,VV-VITA-93,107,git
2026-07-09,VV-VITA-93,107,git
2026-07-10,VV-VITA-93,107,git
2026-07-11,VV-VITA-93,107,git
2026-07-12,VV-VITA-93,107,git
2026-07-13,VV-VITA-93,107,git
2026-07-14,VV-VITA-93,107,git
2026-07-15,VV-VITA-93,104,git
2026-07-16,VV-VITA-93,103,matrixify
2026-06-04,VV-VITA-94,141,git
2026-06-05,VV-VITA-94,130,git
2026-06-06,VV-VITA-94,130,git
2026-06-07,VV-VITA-94,128,git
2026-06-08,VV-VITA-94,124,git
2026-06-09,VV-VITA-94,118,git
2026-06-10,VV-VITA-94,115,git
2026-06-11,VV-VITA-94,115,git
2026-06-12,VV-VITA-94,112,git
2026-06-13,VV-VITA-94,111,git
2026-06-14,VV-VITA-94,111,git
2026-06-15,VV-VITA-94,109,git
2026-06-16,VV-VITA-94,104,git
2026-06-17,VV-VITA-94,102,git
2026-06-18,VV-VITA-94,1010,git
2026-06-19,VV-VITA-94,1002,git
2026-06-20,VV-VITA-94,1002,git
2026-06-21,VV-VITA-94,1001,git
2026-06-22,VV-VITA-94,1001,git
2026-06-23,VV-VITA-94,1001,git
2026-06-24,VV-VITA-94,565,git
2026-06-25,VV-VITA-94,562,git
2026-06-26,VV-VITA-94,562,git
2026-06-27,VV-VITA-94,-10,git
2026-06-28,VV-VITA-94,-10,git
2026-06-29,VV-VITA-94,-10,git
2026-06-30,VV-VITA-94,-10,git
2026-07-01,VV-VITA-94,-10,git
2026-07-02,VV-VITA-94,-10,git
2026-07-03,VV-VITA-94,-10,git
2026-07-04,VV-VITA-94,-10,git
2026-07-05,VV-VITA-94,-10,git
2026-07-06,VV-VITA-94,420,git
2026-07-07,VV-VITA-94,420,git
2026-07-08,VV-VITA-94,417,git
2026-07-09,VV-VITA-94,414,git
2026-07-10,VV-VITA-94,411,git
2026-07-11,VV-VITA-94,411,git
2026-07-12,VV-VITA-94,408,git
2026-07-13,VV-VITA-94,408,git
2026-07-14,VV-VITA-94,406,git
2026-07-15,VV-VITA-94,403,git
2026-07-16,VV-VITA-94,401,matrixify
2026-06-04,VV-VITA-99,0,git
2026-06-05,VV-VITA-99,0,git
2026-06-06,VV-VITA-99,0,git
2026-06-07,VV-VITA-99,0,git
2026-06-08,VV-VITA-99,0,git
2026-06-09,VV-VITA-99,0,git
2026-06-10,VV-VITA-99,0,git
2026-06-11,VV-VITA-99,0,git
2026-06-12,VV-VITA-99,0,git
2026-06-13,VV-VITA-99,0,git
2026-06-14,VV-VITA-99,0,git
2026-06-15,VV-VITA-99,0,git
2026-06-16,VV-VITA-99,0,git
2026-06-17,VV-VITA-99,0,git
2026-06-18,VV-VITA-99,0,git
2026-06-19,VV-VITA-99,0,git
2026-06-20,VV-VITA-99,0,git
2026-06-21,VV-VITA-99,0,git
2026-06-22,VV-VITA-99,0,git
2026-06-23,VV-VITA-99,0,git
2026-06-24,VV-VITA-99,0,git
2026-06-25,VV-VITA-99,0,git
2026-06-26,VV-VITA-99,0,git
2026-06-27,VV-VITA-99,0,git
2026-06-28,VV-VITA-99,0,git
2026-06-29,VV-VITA-99,0,git
2026-06-30,VV-VITA-99,0,git
2026-07-01,VV-VITA-99,0,git
2026-07-02,VV-VITA-99,0,git
2026-07-03,VV-VITA-99,0,git
2026-07-04,VV-VITA-99,0,git
2026-07-05,VV-VITA-99,0,git
2026-07-06,VV-VITA-99,0,git
2026-07-07,VV-VITA-99,0,git
2026-07-08,VV-VITA-99,0,git
2026-07-09,VV-VITA-99,0,git
2026-07-10,VV-VITA-99,0,git
2026-07-11,VV-VITA-99,0,git
2026-07-12,VV-VITA-99,0,git
2026-07-13,VV-VITA-99,0,git
2026-07-14,VV-VITA-99,0,git
2026-07-15,VV-VITA-99,0,git
2026-07-16,VV-VITA-99,0,matrixify
2026-06-04,Vegan_Basics_Set_3,25,git
2026-06-05,Vegan_Basics_Set_3,23,git
2026-06-06,Vegan_Basics_Set_3,21,git
2026-06-07,Vegan_Basics_Set_3,16,git
2026-06-08,Vegan_Basics_Set_3,11,git
2026-06-09,Vegan_Basics_Set_3,9,git
2026-06-10,Vegan_Basics_Set_3,4,git
2026-06-11,Vegan_Basics_Set_3,0,git
2026-06-12,Vegan_Basics_Set_3,0,git
2026-06-13,Vegan_Basics_Set_3,0,git
2026-06-14,Vegan_Basics_Set_3,0,git
2026-06-15,Vegan_Basics_Set_3,0,git
2026-06-16,Vegan_Basics_Set_3,0,git
2026-06-17,Vegan_Basics_Set_3,0,git
2026-06-18,Vegan_Basics_Set_3,0,git
2026-06-19,Vegan_Basics_Set_3,0,git
2026-06-20,Vegan_Basics_Set_3,0,git
2026-06-21,Vegan_Basics_Set_3,0,git
2026-06-22,Vegan_Basics_Set_3,0,git
2026-06-23,Vegan_Basics_Set_3,0,git
2026-06-24,Vegan_Basics_Set_3,0,git
2026-06-25,Vegan_Basics_Set_3,0,git
2026-06-26,Vegan_Basics_Set_3,0,git
2026-06-27,Vegan_Basics_Set_3,-9,git
2026-06-28,Vegan_Basics_Set_3,-9,git
2026-06-29,Vegan_Basics_Set_3,-5,git
2026-06-30,Vegan_Basics_Set_3,-5,git
2026-07-01,Vegan_Basics_Set_3,-5,git
2026-07-02,Vegan_Basics_Set_3,-5,git
2026-07-03,Vegan_Basics_Set_3,-5,git
2026-07-04,Vegan_Basics_Set_3,-5,git
2026-07-05,Vegan_Basics_Set_3,-5,git
2026-07-06,Vegan_Basics_Set_3,-5,git
2026-07-07,Vegan_Basics_Set_3,-5,git
2026-07-08,Vegan_Basics_Set_3,-5,git
2026-07-09,Vegan_Basics_Set_3,-5,git
2026-07-10,Vegan_Basics_Set_3,-5,git
2026-07-11,Vegan_Basics_Set_3,-5,git
2026-07-12,Vegan_Basics_Set_3,-5,git
2026-07-13,Vegan_Basics_Set_3,-5,git
2026-07-14,Vegan_Basics_Set_3,-5,git
2026-07-15,Vegan_Basics_Set_3,-5,git
2026-07-16,Vegan_Basics_Set_3,-5,matrixify
2026-06-04,Vitality_Set_3,0,git
2026-06-05,Vitality_Set_3,0,git
2026-06-06,Vitality_Set_3,0,git
2026-06-07,Vitality_Set_3,0,git
2026-06-08,Vitality_Set_3,0,git
2026-06-09,Vitality_Set_3,0,git
2026-06-10,Vitality_Set_3,0,git
2026-06-11,Vitality_Set_3,0,git
2026-06-12,Vitality_Set_3,0,git
2026-06-13,Vitality_Set_3,0,git
2026-06-14,Vitality_Set_3,0,git
2026-06-15,Vitality_Set_3,0,git
2026-06-16,Vitality_Set_3,0,git
2026-06-17,Vitality_Set_3,0,git
2026-06-18,Vitality_Set_3,0,git
2026-06-19,Vitality_Set_3,164,git
2026-06-20,Vitality_Set_3,162,git
2026-06-21,Vitality_Set_3,146,git
2026-06-22,Vitality_Set_3,128,git
2026-06-23,Vitality_Set_3,119,git
2026-06-24,Vitality_Set_3,40,git
2026-06-25,Vitality_Set_3,39,git
2026-06-26,Vitality_Set_3,32,git
2026-06-27,Vitality_Set_3,-9,git
2026-06-28,Vitality_Set_3,-9,git
2026-06-29,Vitality_Set_3,0,git
2026-06-30,Vitality_Set_3,0,git
2026-07-01,Vitality_Set_3,0,git
2026-07-02,Vitality_Set_3,0,git
2026-07-03,Vitality_Set_3,0,git
2026-07-04,Vitality_Set_3,0,git
2026-07-05,Vitality_Set_3,0,git
2026-07-06,Vitality_Set_3,403,git
2026-07-07,Vitality_Set_3,400,git
2026-07-08,Vitality_Set_3,387,git
2026-07-09,Vitality_Set_3,381,git
2026-07-10,Vitality_Set_3,373,git
2026-07-11,Vitality_Set_3,369,git
2026-07-12,Vitality_Set_3,366,git
2026-07-13,Vitality_Set_3,354,git
2026-07-14,Vitality_Set_3,347,git
2026-07-15,Vitality_Set_3,337,git
2026-07-16,Vitality_Set_3,323,matrixify
2026-06-04,chiarasku-0-V001,0,git
2026-06-05,chiarasku-0-V001,0,git
2026-06-06,chiarasku-0-V001,0,git
2026-06-07,chiarasku-0-V001,0,git
2026-06-08,chiarasku-0-V001,0,git
2026-06-09,chiarasku-0-V001,0,git
2026-06-10,chiarasku-0-V001,0,git
2026-06-11,chiarasku-0-V001,0,git
2026-06-12,chiarasku-0-V001,0,git
2026-06-13,chiarasku-0-V001,0,git
2026-06-14,chiarasku-0-V001,0,git
2026-06-15,chiarasku-0-V001,0,git
2026-06-16,chiarasku-0-V001,0,git
2026-06-17,chiarasku-0-V001,0,git
2026-06-18,chiarasku-0-V001,0,git
2026-06-04,chiaratest-0-V001,0,git
2026-06-05,chiaratest-0-V001,0,git
2026-06-06,chiaratest-0-V001,0,git
2026-06-07,chiaratest-0-V001,0,git
2026-06-08,chiaratest-0-V001,0,git
2026-06-09,chiaratest-0-V001,0,git
2026-06-10,chiaratest-0-V001,0,git
2026-06-11,chiaratest-0-V001,0,git
2026-06-12,chiaratest-0-V001,0,git
2026-06-13,chiaratest-0-V001,0,git
2026-06-14,chiaratest-0-V001,0,git
2026-06-15,chiaratest-0-V001,0,git
2026-06-16,chiaratest-0-V001,0,git
2026-06-17,chiaratest-0-V001,0,git
2026-06-18,chiaratest-0-V001,0,git
2026-06-04,femtastic_set,439,git
2026-06-05,femtastic_set,138,git
2026-06-06,femtastic_set,137,git
2026-06-07,femtastic_set,134,git
2026-06-08,femtastic_set,130,git
2026-06-09,femtastic_set,125,git
2026-06-10,femtastic_set,123,git
2026-06-11,femtastic_set,123,git
2026-06-12,femtastic_set,121,git
2026-06-13,femtastic_set,118,git
2026-06-14,femtastic_set,114,git
2026-06-15,femtastic_set,108,git
2026-06-16,femtastic_set,162,git
2026-06-17,femtastic_set,159,git
2026-06-18,femtastic_set,156,git
2026-06-19,femtastic_set,149,git
2026-06-20,femtastic_set,148,git
2026-06-21,femtastic_set,85,git
2026-06-22,femtastic_set,82,git
2026-06-23,femtastic_set,78,git
2026-06-24,femtastic_set,74,git
2026-06-25,femtastic_set,74,git
2026-06-26,femtastic_set,74,git
2026-06-27,femtastic_set,26,git
2026-06-28,femtastic_set,22,git
2026-06-29,femtastic_set,19,git
2026-06-30,femtastic_set,18,git
2026-07-01,femtastic_set,17,git
2026-07-02,femtastic_set,15,git
2026-07-03,femtastic_set,13,git
2026-07-04,femtastic_set,11,git
2026-07-05,femtastic_set,10,git
2026-07-06,femtastic_set,3,git
2026-07-07,femtastic_set,0,git
2026-07-08,femtastic_set,0,git
2026-07-09,femtastic_set,0,git
2026-07-10,femtastic_set,-1,git
2026-07-11,femtastic_set,-1,git
2026-07-12,femtastic_set,-1,git
2026-07-13,femtastic_set,-1,git
2026-07-14,femtastic_set,-1,git
2026-07-15,femtastic_set,0,git
2026-07-16,femtastic_set,-2,matrixify
2026-07-13,kind-T01-V001,0,git
2026-07-14,kind-T01-V001,0,git
2026-07-15,kind-T01-V001,0,git
2026-07-16,kind-T01-V001,0,matrixify
2026-06-04,shopifytestvarianta,0,git
2026-06-05,shopifytestvarianta,0,git
2026-06-06,shopifytestvarianta,0,git
2026-06-07,shopifytestvarianta,0,git
2026-06-08,shopifytestvarianta,0,git
2026-06-09,shopifytestvarianta,0,git
2026-06-10,shopifytestvarianta,0,git
2026-06-11,shopifytestvarianta,0,git
2026-06-12,shopifytestvarianta,0,git
2026-06-13,shopifytestvarianta,0,git
2026-06-14,shopifytestvarianta,0,git
2026-06-15,shopifytestvarianta,0,git
2026-06-16,shopifytestvarianta,0,git
2026-06-17,shopifytestvarianta,0,git
2026-06-18,shopifytestvarianta,0,git
2026-06-04,shopifytestvariantb,0,git
2026-06-05,shopifytestvariantb,0,git
2026-06-06,shopifytestvariantb,0,git
2026-06-07,shopifytestvariantb,0,git
2026-06-08,shopifytestvariantb,0,git
2026-06-09,shopifytestvariantb,0,git
2026-06-10,shopifytestvariantb,0,git
2026-06-11,shopifytestvariantb,0,git
2026-06-12,shopifytestvariantb,0,git
2026-06-13,shopifytestvariantb,0,git
2026-06-14,shopifytestvariantb,0,git
2026-06-15,shopifytestvariantb,0,git
2026-06-16,shopifytestvariantb,0,git
2026-06-17,shopifytestvariantb,0,git
2026-06-18,shopifytestvariantb,0,git
2026-06-04,xxxxx-variant-test,0,git
2026-06-05,xxxxx-variant-test,0,git
2026-06-06,xxxxx-variant-test,0,git
2026-06-07,xxxxx-variant-test,0,git
2026-06-08,xxxxx-variant-test,0,git
2026-06-09,xxxxx-variant-test,0,git
2026-06-10,xxxxx-variant-test,0,git
2026-06-11,xxxxx-variant-test,0,git
2026-06-12,xxxxx-variant-test,0,git
2026-06-13,xxxxx-variant-test,0,git
2026-06-14,xxxxx-variant-test,0,git
2026-06-15,xxxxx-variant-test,0,git
2026-06-16,xxxxx-variant-test,0,git
2026-06-17,xxxxx-variant-test,0,git
2026-06-18,xxxxx-variant-test,0,git
2026-06-19,xxxxx-variant-test,0,git
2026-06-20,xxxxx-variant-test,0,git
2026-06-21,xxxxx-variant-test,0,git
2026-06-22,xxxxx-variant-test,0,git
2026-06-23,xxxxx-variant-test,0,git
2026-06-24,xxxxx-variant-test,0,git
2026-06-25,xxxxx-variant-test,0,git
2026-06-26,xxxxx-variant-test,0,git
2026-06-27,xxxxx-variant-test,0,git
2026-06-28,xxxxx-variant-test,0,git
2026-06-29,xxxxx-variant-test,0,git
2026-06-30,xxxxx-variant-test,0,git
2026-07-01,xxxxx-variant-test,0,git
2026-07-02,xxxxx-variant-test,0,git
2026-07-03,xxxxx-variant-test,0,git
2026-07-04,xxxxx-variant-test,0,git
2026-07-05,xxxxx-variant-test,0,git
2026-07-06,xxxxx-variant-test,0,git
2026-07-07,xxxxx-variant-test,0,git
2026-07-08,xxxxx-variant-test,0,git
2026-07-09,xxxxx-variant-test,0,git
2026-07-10,xxxxx-variant-test,0,git
2026-07-11,xxxxx-variant-test,0,git
2026-07-12,xxxxx-variant-test,0,git
2026-07-13,xxxxx-variant-test,0,git
2026-07-14,xxxxx-variant-test,0,git
2026-07-15,xxxxx-variant-test,0,git
2026-07-16,xxxxx-variant-test,0,matrixify
